{
    "timestamp": 1.4000000208616257,
    "x": 122.29268646240234,
    "y": 59.495975494384766,
    "speed": 2.264677214577504,
    "theta": 1.5707212686538696,
    "near_node_x": 127.39024353027344,
    "near_node_y": 59.49549102783203,
    "near_command": 4,
    "far_node_x": 133.39024353027344,
    "far_node_y": 59.4947624206543,
    "far_command": 4,
    "angle_near": -0.0011423537073834067,
    "angle_far": -0.0019600225166940296,
    "steer": 1.9310957213747315e-05,
    "throttle": 0.75,
    "brake": 0.0,
    "is_red_light_present": 0,
    "vehicle_detected_flag": 1,
    "distanse": 15.071625709533691,
    "steer_sequence": [
        0.0,
        0.0,
        0.0,
        0.0,
        0.0,
        0.0,
        0.0,
        3.3261898352066055e-05,
        3.334718712721951e-05,
        3.338983151479624e-05,
        3.3432472264394164e-05,
        3.347515666973777e-05,
        3.3517771953484043e-05,
        3.356041634106077e-05,
        3.36030607286375e-05,
        3.625459794420749e-05,
        -0.0005998898413963616,
        -2.487828714947682e-05,
        -1.3215056242188439e-05,
        -2.5107023247983307e-05
    ],
    "throttle_sequence": [
        0.0,
        0.0,
        0.0,
        0.0,
        0.0,
        0.0,
        0.0,
        0.75,
        0.75,
        0.75,
        0.75,
        0.75,
        0.75,
        0.75,
        0.75,
        0.75,
        0.75,
        0.75,
        0.75,
        0.75
    ],
    "brake_sequence": [
        0.0,
        0.0,
        0.0,
        0.0,
        0.0,
        0.0,
        0.0,
        0.0,
        0.0,
        0.0,
        0.0,
        0.0,
        0.0,
        0.0,
        0.0,
        0.0,
        0.0,
        0.0,
        0.0,
        0.0
    ],
    "speed_sequence": [
        0.0,
        0.0,
        0.0,
        0.0,
        0.0,
        0.0,
        0.0,
        0.0,
        -3.612364253058331e-06,
        -1.643299015086086e-06,
        -4.856131567976263e-07,
        -1.00016279702686e-07,
        8.604430945524655e-08,
        8.123313222085926e-08,
        9.788227828266827e-08,
        0.9354021549224854,
        1.4767179489135742,
        1.5937424898147583,
        1.7897050380706787,
        2.0207371711730957
    ],
    "light_sequence": [
        0.0,
        0.0,
        0.0,
        0.0,
        0.0,
        0.0,
        0.0,
        0.0,
        0.0,
        0.0,
        0.0,
        0.0,
        0.0,
        0.0,
        0.0,
        0.0,
        0.0,
        0.0,
        0.0,
        0.0
    ],
    "is_collision_event": false
}