{
    "timestamp": 2.9000000432133675,
    "x": 128.24378967285156,
    "y": 59.49542999267578,
    "speed": 5.521573299586512,
    "theta": 1.570487380027771,
    "near_node_x": 135.39024353027344,
    "near_node_y": 59.4945182800293,
    "near_command": 4,
    "far_node_x": 141.39024353027344,
    "far_node_y": 59.4937858581543,
    "far_command": 4,
    "angle_near": 0.010390656521569517,
    "angle_far": 0.010534615854148829,
    "steer": 0.0011053932830691338,
    "throttle": 0.75,
    "brake": 0.0,
    "is_red_light_present": 0,
    "vehicle_detected_flag": 1,
    "distanse": 16.139284133911133,
    "steer_sequence": [
        3.625459794420749e-05,
        -0.0005998898413963616,
        -2.487828714947682e-05,
        -1.3215056242188439e-05,
        -2.5107023247983307e-05,
        1.9310957213747315e-05,
        0.00010829256643773988,
        -3.73199800378643e-05,
        -2.1154381101951003e-05,
        1.6488624169141985e-05,
        3.6088858905714005e-06,
        5.171347311261343e-06,
        1.4294397260528058e-05,
        -4.476020694710314e-05,
        2.7169278837391175e-05,
        -1.1057251867896412e-05,
        -3.2429150451207533e-05,
        1.3900700650992803e-05,
        -1.179875744128367e-05,
        -2.5729206754476763e-05
    ],
    "throttle_sequence": [
        0.75,
        0.75,
        0.75,
        0.75,
        0.75,
        0.75,
        0.75,
        0.75,
        0.75,
        0.75,
        0.75,
        0.75,
        0.75,
        0.75,
        0.75,
        0.75,
        0.75,
        0.75,
        0.75,
        0.75
    ],
    "brake_sequence": [
        0.0,
        0.0,
        0.0,
        0.0,
        0.0,
        0.0,
        0.0,
        0.0,
        0.0,
        0.0,
        0.0,
        0.0,
        0.0,
        0.0,
        0.0,
        0.0,
        0.0,
        0.0,
        0.0,
        0.0
    ],
    "speed_sequence": [
        0.9354021549224854,
        1.4767179489135742,
        1.5937424898147583,
        1.7897050380706787,
        2.0207371711730957,
        2.2646772861480713,
        2.5272531509399414,
        2.7708537578582764,
        2.988102674484253,
        3.2004544734954834,
        3.41572904586792,
        3.636169672012329,
        3.858330726623535,
        4.079385757446289,
        4.29827356338501,
        4.514585018157959,
        4.72817850112915,
        4.939020156860352,
        5.151249885559082,
        5.385373592376709
    ],
    "light_sequence": [
        0.0,
        0.0,
        0.0,
        0.0,
        0.0,
        0.0,
        0.0,
        0.0,
        0.0,
        0.0,
        0.0,
        0.0,
        0.0,
        0.0,
        0.0,
        0.0,
        0.0,
        0.0,
        0.0,
        0.0
    ],
    "is_collision_event": false
}