{
    "timestamp": 1.9000000283122063,
    "x": 123.73116302490234,
    "y": 59.49583435058594,
    "speed": 3.415728964772672,
    "theta": 1.570693016052246,
    "near_node_x": 129.39024353027344,
    "near_node_y": 59.4952507019043,
    "near_command": 4,
    "far_node_x": 135.39024353027344,
    "far_node_y": 59.4945182800293,
    "far_command": 4,
    "angle_near": 1.1215266352233038e-05,
    "angle_far": -0.0005471063333778676,
    "steer": 3.6088858905714005e-06,
    "throttle": 0.75,
    "brake": 0.0,
    "is_red_light_present": 0,
    "vehicle_detected_flag": 1,
    "distanse": 15.765837669372559,
    "steer_sequence": [
        0.0,
        0.0,
        3.3261898352066055e-05,
        3.334718712721951e-05,
        3.338983151479624e-05,
        3.3432472264394164e-05,
        3.347515666973777e-05,
        3.3517771953484043e-05,
        3.356041634106077e-05,
        3.36030607286375e-05,
        3.625459794420749e-05,
        -0.0005998898413963616,
        -2.487828714947682e-05,
        -1.3215056242188439e-05,
        -2.5107023247983307e-05,
        1.9310957213747315e-05,
        0.00010829256643773988,
        -3.73199800378643e-05,
        -2.1154381101951003e-05,
        1.6488624169141985e-05
    ],
    "throttle_sequence": [
        0.0,
        0.0,
        0.75,
        0.75,
        0.75,
        0.75,
        0.75,
        0.75,
        0.75,
        0.75,
        0.75,
        0.75,
        0.75,
        0.75,
        0.75,
        0.75,
        0.75,
        0.75,
        0.75,
        0.75
    ],
    "brake_sequence": [
        0.0,
        0.0,
        0.0,
        0.0,
        0.0,
        0.0,
        0.0,
        0.0,
        0.0,
        0.0,
        0.0,
        0.0,
        0.0,
        0.0,
        0.0,
        0.0,
        0.0,
        0.0,
        0.0,
        0.0
    ],
    "speed_sequence": [
        0.0,
        0.0,
        0.0,
        -3.612364253058331e-06,
        -1.643299015086086e-06,
        -4.856131567976263e-07,
        -1.00016279702686e-07,
        8.604430945524655e-08,
        8.123313222085926e-08,
        9.788227828266827e-08,
        0.9354021549224854,
        1.4767179489135742,
        1.5937424898147583,
        1.7897050380706787,
        2.0207371711730957,
        2.2646772861480713,
        2.5272531509399414,
        2.7708537578582764,
        2.988102674484253,
        3.2004544734954834
    ],
    "light_sequence": [
        0.0,
        0.0,
        0.0,
        0.0,
        0.0,
        0.0,
        0.0,
        0.0,
        0.0,
        0.0,
        0.0,
        0.0,
        0.0,
        0.0,
        0.0,
        0.0,
        0.0,
        0.0,
        0.0,
        0.0
    ],
    "is_collision_event": false
}