{
    "timestamp": 1.0000000149011612,
    "x": 121.56517028808594,
    "y": 59.49608612060547,
    "speed": 1.4767179195672782,
    "theta": 1.570793628692627,
    "near_node_x": 125.39024353027344,
    "near_node_y": 59.49573516845703,
    "near_command": 4,
    "far_node_x": 131.39024353027344,
    "far_node_y": 59.4950065612793,
    "far_command": 4,
    "angle_near": -0.005104325018333238,
    "angle_far": -0.00614295733985223,
    "steer": -0.0005998898413963616,
    "throttle": 0.75,
    "brake": 0.0,
    "is_red_light_present": 0,
    "vehicle_detected_flag": 1,
    "distanse": 14.86745548248291,
    "steer_sequence": [
        0.0,
        0.0,
        0.0,
        0.0,
        0.0,
        0.0,
        0.0,
        0.0,
        0.0,
        0.0,
        0.0,
        3.3261898352066055e-05,
        3.334718712721951e-05,
        3.338983151479624e-05,
        3.3432472264394164e-05,
        3.347515666973777e-05,
        3.3517771953484043e-05,
        3.356041634106077e-05,
        3.36030607286375e-05,
        3.625459794420749e-05
    ],
    "throttle_sequence": [
        0.0,
        0.0,
        0.0,
        0.0,
        0.0,
        0.0,
        0.0,
        0.0,
        0.0,
        0.0,
        0.0,
        0.75,
        0.75,
        0.75,
        0.75,
        0.75,
        0.75,
        0.75,
        0.75,
        0.75
    ],
    "brake_sequence": [
        0.0,
        0.0,
        0.0,
        0.0,
        0.0,
        0.0,
        0.0,
        0.0,
        0.0,
        0.0,
        0.0,
        0.0,
        0.0,
        0.0,
        0.0,
        0.0,
        0.0,
        0.0,
        0.0,
        0.0
    ],
    "speed_sequence": [
        0.0,
        0.0,
        0.0,
        0.0,
        0.0,
        0.0,
        0.0,
        0.0,
        0.0,
        0.0,
        0.0,
        0.0,
        -3.612364253058331e-06,
        -1.643299015086086e-06,
        -4.856131567976263e-07,
        -1.00016279702686e-07,
        8.604430945524655e-08,
        8.123313222085926e-08,
        9.788227828266827e-08,
        0.9354021549224854
    ],
    "light_sequence": [
        0.0,
        0.0,
        0.0,
        0.0,
        0.0,
        0.0,
        0.0,
        0.0,
        0.0,
        0.0,
        0.0,
        0.0,
        0.0,
        0.0,
        0.0,
        0.0,
        0.0,
        0.0,
        0.0,
        0.0
    ],
    "is_collision_event": false
}