{
    "timestamp": 3.400000050663948,
    "x": 131.23838806152344,
    "y": 59.49399185180664,
    "speed": 7.0642631384650265,
    "theta": 1.5710067749023438,
    "near_node_x": 139.39024353027344,
    "near_node_y": 59.4940299987793,
    "near_command": 4,
    "far_node_x": 144.990234375,
    "far_node_y": 59.493350982666016,
    "far_command": 3,
    "angle_near": -0.011791119177789248,
    "angle_far": -0.014729358584869684,
    "steer": -0.00030307553242892027,
    "throttle": 0.0,
    "brake": 0.30000001192092896,
    "is_red_light_present": 0,
    "vehicle_detected_flag": 0,
    "distanse": 25,
    "steer_sequence": [
        1.9310957213747315e-05,
        0.00010829256643773988,
        -3.73199800378643e-05,
        -2.1154381101951003e-05,
        1.6488624169141985e-05,
        3.6088858905714005e-06,
        5.171347311261343e-06,
        1.4294397260528058e-05,
        -4.476020694710314e-05,
        2.7169278837391175e-05,
        -1.1057251867896412e-05,
        -3.2429150451207533e-05,
        1.3900700650992803e-05,
        -1.179875744128367e-05,
        -2.5729206754476763e-05,
        0.0011053932830691338,
        -0.0017479092348366976,
        -0.0005799881764687598,
        -0.0038472278974950314,
        0.001778127858415246
    ],
    "throttle_sequence": [
        0.75,
        0.75,
        0.75,
        0.75,
        0.75,
        0.75,
        0.75,
        0.75,
        0.75,
        0.75,
        0.75,
        0.75,
        0.75,
        0.75,
        0.75,
        0.75,
        0.75,
        0.75,
        0.75,
        0.0
    ],
    "brake_sequence": [
        0.0,
        0.0,
        0.0,
        0.0,
        0.0,
        0.0,
        0.0,
        0.0,
        0.0,
        0.0,
        0.0,
        0.0,
        0.0,
        0.0,
        0.0,
        0.0,
        0.0,
        0.0,
        0.0,
        0.06251316517591476
    ],
    "speed_sequence": [
        2.2646772861480713,
        2.5272531509399414,
        2.7708537578582764,
        2.988102674484253,
        3.2004544734954834,
        3.41572904586792,
        3.636169672012329,
        3.858330726623535,
        4.079385757446289,
        4.29827356338501,
        4.514585018157959,
        4.72817850112915,
        4.939020156860352,
        5.151249885559082,
        5.385373592376709,
        5.521573066711426,
        5.510788917541504,
        5.514758110046387,
        6.02890682220459,
        6.71542501449585
    ],
    "light_sequence": [
        0.0,
        0.0,
        0.0,
        0.0,
        0.0,
        0.0,
        0.0,
        0.0,
        0.0,
        0.0,
        0.0,
        0.0,
        0.0,
        0.0,
        0.0,
        0.0,
        0.0,
        0.0,
        0.0,
        0.0
    ],
    "is_collision_event": false
}