{
    "timestamp": 3.9000000581145287,
    "x": 134.3190460205078,
    "y": 59.49445724487305,
    "speed": 4.9546877884833265,
    "theta": 1.5710831880569458,
    "near_node_x": 139.39024353027344,
    "near_node_y": 59.4940299987793,
    "near_command": 4,
    "far_node_x": 144.990234375,
    "far_node_y": 59.493350982666016,
    "far_command": 3,
    "angle_near": -0.0212630550357666,
    "angle_far": -0.022375658218220053,
    "steer": 0.0,
    "throttle": 0.0,
    "brake": 0.5,
    "is_red_light_present": 1,
    "vehicle_detected_flag": 0,
    "distanse": 25,
    "steer_sequence": [
        3.6088858905714005e-06,
        5.171347311261343e-06,
        1.4294397260528058e-05,
        -4.476020694710314e-05,
        2.7169278837391175e-05,
        -1.1057251867896412e-05,
        -3.2429150451207533e-05,
        1.3900700650992803e-05,
        -1.179875744128367e-05,
        -2.5729206754476763e-05,
        0.0011053932830691338,
        -0.0017479092348366976,
        -0.0005799881764687598,
        -0.0038472278974950314,
        0.001778127858415246,
        -0.00030307553242892027,
        0.0,
        0.0,
        0.0,
        0.0
    ],
    "throttle_sequence": [
        0.75,
        0.75,
        0.75,
        0.75,
        0.75,
        0.75,
        0.75,
        0.75,
        0.75,
        0.75,
        0.75,
        0.75,
        0.75,
        0.75,
        0.0,
        0.0,
        0.0,
        0.0,
        0.0,
        0.0
    ],
    "brake_sequence": [
        0.0,
        0.0,
        0.0,
        0.0,
        0.0,
        0.0,
        0.0,
        0.0,
        0.0,
        0.0,
        0.0,
        0.0,
        0.0,
        0.0,
        0.06251316517591476,
        0.30000001192092896,
        0.5,
        0.5,
        0.5,
        0.5
    ],
    "speed_sequence": [
        3.41572904586792,
        3.636169672012329,
        3.858330726623535,
        4.079385757446289,
        4.29827356338501,
        4.514585018157959,
        4.72817850112915,
        4.939020156860352,
        5.151249885559082,
        5.385373592376709,
        5.521573066711426,
        5.510788917541504,
        5.514758110046387,
        6.02890682220459,
        6.71542501449585,
        7.064263343811035,
        6.905663013458252,
        6.484858512878418,
        5.990358829498291,
        5.604637622833252
    ],
    "light_sequence": [
        0.0,
        0.0,
        0.0,
        0.0,
        0.0,
        0.0,
        0.0,
        0.0,
        0.0,
        0.0,
        0.0,
        0.0,
        0.0,
        0.0,
        0.0,
        0.0,
        1.0,
        1.0,
        1.0,
        1.0
    ],
    "is_collision_event": false
}