{
    "timestamp": 2.400000035762787,
    "x": 125.72042083740234,
    "y": 59.49559020996094,
    "speed": 4.514585096539396,
    "theta": 1.5706945657730103,
    "near_node_x": 131.39024353027344,
    "near_node_y": 59.4950065612793,
    "near_command": 4,
    "far_node_x": 137.39024353027344,
    "far_node_y": 59.4942741394043,
    "far_command": 4,
    "angle_near": -6.914143933699205e-05,
    "angle_far": -0.0006327053334064869,
    "steer": -1.1057251867896412e-05,
    "throttle": 0.75,
    "brake": 0.0,
    "is_red_light_present": 0,
    "vehicle_detected_flag": 1,
    "distanse": 16.096189498901367,
    "steer_sequence": [
        3.3432472264394164e-05,
        3.347515666973777e-05,
        3.3517771953484043e-05,
        3.356041634106077e-05,
        3.36030607286375e-05,
        3.625459794420749e-05,
        -0.0005998898413963616,
        -2.487828714947682e-05,
        -1.3215056242188439e-05,
        -2.5107023247983307e-05,
        1.9310957213747315e-05,
        0.00010829256643773988,
        -3.73199800378643e-05,
        -2.1154381101951003e-05,
        1.6488624169141985e-05,
        3.6088858905714005e-06,
        5.171347311261343e-06,
        1.4294397260528058e-05,
        -4.476020694710314e-05,
        2.7169278837391175e-05
    ],
    "throttle_sequence": [
        0.75,
        0.75,
        0.75,
        0.75,
        0.75,
        0.75,
        0.75,
        0.75,
        0.75,
        0.75,
        0.75,
        0.75,
        0.75,
        0.75,
        0.75,
        0.75,
        0.75,
        0.75,
        0.75,
        0.75
    ],
    "brake_sequence": [
        0.0,
        0.0,
        0.0,
        0.0,
        0.0,
        0.0,
        0.0,
        0.0,
        0.0,
        0.0,
        0.0,
        0.0,
        0.0,
        0.0,
        0.0,
        0.0,
        0.0,
        0.0,
        0.0,
        0.0
    ],
    "speed_sequence": [
        -4.856131567976263e-07,
        -1.00016279702686e-07,
        8.604430945524655e-08,
        8.123313222085926e-08,
        9.788227828266827e-08,
        0.9354021549224854,
        1.4767179489135742,
        1.5937424898147583,
        1.7897050380706787,
        2.0207371711730957,
        2.2646772861480713,
        2.5272531509399414,
        2.7708537578582764,
        2.988102674484253,
        3.2004544734954834,
        3.41572904586792,
        3.636169672012329,
        3.858330726623535,
        4.079385757446289,
        4.29827356338501
    ],
    "light_sequence": [
        0.0,
        0.0,
        0.0,
        0.0,
        0.0,
        0.0,
        0.0,
        0.0,
        0.0,
        0.0,
        0.0,
        0.0,
        0.0,
        0.0,
        0.0,
        0.0,
        0.0,
        0.0,
        0.0,
        0.0
    ],
    "is_collision_event": false
}