{
    "timestamp": 3.7000000551342964,
    "x": 133.21542358398438,
    "y": 59.49408721923828,
    "speed": 5.9903586196842715,
    "theta": 1.5714842081069946,
    "near_node_x": 139.39024353027344,
    "near_node_y": 59.4940299987793,
    "near_command": 4,
    "far_node_x": 144.990234375,
    "far_node_y": 59.493350982666016,
    "far_command": 3,
    "angle_near": -0.03994542156865276,
    "angle_far": -0.042996975434484636,
    "steer": 0.0,
    "throttle": 0.0,
    "brake": 0.5,
    "is_red_light_present": 1,
    "vehicle_detected_flag": 0,
    "distanse": 25,
    "steer_sequence": [
        -2.1154381101951003e-05,
        1.6488624169141985e-05,
        3.6088858905714005e-06,
        5.171347311261343e-06,
        1.4294397260528058e-05,
        -4.476020694710314e-05,
        2.7169278837391175e-05,
        -1.1057251867896412e-05,
        -3.2429150451207533e-05,
        1.3900700650992803e-05,
        -1.179875744128367e-05,
        -2.5729206754476763e-05,
        0.0011053932830691338,
        -0.0017479092348366976,
        -0.0005799881764687598,
        -0.0038472278974950314,
        0.001778127858415246,
        -0.00030307553242892027,
        0.0,
        0.0
    ],
    "throttle_sequence": [
        0.75,
        0.75,
        0.75,
        0.75,
        0.75,
        0.75,
        0.75,
        0.75,
        0.75,
        0.75,
        0.75,
        0.75,
        0.75,
        0.75,
        0.75,
        0.75,
        0.0,
        0.0,
        0.0,
        0.0
    ],
    "brake_sequence": [
        0.0,
        0.0,
        0.0,
        0.0,
        0.0,
        0.0,
        0.0,
        0.0,
        0.0,
        0.0,
        0.0,
        0.0,
        0.0,
        0.0,
        0.0,
        0.0,
        0.06251316517591476,
        0.30000001192092896,
        0.5,
        0.5
    ],
    "speed_sequence": [
        2.988102674484253,
        3.2004544734954834,
        3.41572904586792,
        3.636169672012329,
        3.858330726623535,
        4.079385757446289,
        4.29827356338501,
        4.514585018157959,
        4.72817850112915,
        4.939020156860352,
        5.151249885559082,
        5.385373592376709,
        5.521573066711426,
        5.510788917541504,
        5.514758110046387,
        6.02890682220459,
        6.71542501449585,
        7.064263343811035,
        6.905663013458252,
        6.484858512878418
    ],
    "light_sequence": [
        0.0,
        0.0,
        0.0,
        0.0,
        0.0,
        0.0,
        0.0,
        0.0,
        0.0,
        0.0,
        0.0,
        0.0,
        0.0,
        0.0,
        0.0,
        0.0,
        0.0,
        0.0,
        1.0,
        1.0
    ],
    "is_collision_event": false
}