{
    "timestamp": 5.100000075995922,
    "x": 135.988525390625,
    "y": 59.49388885498047,
    "speed": -0.0007054843420435858,
    "theta": 1.5695589780807495,
    "near_node_x": 139.39024353027344,
    "near_node_y": 59.4940299987793,
    "near_command": 4,
    "far_node_x": 144.990234375,
    "far_node_y": 59.493350982666016,
    "far_command": 3,
    "angle_near": 0.07326963243976972,
    "angle_far": 0.06746876943444916,
    "steer": 0.0,
    "throttle": 0.0,
    "brake": 0.5,
    "is_red_light_present": 1,
    "vehicle_detected_flag": 0,
    "distanse": 25,
    "steer_sequence": [
        -0.0005799881764687598,
        -0.0038472278974950314,
        0.001778127858415246,
        -0.00030307553242892027,
        0.0,
        0.0,
        0.0,
        0.0,
        0.0,
        0.0,
        0.0,
        0.0,
        0.0,
        0.0,
        0.0,
        0.0,
        0.0,
        0.0,
        0.0,
        0.0
    ],
    "throttle_sequence": [
        0.75,
        0.75,
        0.0,
        0.0,
        0.0,
        0.0,
        0.0,
        0.0,
        0.0,
        0.0,
        0.0,
        0.0,
        0.0,
        0.0,
        0.0,
        0.0,
        0.0,
        0.0,
        0.0,
        0.0
    ],
    "brake_sequence": [
        0.0,
        0.0,
        0.06251316517591476,
        0.30000001192092896,
        0.5,
        0.5,
        0.5,
        0.5,
        0.5,
        0.5,
        0.5,
        0.5,
        0.5,
        0.5,
        0.5,
        0.5,
        0.5,
        0.5,
        0.5,
        0.5
    ],
    "speed_sequence": [
        5.514758110046387,
        6.02890682220459,
        6.71542501449585,
        7.064263343811035,
        6.905663013458252,
        6.484858512878418,
        5.990358829498291,
        5.604637622833252,
        4.954687595367432,
        3.8707497119903564,
        3.09775447845459,
        2.521827459335327,
        2.0777835845947266,
        1.7019286155700684,
        1.340191125869751,
        0.006596004590392113,
        -0.0074160899966955185,
        -0.006742666009813547,
        -0.0038829350378364325,
        -0.0017979516414925456
    ],
    "light_sequence": [
        0.0,
        0.0,
        0.0,
        0.0,
        1.0,
        1.0,
        1.0,
        1.0,
        1.0,
        1.0,
        1.0,
        1.0,
        1.0,
        1.0,
        1.0,
        1.0,
        1.0,
        1.0,
        1.0,
        1.0
    ],
    "is_collision_event": false
}