{
    "timestamp": 29.90000044554472,
    "x": 136.7975616455078,
    "y": 59.49409866333008,
    "speed": 1.9802890486072604,
    "theta": 1.5698472261428833,
    "near_node_x": 141.39024353027344,
    "near_node_y": 59.4937858581543,
    "near_command": 4,
    "far_node_x": 146.990234375,
    "far_node_y": 59.493106842041016,
    "far_command": 3,
    "angle_near": 0.05047994023585509,
    "angle_far": 0.04880702937872962,
    "steer": 0.0011922792764380574,
    "throttle": 0.75,
    "brake": 0.0,
    "is_red_light_present": 0,
    "vehicle_detected_flag": 0,
    "distanse": 25,
    "steer_sequence": [
        0.0,
        0.0,
        0.0,
        0.0,
        0.0,
        0.0,
        0.0,
        0.0,
        0.0,
        0.00843160692602396,
        0.0024996339343488216,
        0.002526237163692713,
        0.003438821993768215,
        0.0038784598000347614,
        0.0034091942943632603,
        0.0026985385920852423,
        0.0023963984567672014,
        0.0020563709549605846,
        0.001732440898194909,
        0.0014322277856990695
    ],
    "throttle_sequence": [
        0.0,
        0.0,
        0.0,
        0.0,
        0.0,
        0.0,
        0.0,
        0.0,
        0.0,
        0.75,
        0.75,
        0.75,
        0.75,
        0.75,
        0.75,
        0.75,
        0.75,
        0.75,
        0.75,
        0.75
    ],
    "brake_sequence": [
        0.5,
        0.5,
        0.5,
        0.5,
        0.5,
        0.5,
        0.5,
        0.5,
        0.5,
        0.0,
        0.0,
        0.0,
        0.0,
        0.0,
        0.0,
        0.0,
        0.0,
        0.0,
        0.0,
        0.0
    ],
    "speed_sequence": [
        0.0,
        0.0,
        0.0,
        0.0,
        0.0,
        0.0,
        0.0,
        0.0,
        0.0,
        0.0,
        -0.022925451397895813,
        0.005844476167112589,
        0.09225966781377792,
        0.22781966626644135,
        0.578811764717102,
        0.7736770510673523,
        0.940269947052002,
        1.1716539859771729,
        1.4380319118499756,
        1.7118104696273804
    ],
    "light_sequence": [
        1.0,
        1.0,
        1.0,
        1.0,
        1.0,
        1.0,
        1.0,
        1.0,
        1.0,
        0.0,
        0.0,
        0.0,
        0.0,
        0.0,
        0.0,
        0.0,
        0.0,
        0.0,
        0.0,
        0.0
    ],
    "is_collision_event": false
}