{
    "timestamp": 29.10000043362379,
    "x": 136.00120544433594,
    "y": 59.49388885498047,
    "speed": 0.09225966664095832,
    "theta": 1.5693986415863037,
    "near_node_x": 139.39024353027344,
    "near_node_y": 59.4940299987793,
    "near_command": 4,
    "far_node_x": 144.990234375,
    "far_node_y": 59.493350982666016,
    "far_command": 3,
    "angle_near": 0.08246432999607832,
    "angle_far": 0.07664974299115702,
    "steer": 0.003438821993768215,
    "throttle": 0.75,
    "brake": 0.0,
    "is_red_light_present": 0,
    "vehicle_detected_flag": 0,
    "distanse": 25,
    "steer_sequence": [
        0.0,
        0.0,
        0.0,
        0.0,
        0.0,
        0.0,
        0.0,
        0.0,
        0.0,
        0.0,
        0.0,
        0.0,
        0.0,
        0.0,
        0.0,
        0.0,
        0.0,
        0.00843160692602396,
        0.0024996339343488216,
        0.002526237163692713
    ],
    "throttle_sequence": [
        0.0,
        0.0,
        0.0,
        0.0,
        0.0,
        0.0,
        0.0,
        0.0,
        0.0,
        0.0,
        0.0,
        0.0,
        0.0,
        0.0,
        0.0,
        0.0,
        0.0,
        0.75,
        0.75,
        0.75
    ],
    "brake_sequence": [
        0.5,
        0.5,
        0.5,
        0.5,
        0.5,
        0.5,
        0.5,
        0.5,
        0.5,
        0.5,
        0.5,
        0.5,
        0.5,
        0.5,
        0.5,
        0.5,
        0.5,
        0.0,
        0.0,
        0.0
    ],
    "speed_sequence": [
        0.0,
        0.0,
        0.0,
        0.0,
        0.0,
        0.0,
        0.0,
        0.0,
        0.0,
        0.0,
        0.0,
        0.0,
        0.0,
        0.0,
        0.0,
        0.0,
        0.0,
        0.0,
        -0.022925451397895813,
        0.005844476167112589
    ],
    "light_sequence": [
        1.0,
        1.0,
        1.0,
        1.0,
        1.0,
        1.0,
        1.0,
        1.0,
        1.0,
        1.0,
        1.0,
        1.0,
        1.0,
        1.0,
        1.0,
        1.0,
        1.0,
        0.0,
        0.0,
        0.0
    ],
    "is_collision_event": false
}