{
    "timestamp": 36.200000539422035,
    "x": 172.91122436523438,
    "y": 59.48750686645508,
    "speed": 6.38793562856165,
    "theta": 1.571278691291809,
    "near_node_x": 179.1702423095703,
    "near_node_y": 59.48918533325195,
    "near_command": 4,
    "far_node_x": 185.1702423095703,
    "far_node_y": 59.48845291137695,
    "far_command": 4,
    "angle_near": -0.012272393279121755,
    "angle_far": -0.023215681084287444,
    "steer": -0.00042409225716255605,
    "throttle": 0.75,
    "brake": 0.0,
    "is_red_light_present": 0,
    "vehicle_detected_flag": 0,
    "distanse": 25,
    "steer_sequence": [
        -0.0007633609347976744,
        -0.000393813184928149,
        -0.0007508361013606191,
        -1.0918050065811258e-05,
        -0.00029376050224527717,
        -0.0010100166546180844,
        0.00038401855272240937,
        -0.0003339198883622885,
        -0.0015666823601350188,
        0.00011670133972074836,
        -0.00025260052643716335,
        -0.001161891152150929,
        0.00026312554837204516,
        -0.00035670175566338,
        -0.0009979616152122617,
        0.00019035620789509267,
        -0.0008587701595388353,
        -0.0007145931595005095,
        -0.0008119273697957397,
        3.3317352063022554e-05
    ],
    "throttle_sequence": [
        0.75,
        0.75,
        0.75,
        0.75,
        0.2730958163738251,
        0.0,
        0.2447538524866104,
        0.75,
        0.75,
        0.75,
        0.75,
        0.75,
        0.4591636657714844,
        0.0,
        0.04491676390171051,
        0.7320639491081238,
        0.75,
        0.75,
        0.75,
        0.75
    ],
    "brake_sequence": [
        0.0,
        0.0,
        0.0,
        0.0,
        0.0,
        0.2463476061820984,
        0.0,
        0.0,
        0.0,
        0.0,
        0.0,
        0.0,
        0.0,
        0.09976276010274887,
        0.0,
        0.0,
        0.0,
        0.0,
        0.0,
        0.0
    ],
    "speed_sequence": [
        6.141374111175537,
        6.144356727600098,
        6.239485740661621,
        6.39777946472168,
        6.59687614440918,
        6.740545272827148,
        6.604349613189697,
        6.393598556518555,
        6.216118335723877,
        6.168098449707031,
        6.227392196655273,
        6.361445903778076,
        6.545130252838135,
        6.699620723724365,
        6.659293174743652,
        6.469118118286133,
        6.23236608505249,
        6.115525722503662,
        6.125938892364502,
        6.226194858551025
    ],
    "light_sequence": [
        0.0,
        0.0,
        0.0,
        0.0,
        0.0,
        0.0,
        0.0,
        0.0,
        0.0,
        0.0,
        0.0,
        0.0,
        0.0,
        0.0,
        0.0,
        0.0,
        0.0,
        0.0,
        0.0,
        0.0
    ],
    "is_collision_event": false
}