{
    "timestamp": 30.200000450015068,
    "x": 137.51419067382812,
    "y": 59.49395751953125,
    "speed": 2.7602661354503124,
    "theta": 1.5702184438705444,
    "near_node_x": 143.39024353027344,
    "near_node_y": 59.4935417175293,
    "near_command": 4,
    "far_node_x": 148.990234375,
    "far_node_y": 59.492862701416016,
    "far_command": 3,
    "angle_near": 0.02905720061143837,
    "angle_far": 0.02764553681135569,
    "steer": 0.0006889623473398387,
    "throttle": 0.75,
    "brake": 0.0,
    "is_red_light_present": 0,
    "vehicle_detected_flag": 0,
    "distanse": 25,
    "steer_sequence": [
        0.0,
        0.0,
        0.0,
        0.0,
        0.0,
        0.0,
        0.00843160692602396,
        0.0024996339343488216,
        0.002526237163692713,
        0.003438821993768215,
        0.0038784598000347614,
        0.0034091942943632603,
        0.0026985385920852423,
        0.0023963984567672014,
        0.0020563709549605846,
        0.001732440898194909,
        0.0014322277856990695,
        0.0011922792764380574,
        0.0009344540885649621,
        0.0005584607715718448
    ],
    "throttle_sequence": [
        0.0,
        0.0,
        0.0,
        0.0,
        0.0,
        0.0,
        0.75,
        0.75,
        0.75,
        0.75,
        0.75,
        0.75,
        0.75,
        0.75,
        0.75,
        0.75,
        0.75,
        0.75,
        0.75,
        0.75
    ],
    "brake_sequence": [
        0.5,
        0.5,
        0.5,
        0.5,
        0.5,
        0.5,
        0.0,
        0.0,
        0.0,
        0.0,
        0.0,
        0.0,
        0.0,
        0.0,
        0.0,
        0.0,
        0.0,
        0.0,
        0.0,
        0.0
    ],
    "speed_sequence": [
        0.0,
        0.0,
        0.0,
        0.0,
        0.0,
        0.0,
        0.0,
        -0.022925451397895813,
        0.005844476167112589,
        0.09225966781377792,
        0.22781966626644135,
        0.578811764717102,
        0.7736770510673523,
        0.940269947052002,
        1.1716539859771729,
        1.4380319118499756,
        1.7118104696273804,
        1.980289101600647,
        2.2418816089630127,
        2.513089179992676
    ],
    "light_sequence": [
        1.0,
        1.0,
        1.0,
        1.0,
        1.0,
        1.0,
        0.0,
        0.0,
        0.0,
        0.0,
        0.0,
        0.0,
        0.0,
        0.0,
        0.0,
        0.0,
        0.0,
        0.0,
        0.0,
        0.0
    ],
    "is_collision_event": false
}