{
    "timestamp": 37.80000056326389,
    "x": 183.19700622558594,
    "y": 59.48617935180664,
    "speed": 6.186627882762036,
    "theta": 1.5713492631912231,
    "near_node_x": 191.1702423095703,
    "near_node_y": 59.48772048950195,
    "near_command": 4,
    "far_node_x": 197.1702423095703,
    "far_node_y": 59.48699188232422,
    "far_command": 4,
    "angle_near": -0.020606693218007413,
    "angle_far": -0.028349633245711204,
    "steer": -0.001247083768248558,
    "throttle": 0.75,
    "brake": 0.0,
    "is_red_light_present": 0,
    "vehicle_detected_flag": 0,
    "distanse": 25,
    "steer_sequence": [
        -0.0008587701595388353,
        -0.0007145931595005095,
        -0.0008119273697957397,
        3.3317352063022554e-05,
        -0.00042409225716255605,
        -0.0010124895488843322,
        0.00022793597599957138,
        -0.0006562976050190628,
        -0.00026172370417043567,
        -0.0007098932983353734,
        -0.0004601061518769711,
        -0.0008656384889036417,
        4.8556314141023904e-05,
        -0.0003294270427431911,
        -0.0010840496979653835,
        0.0002867153671104461,
        -0.0003088841331191361,
        -0.001607247511856258,
        -0.0001228813489433378,
        -0.0002580102882348001
    ],
    "throttle_sequence": [
        0.75,
        0.75,
        0.75,
        0.75,
        0.75,
        0.3023277223110199,
        0.0,
        0.21818740665912628,
        0.75,
        0.75,
        0.75,
        0.75,
        0.75,
        0.5068672299385071,
        0.0,
        0.0,
        0.678898811340332,
        0.75,
        0.75,
        0.75
    ],
    "brake_sequence": [
        0.0,
        0.0,
        0.0,
        0.0,
        0.0,
        0.0,
        0.22931912541389465,
        0.0,
        0.0,
        0.0,
        0.0,
        0.0,
        0.0,
        0.0,
        0.07353769987821579,
        0.02695591002702713,
        0.0,
        0.0,
        0.0,
        0.0
    ],
    "speed_sequence": [
        6.23236608505249,
        6.115525722503662,
        6.125938892364502,
        6.226194858551025,
        6.387935638427734,
        6.5891900062561035,
        6.736379146575928,
        6.612321853637695,
        6.405759811401367,
        6.221444606781006,
        6.166011810302734,
        6.220059394836426,
        6.3505449295043945,
        6.531956672668457,
        6.692403793334961,
        6.679251670837402,
        6.4838385581970215,
        6.232143402099609,
        6.097712993621826,
        6.095357894897461
    ],
    "light_sequence": [
        0.0,
        0.0,
        0.0,
        0.0,
        0.0,
        0.0,
        0.0,
        0.0,
        0.0,
        0.0,
        0.0,
        0.0,
        0.0,
        0.0,
        0.0,
        0.0,
        0.0,
        0.0,
        0.0,
        0.0
    ],
    "is_collision_event": false
}