{
    "timestamp": 32.70000048726797,
    "x": 150.41140747070312,
    "y": 59.49147415161133,
    "speed": 6.239465811904632,
    "theta": 1.5710092782974243,
    "near_node_x": 156.990234375,
    "near_node_y": 59.49188995361328,
    "near_command": 3,
    "far_node_x": 162.990234375,
    "far_node_y": 59.49115753173828,
    "far_command": 3,
    "angle_near": -0.00858117712546851,
    "angle_far": -0.013644629764218173,
    "steer": -0.00027941743610426784,
    "throttle": 0.75,
    "brake": 0.0,
    "is_red_light_present": 0,
    "vehicle_detected_flag": 0,
    "distanse": 25,
    "steer_sequence": [
        0.00026279588928446174,
        0.00012140806211391464,
        2.9012458981014788e-05,
        0.00014136303798295557,
        6.268355355132371e-05,
        5.046974547440186e-05,
        -3.936682333005592e-05,
        6.753392517566681e-05,
        -0.00119447847828269,
        -0.0003180515777785331,
        -9.531113028060645e-05,
        0.004302671179175377,
        -0.0022600197698920965,
        -4.093106690561399e-05,
        0.0012061451561748981,
        -0.0013504255330190063,
        -1.0045701856142841e-05,
        -0.0004099195066373795,
        -0.0007481567445211112,
        -0.00011909928434761241
    ],
    "throttle_sequence": [
        0.75,
        0.75,
        0.75,
        0.75,
        0.75,
        0.75,
        0.75,
        0.75,
        0.75,
        0.75,
        0.75,
        0.75,
        0.20925942063331604,
        0.0,
        0.0,
        0.3891945481300354,
        0.75,
        0.75,
        0.75,
        0.75
    ],
    "brake_sequence": [
        0.0,
        0.0,
        0.0,
        0.0,
        0.0,
        0.0,
        0.0,
        0.0,
        0.0,
        0.0,
        0.0,
        0.0,
        0.0,
        0.30000001192092896,
        0.30000001192092896,
        0.0,
        0.0,
        0.0,
        0.0,
        0.0
    ],
    "speed_sequence": [
        3.8479058742523193,
        4.069024085998535,
        4.288016319274902,
        4.504449367523193,
        4.718169689178467,
        4.929139614105225,
        5.135988712310791,
        5.3008646965026855,
        5.443304538726807,
        5.4328389167785645,
        5.435226917266846,
        5.9465155601501465,
        6.6412434577941895,
        7.028861999511719,
        6.9249186515808105,
        6.575553894042969,
        6.271671772003174,
        6.08505392074585,
        6.0412797927856445,
        6.103356838226318
    ],
    "light_sequence": [
        0.0,
        0.0,
        0.0,
        0.0,
        0.0,
        0.0,
        0.0,
        0.0,
        0.0,
        0.0,
        0.0,
        0.0,
        0.0,
        0.0,
        0.0,
        0.0,
        0.0,
        0.0,
        0.0,
        0.0
    ],
    "is_collision_event": false
}