{
    "timestamp": 39.1000005826354,
    "x": 191.57798767089844,
    "y": 59.4852180480957,
    "speed": 6.669839694806097,
    "theta": 1.5711898803710938,
    "near_node_x": 199.1702423095703,
    "near_node_y": 59.48674774169922,
    "near_command": 4,
    "far_node_x": 205.1702423095703,
    "far_node_y": 59.48601531982422,
    "far_command": 4,
    "angle_near": -0.011003283235680287,
    "angle_far": -0.019186523106646976,
    "steer": 2.772088373603765e-05,
    "throttle": 0.012289172038435936,
    "brake": 0.0,
    "is_red_light_present": 0,
    "vehicle_detected_flag": 0,
    "distanse": 25,
    "steer_sequence": [
        -0.0003294270427431911,
        -0.0010840496979653835,
        0.0002867153671104461,
        -0.0003088841331191361,
        -0.001607247511856258,
        -0.0001228813489433378,
        -0.0002580102882348001,
        -0.001247083768248558,
        0.00017257587751373649,
        -0.00027484045131132007,
        -0.0011720223119482398,
        0.00036004470894113183,
        -0.00028408647631295025,
        -0.0017398723866790533,
        -7.492049189750105e-05,
        -0.00024570731329731643,
        -0.0006574181606993079,
        -0.0009207940311171114,
        0.00027918023988604546,
        -0.00106318190228194
    ],
    "throttle_sequence": [
        0.5068672299385071,
        0.0,
        0.0,
        0.678898811340332,
        0.75,
        0.75,
        0.75,
        0.75,
        0.75,
        0.4808741807937622,
        0.0,
        0.005673845298588276,
        0.6980398893356323,
        0.75,
        0.75,
        0.75,
        0.75,
        0.75,
        0.4765148162841797,
        0.0
    ],
    "brake_sequence": [
        0.0,
        0.07353769987821579,
        0.02695591002702713,
        0.0,
        0.0,
        0.0,
        0.0,
        0.0,
        0.0,
        0.0,
        0.11596702039241791,
        0.0,
        0.0,
        0.0,
        0.0,
        0.0,
        0.0,
        0.0,
        0.0,
        0.11846382170915604
    ],
    "speed_sequence": [
        6.531956672668457,
        6.692403793334961,
        6.679251670837402,
        6.4838385581970215,
        6.232143402099609,
        6.097712993621826,
        6.095357894897461,
        6.1866278648376465,
        6.342398643493652,
        6.540018081665039,
        6.705359935760498,
        6.671641826629639,
        6.4798431396484375,
        6.2296648025512695,
        6.09655237197876,
        6.095158576965332,
        6.187097072601318,
        6.343324661254883,
        6.5412068367004395,
        6.706051826477051
    ],
    "light_sequence": [
        0.0,
        0.0,
        0.0,
        0.0,
        0.0,
        0.0,
        0.0,
        0.0,
        0.0,
        0.0,
        0.0,
        0.0,
        0.0,
        0.0,
        0.0,
        0.0,
        0.0,
        0.0,
        0.0,
        0.0
    ],
    "is_collision_event": false
}