{
    "timestamp": 30.70000045746565,
    "x": 139.16978454589844,
    "y": 59.49374771118164,
    "speed": 3.847905943852847,
    "theta": 1.5705443620681763,
    "near_node_x": 144.990234375,
    "near_node_y": 59.493350982666016,
    "near_command": 3,
    "far_node_x": 150.990234375,
    "far_node_y": 59.492618560791016,
    "far_command": 3,
    "angle_near": 0.010529472508996144,
    "angle_far": 0.008961629716931119,
    "steer": 0.00026279588928446174,
    "throttle": 0.75,
    "brake": 0.0,
    "is_red_light_present": 0,
    "vehicle_detected_flag": 0,
    "distanse": 25,
    "steer_sequence": [
        0.0,
        0.00843160692602396,
        0.0024996339343488216,
        0.002526237163692713,
        0.003438821993768215,
        0.0038784598000347614,
        0.0034091942943632603,
        0.0026985385920852423,
        0.0023963984567672014,
        0.0020563709549605846,
        0.001732440898194909,
        0.0014322277856990695,
        0.0011922792764380574,
        0.0009344540885649621,
        0.0005584607715718448,
        0.0006889623473398387,
        0.0004868965479545295,
        0.000395445735193789,
        0.0003127710660919547,
        0.00014611546066589653
    ],
    "throttle_sequence": [
        0.0,
        0.75,
        0.75,
        0.75,
        0.75,
        0.75,
        0.75,
        0.75,
        0.75,
        0.75,
        0.75,
        0.75,
        0.75,
        0.75,
        0.75,
        0.75,
        0.75,
        0.75,
        0.75,
        0.75
    ],
    "brake_sequence": [
        0.5,
        0.0,
        0.0,
        0.0,
        0.0,
        0.0,
        0.0,
        0.0,
        0.0,
        0.0,
        0.0,
        0.0,
        0.0,
        0.0,
        0.0,
        0.0,
        0.0,
        0.0,
        0.0,
        0.0
    ],
    "speed_sequence": [
        0.0,
        0.0,
        -0.022925451397895813,
        0.005844476167112589,
        0.09225966781377792,
        0.22781966626644135,
        0.578811764717102,
        0.7736770510673523,
        0.940269947052002,
        1.1716539859771729,
        1.4380319118499756,
        1.7118104696273804,
        1.980289101600647,
        2.2418816089630127,
        2.513089179992676,
        2.760266065597534,
        2.978335380554199,
        3.190641164779663,
        3.405606269836426,
        3.6257810592651367
    ],
    "light_sequence": [
        1.0,
        0.0,
        0.0,
        0.0,
        0.0,
        0.0,
        0.0,
        0.0,
        0.0,
        0.0,
        0.0,
        0.0,
        0.0,
        0.0,
        0.0,
        0.0,
        0.0,
        0.0,
        0.0,
        0.0
    ],
    "is_collision_event": false
}