{
    "timestamp": 32.40000048279762,
    "x": 148.57078552246094,
    "y": 59.49238586425781,
    "speed": 6.085054129857719,
    "theta": 1.5708636045455933,
    "near_node_x": 154.990234375,
    "near_node_y": 59.49213409423828,
    "near_command": 3,
    "far_node_x": 160.990234375,
    "far_node_y": 59.49140167236328,
    "far_command": 3,
    "angle_near": -0.006102838971192111,
    "angle_far": -0.008396167813612831,
    "steer": -0.0004099195066373795,
    "throttle": 0.75,
    "brake": 0.0,
    "is_red_light_present": 0,
    "vehicle_detected_flag": 0,
    "distanse": 25,
    "steer_sequence": [
        0.000395445735193789,
        0.0003127710660919547,
        0.00014611546066589653,
        0.00026279588928446174,
        0.00012140806211391464,
        2.9012458981014788e-05,
        0.00014136303798295557,
        6.268355355132371e-05,
        5.046974547440186e-05,
        -3.936682333005592e-05,
        6.753392517566681e-05,
        -0.00119447847828269,
        -0.0003180515777785331,
        -9.531113028060645e-05,
        0.004302671179175377,
        -0.0022600197698920965,
        -4.093106690561399e-05,
        0.0012061451561748981,
        -0.0013504255330190063,
        -1.0045701856142841e-05
    ],
    "throttle_sequence": [
        0.75,
        0.75,
        0.75,
        0.75,
        0.75,
        0.75,
        0.75,
        0.75,
        0.75,
        0.75,
        0.75,
        0.75,
        0.75,
        0.75,
        0.75,
        0.20925942063331604,
        0.0,
        0.0,
        0.3891945481300354,
        0.75
    ],
    "brake_sequence": [
        0.0,
        0.0,
        0.0,
        0.0,
        0.0,
        0.0,
        0.0,
        0.0,
        0.0,
        0.0,
        0.0,
        0.0,
        0.0,
        0.0,
        0.0,
        0.0,
        0.30000001192092896,
        0.30000001192092896,
        0.0,
        0.0
    ],
    "speed_sequence": [
        3.190641164779663,
        3.405606269836426,
        3.6257810592651367,
        3.8479058742523193,
        4.069024085998535,
        4.288016319274902,
        4.504449367523193,
        4.718169689178467,
        4.929139614105225,
        5.135988712310791,
        5.3008646965026855,
        5.443304538726807,
        5.4328389167785645,
        5.435226917266846,
        5.9465155601501465,
        6.6412434577941895,
        7.028861999511719,
        6.9249186515808105,
        6.575553894042969,
        6.271671772003174
    ],
    "light_sequence": [
        0.0,
        0.0,
        0.0,
        0.0,
        0.0,
        0.0,
        0.0,
        0.0,
        0.0,
        0.0,
        0.0,
        0.0,
        0.0,
        0.0,
        0.0,
        0.0,
        0.0,
        0.0,
        0.0,
        0.0
    ],
    "is_collision_event": false
}