{
    "timestamp": 37.30000055581331,
    "x": 180.0538787841797,
    "y": 59.48672103881836,
    "speed": 6.679251764349951,
    "theta": 1.5711628198623657,
    "near_node_x": 187.1702423095703,
    "near_node_y": 59.48820877075195,
    "near_command": 4,
    "far_node_x": 193.1702423095703,
    "far_node_y": 59.48747634887695,
    "far_command": 4,
    "angle_near": -0.00901933520096592,
    "angle_far": -0.017698073630704147,
    "steer": 0.0002867153671104461,
    "throttle": 0.0,
    "brake": 0.02695591002702713,
    "is_red_light_present": 0,
    "vehicle_detected_flag": 0,
    "distanse": 25,
    "steer_sequence": [
        -0.001161891152150929,
        0.00026312554837204516,
        -0.00035670175566338,
        -0.0009979616152122617,
        0.00019035620789509267,
        -0.0008587701595388353,
        -0.0007145931595005095,
        -0.0008119273697957397,
        3.3317352063022554e-05,
        -0.00042409225716255605,
        -0.0010124895488843322,
        0.00022793597599957138,
        -0.0006562976050190628,
        -0.00026172370417043567,
        -0.0007098932983353734,
        -0.0004601061518769711,
        -0.0008656384889036417,
        4.8556314141023904e-05,
        -0.0003294270427431911,
        -0.0010840496979653835
    ],
    "throttle_sequence": [
        0.75,
        0.4591636657714844,
        0.0,
        0.04491676390171051,
        0.7320639491081238,
        0.75,
        0.75,
        0.75,
        0.75,
        0.75,
        0.3023277223110199,
        0.0,
        0.21818740665912628,
        0.75,
        0.75,
        0.75,
        0.75,
        0.75,
        0.5068672299385071,
        0.0
    ],
    "brake_sequence": [
        0.0,
        0.0,
        0.09976276010274887,
        0.0,
        0.0,
        0.0,
        0.0,
        0.0,
        0.0,
        0.0,
        0.0,
        0.22931912541389465,
        0.0,
        0.0,
        0.0,
        0.0,
        0.0,
        0.0,
        0.0,
        0.07353769987821579
    ],
    "speed_sequence": [
        6.361445903778076,
        6.545130252838135,
        6.699620723724365,
        6.659293174743652,
        6.469118118286133,
        6.23236608505249,
        6.115525722503662,
        6.125938892364502,
        6.226194858551025,
        6.387935638427734,
        6.5891900062561035,
        6.736379146575928,
        6.612321853637695,
        6.405759811401367,
        6.221444606781006,
        6.166011810302734,
        6.220059394836426,
        6.3505449295043945,
        6.531956672668457,
        6.692403793334961
    ],
    "light_sequence": [
        0.0,
        0.0,
        0.0,
        0.0,
        0.0,
        0.0,
        0.0,
        0.0,
        0.0,
        0.0,
        0.0,
        0.0,
        0.0,
        0.0,
        0.0,
        0.0,
        0.0,
        0.0,
        0.0,
        0.0
    ],
    "is_collision_event": false
}