{
    "timestamp": 33.00000049173832,
    "x": 152.38339233398438,
    "y": 59.490989685058594,
    "speed": 6.783894740024789,
    "theta": 1.5710493326187134,
    "near_node_x": 158.990234375,
    "near_node_y": 59.49164581298828,
    "near_command": 3,
    "far_node_x": 164.990234375,
    "far_node_y": 59.49091339111328,
    "far_command": 3,
    "angle_near": -0.008806565030984755,
    "angle_far": -0.014843372049086456,
    "steer": -0.00037904269993305206,
    "throttle": 0.0,
    "brake": 0.30000001192092896,
    "is_red_light_present": 0,
    "vehicle_detected_flag": 0,
    "distanse": 25,
    "steer_sequence": [
        0.00014136303798295557,
        6.268355355132371e-05,
        5.046974547440186e-05,
        -3.936682333005592e-05,
        6.753392517566681e-05,
        -0.00119447847828269,
        -0.0003180515777785331,
        -9.531113028060645e-05,
        0.004302671179175377,
        -0.0022600197698920965,
        -4.093106690561399e-05,
        0.0012061451561748981,
        -0.0013504255330190063,
        -1.0045701856142841e-05,
        -0.0004099195066373795,
        -0.0007481567445211112,
        -0.00011909928434761241,
        -0.00027941743610426784,
        -0.0006836432730779052,
        5.8712015743367374e-05
    ],
    "throttle_sequence": [
        0.75,
        0.75,
        0.75,
        0.75,
        0.75,
        0.75,
        0.75,
        0.75,
        0.75,
        0.20925942063331604,
        0.0,
        0.0,
        0.3891945481300354,
        0.75,
        0.75,
        0.75,
        0.75,
        0.75,
        0.75,
        0.11529569327831268
    ],
    "brake_sequence": [
        0.0,
        0.0,
        0.0,
        0.0,
        0.0,
        0.0,
        0.0,
        0.0,
        0.0,
        0.0,
        0.30000001192092896,
        0.30000001192092896,
        0.0,
        0.0,
        0.0,
        0.0,
        0.0,
        0.0,
        0.0,
        0.0
    ],
    "speed_sequence": [
        4.504449367523193,
        4.718169689178467,
        4.929139614105225,
        5.135988712310791,
        5.3008646965026855,
        5.443304538726807,
        5.4328389167785645,
        5.435226917266846,
        5.9465155601501465,
        6.6412434577941895,
        7.028861999511719,
        6.9249186515808105,
        6.575553894042969,
        6.271671772003174,
        6.08505392074585,
        6.0412797927856445,
        6.103356838226318,
        6.239465713500977,
        6.42469596862793,
        6.640419006347656
    ],
    "light_sequence": [
        0.0,
        0.0,
        0.0,
        0.0,
        0.0,
        0.0,
        0.0,
        0.0,
        0.0,
        0.0,
        0.0,
        0.0,
        0.0,
        0.0,
        0.0,
        0.0,
        0.0,
        0.0,
        0.0,
        0.0
    ],
    "is_collision_event": false
}