{
    "timestamp": 35.400000527501106,
    "x": 167.78921508789062,
    "y": 59.48820114135742,
    "speed": 6.545130300940853,
    "theta": 1.5711662769317627,
    "near_node_x": 175.1702423095703,
    "near_node_y": 59.48966979980469,
    "near_command": 4,
    "far_node_x": 181.1702423095703,
    "far_node_y": 59.48894119262695,
    "far_command": 4,
    "angle_near": -0.009794018462863608,
    "angle_far": -0.018025788941333377,
    "steer": 0.00026312554837204516,
    "throttle": 0.4591636657714844,
    "brake": 0.0,
    "is_red_light_present": 0,
    "vehicle_detected_flag": 0,
    "distanse": 25,
    "steer_sequence": [
        -0.0008639052975922823,
        8.188831270672381e-05,
        -0.0004279267741367221,
        -0.0008611008524894714,
        0.00016938710177782923,
        -0.0003785044245887548,
        -0.0007130344165489078,
        -8.484418503940105e-05,
        -0.0007633609347976744,
        -0.000393813184928149,
        -0.0007508361013606191,
        -1.0918050065811258e-05,
        -0.00029376050224527717,
        -0.0010100166546180844,
        0.00038401855272240937,
        -0.0003339198883622885,
        -0.0015666823601350188,
        0.00011670133972074836,
        -0.00025260052643716335,
        -0.001161891152150929
    ],
    "throttle_sequence": [
        0.75,
        0.75,
        0.75,
        0.6340115666389465,
        0.0,
        0.0,
        0.5650036931037903,
        0.75,
        0.75,
        0.75,
        0.75,
        0.75,
        0.2730958163738251,
        0.0,
        0.2447538524866104,
        0.75,
        0.75,
        0.75,
        0.75,
        0.75
    ],
    "brake_sequence": [
        0.0,
        0.0,
        0.0,
        0.0,
        0.03128933161497116,
        0.2534155249595642,
        0.0,
        0.0,
        0.0,
        0.0,
        0.0,
        0.0,
        0.0,
        0.2463476061820984,
        0.0,
        0.0,
        0.0,
        0.0,
        0.0,
        0.0
    ],
    "speed_sequence": [
        6.1293625831604,
        6.1840949058532715,
        6.3150858879089355,
        6.496857643127441,
        6.681004047393799,
        6.742456436157227,
        6.51582145690918,
        6.268391132354736,
        6.141374111175537,
        6.144356727600098,
        6.239485740661621,
        6.39777946472168,
        6.59687614440918,
        6.740545272827148,
        6.604349613189697,
        6.393598556518555,
        6.216118335723877,
        6.168098449707031,
        6.227392196655273,
        6.361445903778076
    ],
    "light_sequence": [
        0.0,
        0.0,
        0.0,
        0.0,
        0.0,
        0.0,
        0.0,
        0.0,
        0.0,
        0.0,
        0.0,
        0.0,
        0.0,
        0.0,
        0.0,
        0.0,
        0.0,
        0.0,
        0.0,
        0.0
    ],
    "is_collision_event": false
}