{
    "timestamp": 31.70000047236681,
    "x": 144.03724670410156,
    "y": 59.49251174926758,
    "speed": 5.435226852847029,
    "theta": 1.570945382118225,
    "near_node_x": 150.990234375,
    "near_node_y": 59.492618560791016,
    "near_command": 3,
    "far_node_x": 156.990234375,
    "far_node_y": 59.49188995361328,
    "far_command": 3,
    "angle_near": -0.007657424266110237,
    "angle_far": -0.011288028297941097,
    "steer": -9.531113028060645e-05,
    "throttle": 0.75,
    "brake": 0.0,
    "is_red_light_present": 0,
    "vehicle_detected_flag": 0,
    "distanse": 25,
    "steer_sequence": [
        0.001732440898194909,
        0.0014322277856990695,
        0.0011922792764380574,
        0.0009344540885649621,
        0.0005584607715718448,
        0.0006889623473398387,
        0.0004868965479545295,
        0.000395445735193789,
        0.0003127710660919547,
        0.00014611546066589653,
        0.00026279588928446174,
        0.00012140806211391464,
        2.9012458981014788e-05,
        0.00014136303798295557,
        6.268355355132371e-05,
        5.046974547440186e-05,
        -3.936682333005592e-05,
        6.753392517566681e-05,
        -0.00119447847828269,
        -0.0003180515777785331
    ],
    "throttle_sequence": [
        0.75,
        0.75,
        0.75,
        0.75,
        0.75,
        0.75,
        0.75,
        0.75,
        0.75,
        0.75,
        0.75,
        0.75,
        0.75,
        0.75,
        0.75,
        0.75,
        0.75,
        0.75,
        0.75,
        0.75
    ],
    "brake_sequence": [
        0.0,
        0.0,
        0.0,
        0.0,
        0.0,
        0.0,
        0.0,
        0.0,
        0.0,
        0.0,
        0.0,
        0.0,
        0.0,
        0.0,
        0.0,
        0.0,
        0.0,
        0.0,
        0.0,
        0.0
    ],
    "speed_sequence": [
        1.4380319118499756,
        1.7118104696273804,
        1.980289101600647,
        2.2418816089630127,
        2.513089179992676,
        2.760266065597534,
        2.978335380554199,
        3.190641164779663,
        3.405606269836426,
        3.6257810592651367,
        3.8479058742523193,
        4.069024085998535,
        4.288016319274902,
        4.504449367523193,
        4.718169689178467,
        4.929139614105225,
        5.135988712310791,
        5.3008646965026855,
        5.443304538726807,
        5.4328389167785645
    ],
    "light_sequence": [
        0.0,
        0.0,
        0.0,
        0.0,
        0.0,
        0.0,
        0.0,
        0.0,
        0.0,
        0.0,
        0.0,
        0.0,
        0.0,
        0.0,
        0.0,
        0.0,
        0.0,
        0.0,
        0.0,
        0.0
    ],
    "is_collision_event": false
}