{
    "timestamp": 37.000000551342964,
    "x": 178.06643676757812,
    "y": 59.48684310913086,
    "speed": 6.350544743559429,
    "theta": 1.571220874786377,
    "near_node_x": 185.1702423095703,
    "near_node_y": 59.48845291137695,
    "near_command": 4,
    "far_node_x": 191.1702423095703,
    "far_node_y": 59.48772048950195,
    "far_command": 4,
    "angle_near": -0.01134383057449381,
    "angle_far": -0.02049139369771909,
    "steer": 4.8556314141023904e-05,
    "throttle": 0.75,
    "brake": 0.0,
    "is_red_light_present": 0,
    "vehicle_detected_flag": 0,
    "distanse": 25,
    "steer_sequence": [
        -0.0015666823601350188,
        0.00011670133972074836,
        -0.00025260052643716335,
        -0.001161891152150929,
        0.00026312554837204516,
        -0.00035670175566338,
        -0.0009979616152122617,
        0.00019035620789509267,
        -0.0008587701595388353,
        -0.0007145931595005095,
        -0.0008119273697957397,
        3.3317352063022554e-05,
        -0.00042409225716255605,
        -0.0010124895488843322,
        0.00022793597599957138,
        -0.0006562976050190628,
        -0.00026172370417043567,
        -0.0007098932983353734,
        -0.0004601061518769711,
        -0.0008656384889036417
    ],
    "throttle_sequence": [
        0.75,
        0.75,
        0.75,
        0.75,
        0.4591636657714844,
        0.0,
        0.04491676390171051,
        0.7320639491081238,
        0.75,
        0.75,
        0.75,
        0.75,
        0.75,
        0.3023277223110199,
        0.0,
        0.21818740665912628,
        0.75,
        0.75,
        0.75,
        0.75
    ],
    "brake_sequence": [
        0.0,
        0.0,
        0.0,
        0.0,
        0.0,
        0.09976276010274887,
        0.0,
        0.0,
        0.0,
        0.0,
        0.0,
        0.0,
        0.0,
        0.0,
        0.22931912541389465,
        0.0,
        0.0,
        0.0,
        0.0,
        0.0
    ],
    "speed_sequence": [
        6.216118335723877,
        6.168098449707031,
        6.227392196655273,
        6.361445903778076,
        6.545130252838135,
        6.699620723724365,
        6.659293174743652,
        6.469118118286133,
        6.23236608505249,
        6.115525722503662,
        6.125938892364502,
        6.226194858551025,
        6.387935638427734,
        6.5891900062561035,
        6.736379146575928,
        6.612321853637695,
        6.405759811401367,
        6.221444606781006,
        6.166011810302734,
        6.220059394836426
    ],
    "light_sequence": [
        0.0,
        0.0,
        0.0,
        0.0,
        0.0,
        0.0,
        0.0,
        0.0,
        0.0,
        0.0,
        0.0,
        0.0,
        0.0,
        0.0,
        0.0,
        0.0,
        0.0,
        0.0,
        0.0,
        0.0
    ],
    "is_collision_event": false
}