{
    "timestamp": 33.900000505149364,
    "x": 158.18275451660156,
    "y": 59.48976516723633,
    "speed": 6.742456466770215,
    "theta": 1.5711325407028198,
    "near_node_x": 164.990234375,
    "near_node_y": 59.49091339111328,
    "near_command": 3,
    "far_node_x": 169.1702423095703,
    "far_node_y": 59.49040222167969,
    "far_command": 4,
    "angle_near": -0.00959989943167506,
    "angle_far": -0.01594202229093818,
    "steer": -0.0003785044245887548,
    "throttle": 0.0,
    "brake": 0.2534155249595642,
    "is_red_light_present": 0,
    "vehicle_detected_flag": 0,
    "distanse": 25,
    "steer_sequence": [
        -0.0022600197698920965,
        -4.093106690561399e-05,
        0.0012061451561748981,
        -0.0013504255330190063,
        -1.0045701856142841e-05,
        -0.0004099195066373795,
        -0.0007481567445211112,
        -0.00011909928434761241,
        -0.00027941743610426784,
        -0.0006836432730779052,
        5.8712015743367374e-05,
        -0.00037904269993305206,
        -0.0005281462799757719,
        6.447915075113997e-05,
        -0.0008847304852679372,
        -0.0008639052975922823,
        8.188831270672381e-05,
        -0.0004279267741367221,
        -0.0008611008524894714,
        0.00016938710177782923
    ],
    "throttle_sequence": [
        0.20925942063331604,
        0.0,
        0.0,
        0.3891945481300354,
        0.75,
        0.75,
        0.75,
        0.75,
        0.75,
        0.75,
        0.11529569327831268,
        0.0,
        0.24710093438625336,
        0.75,
        0.75,
        0.75,
        0.75,
        0.75,
        0.6340115666389465,
        0.0
    ],
    "brake_sequence": [
        0.0,
        0.30000001192092896,
        0.30000001192092896,
        0.0,
        0.0,
        0.0,
        0.0,
        0.0,
        0.0,
        0.0,
        0.0,
        0.30000001192092896,
        0.0,
        0.0,
        0.0,
        0.0,
        0.0,
        0.0,
        0.0,
        0.03128933161497116
    ],
    "speed_sequence": [
        6.6412434577941895,
        7.028861999511719,
        6.9249186515808105,
        6.575553894042969,
        6.271671772003174,
        6.08505392074585,
        6.0412797927856445,
        6.103356838226318,
        6.239465713500977,
        6.42469596862793,
        6.640419006347656,
        6.7838945388793945,
        6.605252265930176,
        6.37066650390625,
        6.183704853057861,
        6.1293625831604,
        6.1840949058532715,
        6.3150858879089355,
        6.496857643127441,
        6.681004047393799
    ],
    "light_sequence": [
        0.0,
        0.0,
        0.0,
        0.0,
        0.0,
        0.0,
        0.0,
        0.0,
        0.0,
        0.0,
        0.0,
        0.0,
        0.0,
        0.0,
        0.0,
        0.0,
        0.0,
        0.0,
        0.0,
        0.0
    ],
    "is_collision_event": false
}