{
    "timestamp": 34.80000051856041,
    "x": 163.98118591308594,
    "y": 59.48887252807617,
    "speed": 6.604349830182002,
    "theta": 1.571102261543274,
    "near_node_x": 171.1702423095703,
    "near_node_y": 59.49015808105469,
    "near_command": 4,
    "far_node_x": 177.1702423095703,
    "far_node_y": 59.48942947387695,
    "far_command": 4,
    "angle_near": -0.007282911606185169,
    "angle_far": -0.015109111011659132,
    "steer": 0.00038401855272240937,
    "throttle": 0.2447538524866104,
    "brake": 0.0,
    "is_red_light_present": 0,
    "vehicle_detected_flag": 0,
    "distanse": 25,
    "steer_sequence": [
        -0.0006836432730779052,
        5.8712015743367374e-05,
        -0.00037904269993305206,
        -0.0005281462799757719,
        6.447915075113997e-05,
        -0.0008847304852679372,
        -0.0008639052975922823,
        8.188831270672381e-05,
        -0.0004279267741367221,
        -0.0008611008524894714,
        0.00016938710177782923,
        -0.0003785044245887548,
        -0.0007130344165489078,
        -8.484418503940105e-05,
        -0.0007633609347976744,
        -0.000393813184928149,
        -0.0007508361013606191,
        -1.0918050065811258e-05,
        -0.00029376050224527717,
        -0.0010100166546180844
    ],
    "throttle_sequence": [
        0.75,
        0.11529569327831268,
        0.0,
        0.24710093438625336,
        0.75,
        0.75,
        0.75,
        0.75,
        0.75,
        0.6340115666389465,
        0.0,
        0.0,
        0.5650036931037903,
        0.75,
        0.75,
        0.75,
        0.75,
        0.75,
        0.2730958163738251,
        0.0
    ],
    "brake_sequence": [
        0.0,
        0.0,
        0.30000001192092896,
        0.0,
        0.0,
        0.0,
        0.0,
        0.0,
        0.0,
        0.0,
        0.03128933161497116,
        0.2534155249595642,
        0.0,
        0.0,
        0.0,
        0.0,
        0.0,
        0.0,
        0.0,
        0.2463476061820984
    ],
    "speed_sequence": [
        6.42469596862793,
        6.640419006347656,
        6.7838945388793945,
        6.605252265930176,
        6.37066650390625,
        6.183704853057861,
        6.1293625831604,
        6.1840949058532715,
        6.3150858879089355,
        6.496857643127441,
        6.681004047393799,
        6.742456436157227,
        6.51582145690918,
        6.268391132354736,
        6.141374111175537,
        6.144356727600098,
        6.239485740661621,
        6.39777946472168,
        6.59687614440918,
        6.740545272827148
    ],
    "light_sequence": [
        0.0,
        0.0,
        0.0,
        0.0,
        0.0,
        0.0,
        0.0,
        0.0,
        0.0,
        0.0,
        0.0,
        0.0,
        0.0,
        0.0,
        0.0,
        0.0,
        0.0,
        0.0,
        0.0,
        0.0
    ],
    "is_collision_event": false
}