{
    "timestamp": 47.50000070780516,
    "x": 245.51101684570312,
    "y": 59.478641510009766,
    "speed": 6.576007608349628,
    "theta": 1.5712169408798218,
    "near_node_x": 252.1702423095703,
    "near_node_y": 59.480289459228516,
    "near_command": 4,
    "far_node_x": 258.17022705078125,
    "far_node_y": 59.479557037353516,
    "far_command": 4,
    "angle_near": -0.009920178397450066,
    "angle_far": -0.019955393798831864,
    "steer": -0.00022132147569209337,
    "throttle": 0.347690612077713,
    "brake": 0.0,
    "is_red_light_present": 0,
    "vehicle_detected_flag": 0,
    "distanse": 25,
    "steer_sequence": [
        -0.00025164856924675405,
        -0.0012869701022282243,
        0.00022564972459804267,
        -0.0002801204100251198,
        -0.0012239922070875764,
        0.000412037072237581,
        -0.000362397579010576,
        -0.0016648441087454557,
        8.872684702510014e-05,
        -0.00026576482923701406,
        -0.001233403687365353,
        0.00025583006208762527,
        -0.0002902444393839687,
        -0.0013580149970948696,
        0.0005659397575072944,
        -0.00033190209069289267,
        -0.0011516737286001444,
        -9.886621410259977e-05,
        -0.0008492875494994223,
        -8.250874088844284e-05
    ],
    "throttle_sequence": [
        0.75,
        0.75,
        0.75,
        0.3764946758747101,
        0.0,
        0.1432611495256424,
        0.75,
        0.75,
        0.75,
        0.75,
        0.75,
        0.6861457228660583,
        0.0,
        0.0,
        0.42964041233062744,
        0.75,
        0.75,
        0.75,
        0.75,
        0.75
    ],
    "brake_sequence": [
        0.0,
        0.0,
        0.0,
        0.0,
        0.17731478810310364,
        0.0,
        0.0,
        0.0,
        0.0,
        0.0,
        0.0,
        0.0,
        0.007965338416397572,
        0.30000001192092896,
        0.0,
        0.0,
        0.0,
        0.0,
        0.0,
        0.0
    ],
    "speed_sequence": [
        6.112717628479004,
        6.209482669830322,
        6.36890172958374,
        6.5687713623046875,
        6.722145080566406,
        6.633286952972412,
        6.43686056137085,
        6.23170280456543,
        6.152439117431641,
        6.189663410186768,
        6.308561325073242,
        6.482475757598877,
        6.674503326416016,
        6.770857334136963,
        6.552896022796631,
        6.3066558837890625,
        6.160919666290283,
        6.14752197265625,
        6.231164932250977,
        6.381750106811523
    ],
    "light_sequence": [
        0.0,
        0.0,
        0.0,
        0.0,
        0.0,
        0.0,
        0.0,
        0.0,
        0.0,
        0.0,
        0.0,
        0.0,
        0.0,
        0.0,
        0.0,
        0.0,
        0.0,
        0.0,
        0.0,
        0.0
    ],
    "is_collision_event": false
}