{
    "timestamp": 40.20000059902668,
    "x": 198.63511657714844,
    "y": 59.484413146972656,
    "speed": 6.233141122141828,
    "theta": 1.5712956190109253,
    "near_node_x": 205.1702423095703,
    "near_node_y": 59.48601531982422,
    "near_command": 4,
    "far_node_x": 211.1702423095703,
    "far_node_y": 59.485286712646484,
    "far_command": 4,
    "angle_near": -0.014557152325617667,
    "angle_far": -0.024611063425690742,
    "steer": -0.0008869541925378144,
    "throttle": 0.75,
    "brake": 0.0,
    "is_red_light_present": 0,
    "vehicle_detected_flag": 0,
    "distanse": 25,
    "steer_sequence": [
        0.00036004470894113183,
        -0.00028408647631295025,
        -0.0017398723866790533,
        -7.492049189750105e-05,
        -0.00024570731329731643,
        -0.0006574181606993079,
        -0.0009207940311171114,
        0.00027918023988604546,
        -0.00106318190228194,
        2.772088373603765e-05,
        -0.0001565558632137254,
        -0.0010945103131234646,
        -0.001131765777245164,
        0.00018525862833485007,
        -0.0005026544095017016,
        -0.0011690172832459211,
        0.00036668224493041635,
        -0.0004540453082881868,
        -0.00103364500682801,
        0.00026368541875854135
    ],
    "throttle_sequence": [
        0.005673845298588276,
        0.6980398893356323,
        0.75,
        0.75,
        0.75,
        0.75,
        0.75,
        0.4765148162841797,
        0.0,
        0.012289172038435936,
        0.7043202519416809,
        0.75,
        0.75,
        0.75,
        0.75,
        0.75,
        0.44544535875320435,
        0.0,
        0.05630582198500633,
        0.7485714554786682
    ],
    "brake_sequence": [
        0.0,
        0.0,
        0.0,
        0.0,
        0.0,
        0.0,
        0.0,
        0.0,
        0.11846382170915604,
        0.0,
        0.0,
        0.0,
        0.0,
        0.0,
        0.0,
        0.0,
        0.0,
        0.13422922790050507,
        0.0,
        0.0
    ],
    "speed_sequence": [
        6.671641826629639,
        6.4798431396484375,
        6.2296648025512695,
        6.09655237197876,
        6.095158576965332,
        6.187097072601318,
        6.343324661254883,
        6.5412068367004395,
        6.706051826477051,
        6.669839859008789,
        6.478118896484375,
        6.230274677276611,
        6.100000381469727,
        6.100665092468262,
        6.194089889526367,
        6.3512797355651855,
        6.549757957458496,
        6.7103447914123535,
        6.657562255859375,
        6.465798377990723
    ],
    "light_sequence": [
        0.0,
        0.0,
        0.0,
        0.0,
        0.0,
        0.0,
        0.0,
        0.0,
        0.0,
        0.0,
        0.0,
        0.0,
        0.0,
        0.0,
        0.0,
        0.0,
        0.0,
        0.0,
        0.0,
        0.0
    ],
    "is_collision_event": false
}