{
    "timestamp": 44.30000066012144,
    "x": 224.9965057373047,
    "y": 59.48126983642578,
    "speed": 6.5948935254776035,
    "theta": 1.571229338645935,
    "near_node_x": 233.1702423095703,
    "near_node_y": 59.48260498046875,
    "near_command": 4,
    "far_node_x": 239.1702423095703,
    "far_node_y": 59.48187255859375,
    "far_command": 4,
    "angle_near": -0.015454147224227945,
    "angle_far": -0.02237672316681381,
    "steer": -0.000864615838509053,
    "throttle": 0.27987605333328247,
    "brake": 0.0,
    "is_red_light_present": 0,
    "vehicle_detected_flag": 0,
    "distanse": 25,
    "steer_sequence": [
        0.00024589727399870753,
        -0.0002955830714199692,
        -0.0012418923433870077,
        0.000516094733029604,
        -0.0002704552316572517,
        -0.0017030113376677036,
        0.000175448163645342,
        -0.0002257513697259128,
        -0.0012423052685335279,
        0.00031300491536967456,
        -0.0003587538958527148,
        -0.0010159893427044153,
        0.0001935550826601684,
        -0.0008436936186626554,
        -0.001262980978935957,
        0.0001926499098772183,
        -0.0004167956067249179,
        -0.0011080875992774963,
        0.00031320599373430014,
        -0.00043981190538033843
    ],
    "throttle_sequence": [
        0.75,
        0.2350786030292511,
        0.0,
        0.2675878703594208,
        0.75,
        0.75,
        0.75,
        0.75,
        0.75,
        0.43896055221557617,
        0.0,
        0.0733836367726326,
        0.75,
        0.75,
        0.75,
        0.75,
        0.75,
        0.75,
        0.18248027563095093,
        0.0
    ],
    "brake_sequence": [
        0.0,
        0.0,
        0.2806346118450165,
        0.0,
        0.0,
        0.0,
        0.0,
        0.0,
        0.0,
        0.0,
        0.11385089159011841,
        0.0,
        0.0,
        0.0,
        0.0,
        0.0,
        0.0,
        0.0,
        0.0,
        0.30000001192092896
    ],
    "speed_sequence": [
        6.40514612197876,
        6.607700347900391,
        6.750437259674072,
        6.598443031311035,
        6.380377769470215,
        6.207634925842285,
        6.165256023406982,
        6.2285261154174805,
        6.365294456481934,
        6.550720691680908,
        6.703521728515625,
        6.651421546936035,
        6.460813045501709,
        6.233728885650635,
        6.128384113311768,
        6.1470441818237305,
        6.253091812133789,
        6.418606281280518,
        6.6221795082092285,
        6.762545108795166
    ],
    "light_sequence": [
        0.0,
        0.0,
        0.0,
        0.0,
        0.0,
        0.0,
        0.0,
        0.0,
        0.0,
        0.0,
        0.0,
        0.0,
        0.0,
        0.0,
        0.0,
        0.0,
        0.0,
        0.0,
        0.0,
        0.0
    ],
    "is_collision_event": false
}