{
    "timestamp": 46.90000069886446,
    "x": 241.71751403808594,
    "y": 59.4791374206543,
    "speed": 6.5528960797308775,
    "theta": 1.5710970163345337,
    "near_node_x": 250.1702423095703,
    "near_node_y": 59.480533599853516,
    "near_command": 4,
    "far_node_x": 256.17022705078125,
    "far_node_y": 59.479801177978516,
    "far_command": 4,
    "angle_near": -0.007763418886324566,
    "angle_far": -0.014595873871503252,
    "steer": 0.0005659397575072944,
    "throttle": 0.42964041233062744,
    "brake": 0.0,
    "is_red_light_present": 0,
    "vehicle_detected_flag": 1,
    "distanse": 24.876314163208008,
    "steer_sequence": [
        -0.00035870401188731194,
        -0.001060387003235519,
        0.0003278216172475368,
        -0.0003189147973898798,
        -0.001703518908470869,
        -2.5590094082872383e-05,
        -0.00025164856924675405,
        -0.0012869701022282243,
        0.00022564972459804267,
        -0.0002801204100251198,
        -0.0012239922070875764,
        0.000412037072237581,
        -0.000362397579010576,
        -0.0016648441087454557,
        8.872684702510014e-05,
        -0.00026576482923701406,
        -0.001233403687365353,
        0.00025583006208762527,
        -0.0002902444393839687,
        -0.0013580149970948696
    ],
    "throttle_sequence": [
        0.469821959733963,
        0.0,
        0.027933990582823753,
        0.7165516018867493,
        0.75,
        0.75,
        0.75,
        0.75,
        0.75,
        0.3764946758747101,
        0.0,
        0.1432611495256424,
        0.75,
        0.75,
        0.75,
        0.75,
        0.75,
        0.6861457228660583,
        0.0,
        0.0
    ],
    "brake_sequence": [
        0.0,
        0.09882953763008118,
        0.0,
        0.0,
        0.0,
        0.0,
        0.0,
        0.0,
        0.0,
        0.0,
        0.17731478810310364,
        0.0,
        0.0,
        0.0,
        0.0,
        0.0,
        0.0,
        0.0,
        0.007965338416397572,
        0.30000001192092896
    ],
    "speed_sequence": [
        6.542209148406982,
        6.699450969696045,
        6.664150238037109,
        6.47361421585083,
        6.230984687805176,
        6.107253074645996,
        6.112717628479004,
        6.209482669830322,
        6.36890172958374,
        6.5687713623046875,
        6.722145080566406,
        6.633286952972412,
        6.43686056137085,
        6.23170280456543,
        6.152439117431641,
        6.189663410186768,
        6.308561325073242,
        6.482475757598877,
        6.674503326416016,
        6.770857334136963
    ],
    "light_sequence": [
        0.0,
        0.0,
        0.0,
        0.0,
        0.0,
        0.0,
        0.0,
        0.0,
        0.0,
        0.0,
        0.0,
        0.0,
        0.0,
        0.0,
        0.0,
        0.0,
        0.0,
        0.0,
        0.0,
        0.0
    ],
    "is_collision_event": false
}