{
    "timestamp": 43.10000064224005,
    "x": 217.21490478515625,
    "y": 59.482177734375,
    "speed": 6.365294243856015,
    "theta": 1.5713051557540894,
    "near_node_x": 225.1702423095703,
    "near_node_y": 59.483577728271484,
    "near_command": 4,
    "far_node_x": 231.1702423095703,
    "far_node_y": 59.48284912109375,
    "far_command": 4,
    "angle_near": -0.019071756051975138,
    "angle_far": -0.026398283979348375,
    "steer": -0.0012423052685335279,
    "throttle": 0.75,
    "brake": 0.0,
    "is_red_light_present": 0,
    "vehicle_detected_flag": 1,
    "distanse": 24.01864242553711,
    "steer_sequence": [
        -0.0008611007360741496,
        -0.0005355447647161782,
        -0.0007842801278457046,
        6.064062472432852e-05,
        -0.0009234586032107472,
        -6.278319051489234e-05,
        -0.00011130187340313569,
        -0.0005172729725018144,
        -0.0014017407083883882,
        -6.22014922555536e-05,
        -0.0003177458420395851,
        -0.0012257647467777133,
        0.00024589727399870753,
        -0.0002955830714199692,
        -0.0012418923433870077,
        0.000516094733029604,
        -0.0002704552316572517,
        -0.0017030113376677036,
        0.000175448163645342,
        -0.0002257513697259128
    ],
    "throttle_sequence": [
        0.75,
        0.75,
        0.75,
        0.75,
        0.4483843743801117,
        0.0,
        0.06040085852146149,
        0.7475410103797913,
        0.75,
        0.75,
        0.75,
        0.75,
        0.75,
        0.2350786030292511,
        0.0,
        0.2675878703594208,
        0.75,
        0.75,
        0.75,
        0.75
    ],
    "brake_sequence": [
        0.0,
        0.0,
        0.0,
        0.0,
        0.0,
        0.10665453970432281,
        0.0,
        0.0,
        0.0,
        0.0,
        0.0,
        0.0,
        0.0,
        0.0,
        0.2806346118450165,
        0.0,
        0.0,
        0.0,
        0.0,
        0.0
    ],
    "speed_sequence": [
        6.211514472961426,
        6.166530609130859,
        6.227949619293213,
        6.363471508026123,
        6.548115253448486,
        6.7015252113342285,
        6.655010223388672,
        6.4648637771606445,
        6.233490467071533,
        6.122962474822998,
        6.1379170417785645,
        6.241337776184082,
        6.40514612197876,
        6.607700347900391,
        6.750437259674072,
        6.598443031311035,
        6.380377769470215,
        6.207634925842285,
        6.165256023406982,
        6.2285261154174805
    ],
    "light_sequence": [
        0.0,
        0.0,
        0.0,
        0.0,
        0.0,
        0.0,
        0.0,
        0.0,
        0.0,
        0.0,
        0.0,
        0.0,
        0.0,
        0.0,
        0.0,
        0.0,
        0.0,
        0.0,
        0.0,
        0.0
    ],
    "is_collision_event": false
}