{
    "timestamp": 47.800000712275505,
    "x": 247.50540161132812,
    "y": 59.47855758666992,
    "speed": 6.423370053138437,
    "theta": 1.5711783170700073,
    "near_node_x": 254.17025756835938,
    "near_node_y": 59.480045318603516,
    "near_command": 4,
    "far_node_x": 260.17022705078125,
    "far_node_y": 59.479312896728516,
    "far_command": 4,
    "angle_near": -0.00909916415146445,
    "angle_far": -0.018471722584768285,
    "steer": -0.0003705663839355111,
    "throttle": 0.75,
    "brake": 0.0,
    "is_red_light_present": 0,
    "vehicle_detected_flag": 0,
    "distanse": 25,
    "steer_sequence": [
        -0.0002801204100251198,
        -0.0012239922070875764,
        0.000412037072237581,
        -0.000362397579010576,
        -0.0016648441087454557,
        8.872684702510014e-05,
        -0.00026576482923701406,
        -0.001233403687365353,
        0.00025583006208762527,
        -0.0002902444393839687,
        -0.0013580149970948696,
        0.0005659397575072944,
        -0.00033190209069289267,
        -0.0011516737286001444,
        -9.886621410259977e-05,
        -0.0008492875494994223,
        -8.250874088844284e-05,
        -0.00022132147569209337,
        -0.0010825071949511766,
        0.00032199276029132307
    ],
    "throttle_sequence": [
        0.3764946758747101,
        0.0,
        0.1432611495256424,
        0.75,
        0.75,
        0.75,
        0.75,
        0.75,
        0.6861457228660583,
        0.0,
        0.0,
        0.42964041233062744,
        0.75,
        0.75,
        0.75,
        0.75,
        0.75,
        0.347690612077713,
        0.0,
        0.1807337999343872
    ],
    "brake_sequence": [
        0.0,
        0.17731478810310364,
        0.0,
        0.0,
        0.0,
        0.0,
        0.0,
        0.0,
        0.0,
        0.007965338416397572,
        0.30000001192092896,
        0.0,
        0.0,
        0.0,
        0.0,
        0.0,
        0.0,
        0.0,
        0.18453072011470795,
        0.0
    ],
    "speed_sequence": [
        6.5687713623046875,
        6.722145080566406,
        6.633286952972412,
        6.43686056137085,
        6.23170280456543,
        6.152439117431641,
        6.189663410186768,
        6.308561325073242,
        6.482475757598877,
        6.674503326416016,
        6.770857334136963,
        6.552896022796631,
        6.3066558837890625,
        6.160919666290283,
        6.14752197265625,
        6.231164932250977,
        6.381750106811523,
        6.576007843017578,
        6.723232269287109,
        6.621926784515381
    ],
    "light_sequence": [
        0.0,
        0.0,
        0.0,
        0.0,
        0.0,
        0.0,
        0.0,
        0.0,
        0.0,
        0.0,
        0.0,
        0.0,
        0.0,
        0.0,
        0.0,
        0.0,
        0.0,
        0.0,
        0.0,
        0.0
    ],
    "is_collision_event": false
}