{
    "timestamp": 40.90000060945749,
    "x": 203.12635803222656,
    "y": 59.4838981628418,
    "speed": 6.601388144212185,
    "theta": 1.571245789527893,
    "near_node_x": 211.1702423095703,
    "near_node_y": 59.485286712646484,
    "near_command": 4,
    "far_node_x": 217.1702423095703,
    "far_node_y": 59.484554290771484,
    "far_command": 4,
    "angle_near": -0.01586037576915091,
    "angle_far": -0.02307402716277027,
    "steer": -0.0008942417916841805,
    "throttle": 0.2571299970149994,
    "brake": 0.0,
    "is_red_light_present": 0,
    "vehicle_detected_flag": 0,
    "distanse": 25,
    "steer_sequence": [
        0.00027918023988604546,
        -0.00106318190228194,
        2.772088373603765e-05,
        -0.0001565558632137254,
        -0.0010945103131234646,
        -0.001131765777245164,
        0.00018525862833485007,
        -0.0005026544095017016,
        -0.0011690172832459211,
        0.00036668224493041635,
        -0.0004540453082881868,
        -0.00103364500682801,
        0.00026368541875854135,
        -0.0008869541925378144,
        -0.0013360107550397515,
        0.0002390349400229752,
        -0.00042682240018621087,
        -0.001170146046206355,
        0.0003611450083553791,
        -0.00045659055467695
    ],
    "throttle_sequence": [
        0.4765148162841797,
        0.0,
        0.012289172038435936,
        0.7043202519416809,
        0.75,
        0.75,
        0.75,
        0.75,
        0.75,
        0.44544535875320435,
        0.0,
        0.05630582198500633,
        0.7485714554786682,
        0.75,
        0.75,
        0.75,
        0.75,
        0.75,
        0.2521745264530182,
        0.0
    ],
    "brake_sequence": [
        0.0,
        0.11846382170915604,
        0.0,
        0.0,
        0.0,
        0.0,
        0.0,
        0.0,
        0.0,
        0.0,
        0.13422922790050507,
        0.0,
        0.0,
        0.0,
        0.0,
        0.0,
        0.0,
        0.0,
        0.0,
        0.2666100561618805
    ],
    "speed_sequence": [
        6.5412068367004395,
        6.706051826477051,
        6.669839859008789,
        6.478118896484375,
        6.230274677276611,
        6.100000381469727,
        6.100665092468262,
        6.194089889526367,
        6.3512797355651855,
        6.549757957458496,
        6.7103447914123535,
        6.657562255859375,
        6.465798377990723,
        6.23314094543457,
        6.121020317077637,
        6.134817600250244,
        6.237467288970947,
        6.400752067565918,
        6.602960586547852,
        6.7465667724609375
    ],
    "light_sequence": [
        0.0,
        0.0,
        0.0,
        0.0,
        0.0,
        0.0,
        0.0,
        0.0,
        0.0,
        0.0,
        0.0,
        0.0,
        0.0,
        0.0,
        0.0,
        0.0,
        0.0,
        0.0,
        0.0,
        0.0
    ],
    "is_collision_event": false
}