{
    "timestamp": 47.20000070333481,
    "x": 243.60166931152344,
    "y": 59.47888946533203,
    "speed": 6.147522167709074,
    "theta": 1.5712575912475586,
    "near_node_x": 250.1702423095703,
    "near_node_y": 59.480533599853516,
    "near_command": 4,
    "far_node_x": 256.17022705078125,
    "far_node_y": 59.479801177978516,
    "far_command": 4,
    "angle_near": -0.012090390022403837,
    "angle_far": -0.022275516068689577,
    "steer": -9.886621410259977e-05,
    "throttle": 0.75,
    "brake": 0.0,
    "is_red_light_present": 0,
    "vehicle_detected_flag": 0,
    "distanse": 25,
    "steer_sequence": [
        -0.0003189147973898798,
        -0.001703518908470869,
        -2.5590094082872383e-05,
        -0.00025164856924675405,
        -0.0012869701022282243,
        0.00022564972459804267,
        -0.0002801204100251198,
        -0.0012239922070875764,
        0.000412037072237581,
        -0.000362397579010576,
        -0.0016648441087454557,
        8.872684702510014e-05,
        -0.00026576482923701406,
        -0.001233403687365353,
        0.00025583006208762527,
        -0.0002902444393839687,
        -0.0013580149970948696,
        0.0005659397575072944,
        -0.00033190209069289267,
        -0.0011516737286001444
    ],
    "throttle_sequence": [
        0.7165516018867493,
        0.75,
        0.75,
        0.75,
        0.75,
        0.75,
        0.3764946758747101,
        0.0,
        0.1432611495256424,
        0.75,
        0.75,
        0.75,
        0.75,
        0.75,
        0.6861457228660583,
        0.0,
        0.0,
        0.42964041233062744,
        0.75,
        0.75
    ],
    "brake_sequence": [
        0.0,
        0.0,
        0.0,
        0.0,
        0.0,
        0.0,
        0.0,
        0.17731478810310364,
        0.0,
        0.0,
        0.0,
        0.0,
        0.0,
        0.0,
        0.0,
        0.007965338416397572,
        0.30000001192092896,
        0.0,
        0.0,
        0.0
    ],
    "speed_sequence": [
        6.47361421585083,
        6.230984687805176,
        6.107253074645996,
        6.112717628479004,
        6.209482669830322,
        6.36890172958374,
        6.5687713623046875,
        6.722145080566406,
        6.633286952972412,
        6.43686056137085,
        6.23170280456543,
        6.152439117431641,
        6.189663410186768,
        6.308561325073242,
        6.482475757598877,
        6.674503326416016,
        6.770857334136963,
        6.552896022796631,
        6.3066558837890625,
        6.160919666290283
    ],
    "light_sequence": [
        0.0,
        0.0,
        0.0,
        0.0,
        0.0,
        0.0,
        0.0,
        0.0,
        0.0,
        0.0,
        0.0,
        0.0,
        0.0,
        0.0,
        0.0,
        0.0,
        0.0,
        0.0,
        0.0,
        0.0
    ],
    "is_collision_event": false
}