{
    "timestamp": 45.200000673532486,
    "x": 230.7947235107422,
    "y": 59.48061752319336,
    "speed": 6.4736142630680975,
    "theta": 1.5711835622787476,
    "near_node_x": 237.17022705078125,
    "near_node_y": 59.48211669921875,
    "near_command": 4,
    "far_node_x": 243.1702423095703,
    "far_node_y": 59.48138427734375,
    "far_command": 4,
    "angle_near": -0.008711486279315566,
    "angle_far": -0.01863448246774772,
    "steer": -0.0003189147973898798,
    "throttle": 0.7165516018867493,
    "brake": 0.0,
    "is_red_light_present": 0,
    "vehicle_detected_flag": 1,
    "distanse": 23.929805755615234,
    "steer_sequence": [
        0.00031300491536967456,
        -0.0003587538958527148,
        -0.0010159893427044153,
        0.0001935550826601684,
        -0.0008436936186626554,
        -0.001262980978935957,
        0.0001926499098772183,
        -0.0004167956067249179,
        -0.0011080875992774963,
        0.00031320599373430014,
        -0.00043981190538033843,
        -0.000864615838509053,
        0.0002622089523356408,
        -0.0008902191184461117,
        -0.0005260511534288526,
        -0.0007469316478818655,
        2.969208435388282e-05,
        -0.00035870401188731194,
        -0.001060387003235519,
        0.0003278216172475368
    ],
    "throttle_sequence": [
        0.43896055221557617,
        0.0,
        0.0733836367726326,
        0.75,
        0.75,
        0.75,
        0.75,
        0.75,
        0.75,
        0.18248027563095093,
        0.0,
        0.27987605333328247,
        0.75,
        0.75,
        0.75,
        0.75,
        0.75,
        0.469821959733963,
        0.0,
        0.027933990582823753
    ],
    "brake_sequence": [
        0.0,
        0.11385089159011841,
        0.0,
        0.0,
        0.0,
        0.0,
        0.0,
        0.0,
        0.0,
        0.0,
        0.30000001192092896,
        0.0,
        0.0,
        0.0,
        0.0,
        0.0,
        0.0,
        0.0,
        0.09882953763008118,
        0.0
    ],
    "speed_sequence": [
        6.550720691680908,
        6.703521728515625,
        6.651421546936035,
        6.460813045501709,
        6.233728885650635,
        6.128384113311768,
        6.1470441818237305,
        6.253091812133789,
        6.418606281280518,
        6.6221795082092285,
        6.762545108795166,
        6.594893455505371,
        6.368788242340088,
        6.196260929107666,
        6.155030727386475,
        6.2190752029418945,
        6.356395721435547,
        6.542209148406982,
        6.699450969696045,
        6.664150238037109
    ],
    "light_sequence": [
        0.0,
        0.0,
        0.0,
        0.0,
        0.0,
        0.0,
        0.0,
        0.0,
        0.0,
        0.0,
        0.0,
        0.0,
        0.0,
        0.0,
        0.0,
        0.0,
        0.0,
        0.0,
        0.0,
        0.0
    ],
    "is_collision_event": false
}