{
    "timestamp": 49.80000074207783,
    "x": 260.30841064453125,
    "y": 59.47685241699219,
    "speed": 6.201528889786022,
    "theta": 1.5713260173797607,
    "near_node_x": 268.17022705078125,
    "near_node_y": 59.47834014892578,
    "near_command": 4,
    "far_node_x": 274.17022705078125,
    "far_node_y": 59.47760772705078,
    "far_command": 4,
    "angle_near": -0.019508962306539965,
    "angle_far": -0.02722937402966691,
    "steer": -0.001116337371058762,
    "throttle": 0.75,
    "brake": 0.0,
    "is_red_light_present": 0,
    "vehicle_detected_flag": 0,
    "distanse": 25,
    "steer_sequence": [
        -0.0003705663839355111,
        -0.0015905445907264948,
        8.319339394802228e-05,
        -0.00026878263452090323,
        -0.0011965313460677862,
        0.00026199317653663456,
        -0.00033917135442607105,
        -0.0011101599084213376,
        0.000341602397384122,
        -0.0006342762499116361,
        -0.0009148387471213937,
        -0.0007610954926349223,
        6.9526991865132e-05,
        -0.0004629349277820438,
        -0.0009936436545103788,
        0.00022982156951911747,
        -0.00020660232985392213,
        -0.001198586425743997,
        -0.00030650506960228086,
        -0.00036136165726929903
    ],
    "throttle_sequence": [
        0.75,
        0.75,
        0.75,
        0.75,
        0.75,
        0.5796276926994324,
        0.0,
        0.0,
        0.6323109269142151,
        0.75,
        0.75,
        0.75,
        0.75,
        0.75,
        0.3562506139278412,
        0.0,
        0.16694730520248413,
        0.75,
        0.75,
        0.75
    ],
    "brake_sequence": [
        0.0,
        0.0,
        0.0,
        0.0,
        0.0,
        0.0,
        0.03867333382368088,
        0.1505797654390335,
        0.0,
        0.0,
        0.0,
        0.0,
        0.0,
        0.0,
        0.0,
        0.18765151500701904,
        0.0,
        0.0,
        0.0,
        0.0
    ],
    "speed_sequence": [
        6.423369884490967,
        6.229434013366699,
        6.162778854370117,
        6.208927631378174,
        6.333975315093994,
        6.511866092681885,
        6.682849407196045,
        6.713597774505615,
        6.496722221374512,
        6.249823093414307,
        6.12119197845459,
        6.123157501220703,
        6.217528343200684,
        6.3753533363342285,
        6.5741729736328125,
        6.7247114181518555,
        6.626382350921631,
        6.428070545196533,
        6.229935169219971,
        6.15867805480957
    ],
    "light_sequence": [
        0.0,
        0.0,
        0.0,
        0.0,
        0.0,
        0.0,
        0.0,
        0.0,
        0.0,
        0.0,
        0.0,
        0.0,
        0.0,
        0.0,
        0.0,
        0.0,
        0.0,
        0.0,
        0.0,
        0.0
    ],
    "is_collision_event": false
}