{
    "timestamp": 42.200000628829,
    "x": 211.42286682128906,
    "y": 59.48276138305664,
    "speed": 6.2413377912763535,
    "theta": 1.571350336074829,
    "near_node_x": 219.1702423095703,
    "near_node_y": 59.484310150146484,
    "near_command": 4,
    "far_node_x": 225.1702423095703,
    "far_node_y": 59.483577728271484,
    "far_command": 4,
    "angle_near": -0.02029098621083951,
    "angle_far": -0.02834257389477358,
    "steer": -0.0012257647467777133,
    "throttle": 0.75,
    "brake": 0.0,
    "is_red_light_present": 0,
    "vehicle_detected_flag": 0,
    "distanse": 25,
    "steer_sequence": [
        -0.0008869541925378144,
        -0.0013360107550397515,
        0.0002390349400229752,
        -0.00042682240018621087,
        -0.001170146046206355,
        0.0003611450083553791,
        -0.00045659055467695,
        -0.0008942417916841805,
        0.00022840843303129077,
        -0.0008611007360741496,
        -0.0005355447647161782,
        -0.0007842801278457046,
        6.064062472432852e-05,
        -0.0009234586032107472,
        -6.278319051489234e-05,
        -0.00011130187340313569,
        -0.0005172729725018144,
        -0.0014017407083883882,
        -6.22014922555536e-05,
        -0.0003177458420395851
    ],
    "throttle_sequence": [
        0.75,
        0.75,
        0.75,
        0.75,
        0.75,
        0.2521745264530182,
        0.0,
        0.2571299970149994,
        0.75,
        0.75,
        0.75,
        0.75,
        0.75,
        0.4483843743801117,
        0.0,
        0.06040085852146149,
        0.7475410103797913,
        0.75,
        0.75,
        0.75
    ],
    "brake_sequence": [
        0.0,
        0.0,
        0.0,
        0.0,
        0.0,
        0.0,
        0.2666100561618805,
        0.0,
        0.0,
        0.0,
        0.0,
        0.0,
        0.0,
        0.0,
        0.10665453970432281,
        0.0,
        0.0,
        0.0,
        0.0,
        0.0
    ],
    "speed_sequence": [
        6.23314094543457,
        6.121020317077637,
        6.134817600250244,
        6.237467288970947,
        6.400752067565918,
        6.602960586547852,
        6.7465667724609375,
        6.601387977600098,
        6.386436939239502,
        6.211514472961426,
        6.166530609130859,
        6.227949619293213,
        6.363471508026123,
        6.548115253448486,
        6.7015252113342285,
        6.655010223388672,
        6.4648637771606445,
        6.233490467071533,
        6.122962474822998,
        6.1379170417785645
    ],
    "light_sequence": [
        0.0,
        0.0,
        0.0,
        0.0,
        0.0,
        0.0,
        0.0,
        0.0,
        0.0,
        0.0,
        0.0,
        0.0,
        0.0,
        0.0,
        0.0,
        0.0,
        0.0,
        0.0,
        0.0,
        0.0
    ],
    "is_collision_event": false
}