{
    "timestamp": 40.600000604987144,
    "x": 201.1277313232422,
    "y": 59.48395538330078,
    "speed": 6.400751957019341,
    "theta": 1.5713359117507935,
    "near_node_x": 209.1702423095703,
    "near_node_y": 59.48552703857422,
    "near_command": 4,
    "far_node_x": 215.1702423095703,
    "far_node_y": 59.484798431396484,
    "far_command": 4,
    "angle_near": -0.019722516863877996,
    "angle_far": -0.027479394481720203,
    "steer": -0.001170146046206355,
    "throttle": 0.75,
    "brake": 0.0,
    "is_red_light_present": 0,
    "vehicle_detected_flag": 0,
    "distanse": 25,
    "steer_sequence": [
        -0.00024570731329731643,
        -0.0006574181606993079,
        -0.0009207940311171114,
        0.00027918023988604546,
        -0.00106318190228194,
        2.772088373603765e-05,
        -0.0001565558632137254,
        -0.0010945103131234646,
        -0.001131765777245164,
        0.00018525862833485007,
        -0.0005026544095017016,
        -0.0011690172832459211,
        0.00036668224493041635,
        -0.0004540453082881868,
        -0.00103364500682801,
        0.00026368541875854135,
        -0.0008869541925378144,
        -0.0013360107550397515,
        0.0002390349400229752,
        -0.00042682240018621087
    ],
    "throttle_sequence": [
        0.75,
        0.75,
        0.75,
        0.4765148162841797,
        0.0,
        0.012289172038435936,
        0.7043202519416809,
        0.75,
        0.75,
        0.75,
        0.75,
        0.75,
        0.44544535875320435,
        0.0,
        0.05630582198500633,
        0.7485714554786682,
        0.75,
        0.75,
        0.75,
        0.75
    ],
    "brake_sequence": [
        0.0,
        0.0,
        0.0,
        0.0,
        0.11846382170915604,
        0.0,
        0.0,
        0.0,
        0.0,
        0.0,
        0.0,
        0.0,
        0.0,
        0.13422922790050507,
        0.0,
        0.0,
        0.0,
        0.0,
        0.0,
        0.0
    ],
    "speed_sequence": [
        6.095158576965332,
        6.187097072601318,
        6.343324661254883,
        6.5412068367004395,
        6.706051826477051,
        6.669839859008789,
        6.478118896484375,
        6.230274677276611,
        6.100000381469727,
        6.100665092468262,
        6.194089889526367,
        6.3512797355651855,
        6.549757957458496,
        6.7103447914123535,
        6.657562255859375,
        6.465798377990723,
        6.23314094543457,
        6.121020317077637,
        6.134817600250244,
        6.237467288970947
    ],
    "light_sequence": [
        0.0,
        0.0,
        0.0,
        0.0,
        0.0,
        0.0,
        0.0,
        0.0,
        0.0,
        0.0,
        0.0,
        0.0,
        0.0,
        0.0,
        0.0,
        0.0,
        0.0,
        0.0,
        0.0,
        0.0
    ],
    "is_collision_event": false
}