{
    "timestamp": 42.50000063329935,
    "x": 213.3876495361328,
    "y": 59.48265075683594,
    "speed": 6.750437208675118,
    "theta": 1.5713070631027222,
    "near_node_x": 221.1702423095703,
    "near_node_y": 59.484066009521484,
    "near_command": 4,
    "far_node_x": 227.1702423095703,
    "far_node_y": 59.483333587646484,
    "far_command": 4,
    "angle_near": -0.01884389473413213,
    "angle_far": -0.026424441135387684,
    "steer": -0.0012418923433870077,
    "throttle": 0.0,
    "brake": 0.2806346118450165,
    "is_red_light_present": 0,
    "vehicle_detected_flag": 1,
    "distanse": 24.486469268798828,
    "steer_sequence": [
        -0.00042682240018621087,
        -0.001170146046206355,
        0.0003611450083553791,
        -0.00045659055467695,
        -0.0008942417916841805,
        0.00022840843303129077,
        -0.0008611007360741496,
        -0.0005355447647161782,
        -0.0007842801278457046,
        6.064062472432852e-05,
        -0.0009234586032107472,
        -6.278319051489234e-05,
        -0.00011130187340313569,
        -0.0005172729725018144,
        -0.0014017407083883882,
        -6.22014922555536e-05,
        -0.0003177458420395851,
        -0.0012257647467777133,
        0.00024589727399870753,
        -0.0002955830714199692
    ],
    "throttle_sequence": [
        0.75,
        0.75,
        0.2521745264530182,
        0.0,
        0.2571299970149994,
        0.75,
        0.75,
        0.75,
        0.75,
        0.75,
        0.4483843743801117,
        0.0,
        0.06040085852146149,
        0.7475410103797913,
        0.75,
        0.75,
        0.75,
        0.75,
        0.75,
        0.2350786030292511
    ],
    "brake_sequence": [
        0.0,
        0.0,
        0.0,
        0.2666100561618805,
        0.0,
        0.0,
        0.0,
        0.0,
        0.0,
        0.0,
        0.0,
        0.10665453970432281,
        0.0,
        0.0,
        0.0,
        0.0,
        0.0,
        0.0,
        0.0,
        0.0
    ],
    "speed_sequence": [
        6.237467288970947,
        6.400752067565918,
        6.602960586547852,
        6.7465667724609375,
        6.601387977600098,
        6.386436939239502,
        6.211514472961426,
        6.166530609130859,
        6.227949619293213,
        6.363471508026123,
        6.548115253448486,
        6.7015252113342285,
        6.655010223388672,
        6.4648637771606445,
        6.233490467071533,
        6.122962474822998,
        6.1379170417785645,
        6.241337776184082,
        6.40514612197876,
        6.607700347900391
    ],
    "light_sequence": [
        0.0,
        0.0,
        0.0,
        0.0,
        0.0,
        0.0,
        0.0,
        0.0,
        0.0,
        0.0,
        0.0,
        0.0,
        0.0,
        0.0,
        0.0,
        0.0,
        0.0,
        0.0,
        0.0,
        0.0
    ],
    "is_collision_event": false
}