{
    "timestamp": 44.90000066906214,
    "x": 228.79661560058594,
    "y": 59.480712890625,
    "speed": 6.542208961261424,
    "theta": 1.571242094039917,
    "near_node_x": 235.1702423095703,
    "near_node_y": 59.48236083984375,
    "near_command": 4,
    "far_node_x": 241.1702423095703,
    "far_node_y": 59.48162841796875,
    "far_command": 4,
    "angle_near": -0.010729267730728291,
    "angle_far": -0.02130419575094436,
    "steer": -0.00035870401188731194,
    "throttle": 0.469821959733963,
    "brake": 0.0,
    "is_red_light_present": 0,
    "vehicle_detected_flag": 1,
    "distanse": 24.987028121948242,
    "steer_sequence": [
        0.000175448163645342,
        -0.0002257513697259128,
        -0.0012423052685335279,
        0.00031300491536967456,
        -0.0003587538958527148,
        -0.0010159893427044153,
        0.0001935550826601684,
        -0.0008436936186626554,
        -0.001262980978935957,
        0.0001926499098772183,
        -0.0004167956067249179,
        -0.0011080875992774963,
        0.00031320599373430014,
        -0.00043981190538033843,
        -0.000864615838509053,
        0.0002622089523356408,
        -0.0008902191184461117,
        -0.0005260511534288526,
        -0.0007469316478818655,
        2.969208435388282e-05
    ],
    "throttle_sequence": [
        0.75,
        0.75,
        0.75,
        0.43896055221557617,
        0.0,
        0.0733836367726326,
        0.75,
        0.75,
        0.75,
        0.75,
        0.75,
        0.75,
        0.18248027563095093,
        0.0,
        0.27987605333328247,
        0.75,
        0.75,
        0.75,
        0.75,
        0.75
    ],
    "brake_sequence": [
        0.0,
        0.0,
        0.0,
        0.0,
        0.11385089159011841,
        0.0,
        0.0,
        0.0,
        0.0,
        0.0,
        0.0,
        0.0,
        0.0,
        0.30000001192092896,
        0.0,
        0.0,
        0.0,
        0.0,
        0.0,
        0.0
    ],
    "speed_sequence": [
        6.165256023406982,
        6.2285261154174805,
        6.365294456481934,
        6.550720691680908,
        6.703521728515625,
        6.651421546936035,
        6.460813045501709,
        6.233728885650635,
        6.128384113311768,
        6.1470441818237305,
        6.253091812133789,
        6.418606281280518,
        6.6221795082092285,
        6.762545108795166,
        6.594893455505371,
        6.368788242340088,
        6.196260929107666,
        6.155030727386475,
        6.2190752029418945,
        6.356395721435547
    ],
    "light_sequence": [
        0.0,
        0.0,
        0.0,
        0.0,
        0.0,
        0.0,
        0.0,
        0.0,
        0.0,
        0.0,
        0.0,
        0.0,
        0.0,
        0.0,
        0.0,
        0.0,
        0.0,
        0.0,
        0.0,
        0.0
    ],
    "is_collision_event": false
}