{
    "timestamp": 44.60000066459179,
    "x": 226.89276123046875,
    "y": 59.48099136352539,
    "speed": 6.155030847194524,
    "theta": 1.5713022947311401,
    "near_node_x": 233.1702423095703,
    "near_node_y": 59.48260498046875,
    "near_command": 4,
    "far_node_x": 239.1702423095703,
    "far_node_y": 59.48187255859375,
    "far_command": 4,
    "angle_near": -0.014261145998002931,
    "angle_far": -0.024876632537375657,
    "steer": -0.0005260511534288526,
    "throttle": 0.75,
    "brake": 0.0,
    "is_red_light_present": 0,
    "vehicle_detected_flag": 0,
    "distanse": 25,
    "steer_sequence": [
        0.000516094733029604,
        -0.0002704552316572517,
        -0.0017030113376677036,
        0.000175448163645342,
        -0.0002257513697259128,
        -0.0012423052685335279,
        0.00031300491536967456,
        -0.0003587538958527148,
        -0.0010159893427044153,
        0.0001935550826601684,
        -0.0008436936186626554,
        -0.001262980978935957,
        0.0001926499098772183,
        -0.0004167956067249179,
        -0.0011080875992774963,
        0.00031320599373430014,
        -0.00043981190538033843,
        -0.000864615838509053,
        0.0002622089523356408,
        -0.0008902191184461117
    ],
    "throttle_sequence": [
        0.2675878703594208,
        0.75,
        0.75,
        0.75,
        0.75,
        0.75,
        0.43896055221557617,
        0.0,
        0.0733836367726326,
        0.75,
        0.75,
        0.75,
        0.75,
        0.75,
        0.75,
        0.18248027563095093,
        0.0,
        0.27987605333328247,
        0.75,
        0.75
    ],
    "brake_sequence": [
        0.0,
        0.0,
        0.0,
        0.0,
        0.0,
        0.0,
        0.0,
        0.11385089159011841,
        0.0,
        0.0,
        0.0,
        0.0,
        0.0,
        0.0,
        0.0,
        0.0,
        0.30000001192092896,
        0.0,
        0.0,
        0.0
    ],
    "speed_sequence": [
        6.598443031311035,
        6.380377769470215,
        6.207634925842285,
        6.165256023406982,
        6.2285261154174805,
        6.365294456481934,
        6.550720691680908,
        6.703521728515625,
        6.651421546936035,
        6.460813045501709,
        6.233728885650635,
        6.128384113311768,
        6.1470441818237305,
        6.253091812133789,
        6.418606281280518,
        6.6221795082092285,
        6.762545108795166,
        6.594893455505371,
        6.368788242340088,
        6.196260929107666
    ],
    "light_sequence": [
        0.0,
        0.0,
        0.0,
        0.0,
        0.0,
        0.0,
        0.0,
        0.0,
        0.0,
        0.0,
        0.0,
        0.0,
        0.0,
        0.0,
        0.0,
        0.0,
        0.0,
        0.0,
        0.0,
        0.0
    ],
    "is_collision_event": false
}