{
    "timestamp": 48.50000072270632,
    "x": 251.9977264404297,
    "y": 59.47793960571289,
    "speed": 6.713597821843151,
    "theta": 1.5712695121765137,
    "near_node_x": 260.17022705078125,
    "near_node_y": 59.479312896728516,
    "near_command": 4,
    "far_node_x": 266.17022705078125,
    "far_node_y": 59.47858428955078,
    "far_command": 4,
    "angle_near": -0.017481857588773315,
    "angle_far": -0.024503437049800472,
    "steer": -0.0011101599084213376,
    "throttle": 0.0,
    "brake": 0.1505797654390335,
    "is_red_light_present": 0,
    "vehicle_detected_flag": 0,
    "distanse": 25,
    "steer_sequence": [
        -0.001233403687365353,
        0.00025583006208762527,
        -0.0002902444393839687,
        -0.0013580149970948696,
        0.0005659397575072944,
        -0.00033190209069289267,
        -0.0011516737286001444,
        -9.886621410259977e-05,
        -0.0008492875494994223,
        -8.250874088844284e-05,
        -0.00022132147569209337,
        -0.0010825071949511766,
        0.00032199276029132307,
        -0.0003705663839355111,
        -0.0015905445907264948,
        8.319339394802228e-05,
        -0.00026878263452090323,
        -0.0011965313460677862,
        0.00026199317653663456,
        -0.00033917135442607105
    ],
    "throttle_sequence": [
        0.75,
        0.6861457228660583,
        0.0,
        0.0,
        0.42964041233062744,
        0.75,
        0.75,
        0.75,
        0.75,
        0.75,
        0.347690612077713,
        0.0,
        0.1807337999343872,
        0.75,
        0.75,
        0.75,
        0.75,
        0.75,
        0.5796276926994324,
        0.0
    ],
    "brake_sequence": [
        0.0,
        0.0,
        0.007965338416397572,
        0.30000001192092896,
        0.0,
        0.0,
        0.0,
        0.0,
        0.0,
        0.0,
        0.0,
        0.18453072011470795,
        0.0,
        0.0,
        0.0,
        0.0,
        0.0,
        0.0,
        0.0,
        0.03867333382368088
    ],
    "speed_sequence": [
        6.308561325073242,
        6.482475757598877,
        6.674503326416016,
        6.770857334136963,
        6.552896022796631,
        6.3066558837890625,
        6.160919666290283,
        6.14752197265625,
        6.231164932250977,
        6.381750106811523,
        6.576007843017578,
        6.723232269287109,
        6.621926784515381,
        6.423369884490967,
        6.229434013366699,
        6.162778854370117,
        6.208927631378174,
        6.333975315093994,
        6.511866092681885,
        6.682849407196045
    ],
    "light_sequence": [
        0.0,
        0.0,
        0.0,
        0.0,
        0.0,
        0.0,
        0.0,
        0.0,
        0.0,
        0.0,
        0.0,
        0.0,
        0.0,
        0.0,
        0.0,
        0.0,
        0.0,
        0.0,
        0.0,
        0.0
    ],
    "is_collision_event": false
}