{
    "timestamp": 49.20000073313713,
    "x": 256.4378356933594,
    "y": 59.47734832763672,
    "speed": 6.574173055361896,
    "theta": 1.5712974071502686,
    "near_node_x": 264.17022705078125,
    "near_node_y": 59.47882843017578,
    "near_command": 4,
    "far_node_x": 270.17022705078125,
    "far_node_y": 59.47809600830078,
    "far_command": 4,
    "angle_near": -0.01774535554542907,
    "angle_far": -0.025593123053613023,
    "steer": -0.0009936436545103788,
    "throttle": 0.3562506139278412,
    "brake": 0.0,
    "is_red_light_present": 0,
    "vehicle_detected_flag": 0,
    "distanse": 25,
    "steer_sequence": [
        -9.886621410259977e-05,
        -0.0008492875494994223,
        -8.250874088844284e-05,
        -0.00022132147569209337,
        -0.0010825071949511766,
        0.00032199276029132307,
        -0.0003705663839355111,
        -0.0015905445907264948,
        8.319339394802228e-05,
        -0.00026878263452090323,
        -0.0011965313460677862,
        0.00026199317653663456,
        -0.00033917135442607105,
        -0.0011101599084213376,
        0.000341602397384122,
        -0.0006342762499116361,
        -0.0009148387471213937,
        -0.0007610954926349223,
        6.9526991865132e-05,
        -0.0004629349277820438
    ],
    "throttle_sequence": [
        0.75,
        0.75,
        0.75,
        0.347690612077713,
        0.0,
        0.1807337999343872,
        0.75,
        0.75,
        0.75,
        0.75,
        0.75,
        0.5796276926994324,
        0.0,
        0.0,
        0.6323109269142151,
        0.75,
        0.75,
        0.75,
        0.75,
        0.75
    ],
    "brake_sequence": [
        0.0,
        0.0,
        0.0,
        0.0,
        0.18453072011470795,
        0.0,
        0.0,
        0.0,
        0.0,
        0.0,
        0.0,
        0.0,
        0.03867333382368088,
        0.1505797654390335,
        0.0,
        0.0,
        0.0,
        0.0,
        0.0,
        0.0
    ],
    "speed_sequence": [
        6.14752197265625,
        6.231164932250977,
        6.381750106811523,
        6.576007843017578,
        6.723232269287109,
        6.621926784515381,
        6.423369884490967,
        6.229434013366699,
        6.162778854370117,
        6.208927631378174,
        6.333975315093994,
        6.511866092681885,
        6.682849407196045,
        6.713597774505615,
        6.496722221374512,
        6.249823093414307,
        6.12119197845459,
        6.123157501220703,
        6.217528343200684,
        6.3753533363342285
    ],
    "light_sequence": [
        0.0,
        0.0,
        0.0,
        0.0,
        0.0,
        0.0,
        0.0,
        0.0,
        0.0,
        0.0,
        0.0,
        0.0,
        0.0,
        0.0,
        0.0,
        0.0,
        0.0,
        0.0,
        0.0,
        0.0
    ],
    "is_collision_event": false
}