{
    "timestamp": 41.600000619888306,
    "x": 207.60081481933594,
    "y": 59.483280181884766,
    "speed": 6.701525116291295,
    "theta": 1.5711963176727295,
    "near_node_x": 215.1702423095703,
    "near_node_y": 59.484798431396484,
    "near_command": 4,
    "far_node_x": 221.1702423095703,
    "far_node_y": 59.484066009521484,
    "far_command": 4,
    "angle_near": -0.011425461415203538,
    "angle_far": -0.01959955812329547,
    "steer": -6.278319051489234e-05,
    "throttle": 0.0,
    "brake": 0.10665453970432281,
    "is_red_light_present": 0,
    "vehicle_detected_flag": 0,
    "distanse": 25,
    "steer_sequence": [
        -0.0005026544095017016,
        -0.0011690172832459211,
        0.00036668224493041635,
        -0.0004540453082881868,
        -0.00103364500682801,
        0.00026368541875854135,
        -0.0008869541925378144,
        -0.0013360107550397515,
        0.0002390349400229752,
        -0.00042682240018621087,
        -0.001170146046206355,
        0.0003611450083553791,
        -0.00045659055467695,
        -0.0008942417916841805,
        0.00022840843303129077,
        -0.0008611007360741496,
        -0.0005355447647161782,
        -0.0007842801278457046,
        6.064062472432852e-05,
        -0.0009234586032107472
    ],
    "throttle_sequence": [
        0.75,
        0.75,
        0.44544535875320435,
        0.0,
        0.05630582198500633,
        0.7485714554786682,
        0.75,
        0.75,
        0.75,
        0.75,
        0.75,
        0.2521745264530182,
        0.0,
        0.2571299970149994,
        0.75,
        0.75,
        0.75,
        0.75,
        0.75,
        0.4483843743801117
    ],
    "brake_sequence": [
        0.0,
        0.0,
        0.0,
        0.13422922790050507,
        0.0,
        0.0,
        0.0,
        0.0,
        0.0,
        0.0,
        0.0,
        0.0,
        0.2666100561618805,
        0.0,
        0.0,
        0.0,
        0.0,
        0.0,
        0.0,
        0.0
    ],
    "speed_sequence": [
        6.194089889526367,
        6.3512797355651855,
        6.549757957458496,
        6.7103447914123535,
        6.657562255859375,
        6.465798377990723,
        6.23314094543457,
        6.121020317077637,
        6.134817600250244,
        6.237467288970947,
        6.400752067565918,
        6.602960586547852,
        6.7465667724609375,
        6.601387977600098,
        6.386436939239502,
        6.211514472961426,
        6.166530609130859,
        6.227949619293213,
        6.363471508026123,
        6.548115253448486
    ],
    "light_sequence": [
        0.0,
        0.0,
        0.0,
        0.0,
        0.0,
        0.0,
        0.0,
        0.0,
        0.0,
        0.0,
        0.0,
        0.0,
        0.0,
        0.0,
        0.0,
        0.0,
        0.0,
        0.0,
        0.0,
        0.0
    ],
    "is_collision_event": false
}