{
    "timestamp": 43.80000065267086,
    "x": 221.73236083984375,
    "y": 59.48143005371094,
    "speed": 6.147044290182678,
    "theta": 1.5712405443191528,
    "near_node_x": 229.1702423095703,
    "near_node_y": 59.48309326171875,
    "near_command": 4,
    "far_node_x": 235.1702423095703,
    "far_node_y": 59.48236083984375,
    "far_command": 4,
    "angle_near": -0.012641549523302858,
    "angle_far": -0.021484998075389214,
    "steer": 0.0001926499098772183,
    "throttle": 0.75,
    "brake": 0.0,
    "is_red_light_present": 0,
    "vehicle_detected_flag": 0,
    "distanse": 25,
    "steer_sequence": [
        -0.0005172729725018144,
        -0.0014017407083883882,
        -6.22014922555536e-05,
        -0.0003177458420395851,
        -0.0012257647467777133,
        0.00024589727399870753,
        -0.0002955830714199692,
        -0.0012418923433870077,
        0.000516094733029604,
        -0.0002704552316572517,
        -0.0017030113376677036,
        0.000175448163645342,
        -0.0002257513697259128,
        -0.0012423052685335279,
        0.00031300491536967456,
        -0.0003587538958527148,
        -0.0010159893427044153,
        0.0001935550826601684,
        -0.0008436936186626554,
        -0.001262980978935957
    ],
    "throttle_sequence": [
        0.7475410103797913,
        0.75,
        0.75,
        0.75,
        0.75,
        0.75,
        0.2350786030292511,
        0.0,
        0.2675878703594208,
        0.75,
        0.75,
        0.75,
        0.75,
        0.75,
        0.43896055221557617,
        0.0,
        0.0733836367726326,
        0.75,
        0.75,
        0.75
    ],
    "brake_sequence": [
        0.0,
        0.0,
        0.0,
        0.0,
        0.0,
        0.0,
        0.0,
        0.2806346118450165,
        0.0,
        0.0,
        0.0,
        0.0,
        0.0,
        0.0,
        0.0,
        0.11385089159011841,
        0.0,
        0.0,
        0.0,
        0.0
    ],
    "speed_sequence": [
        6.4648637771606445,
        6.233490467071533,
        6.122962474822998,
        6.1379170417785645,
        6.241337776184082,
        6.40514612197876,
        6.607700347900391,
        6.750437259674072,
        6.598443031311035,
        6.380377769470215,
        6.207634925842285,
        6.165256023406982,
        6.2285261154174805,
        6.365294456481934,
        6.550720691680908,
        6.703521728515625,
        6.651421546936035,
        6.460813045501709,
        6.233728885650635,
        6.128384113311768
    ],
    "light_sequence": [
        0.0,
        0.0,
        0.0,
        0.0,
        0.0,
        0.0,
        0.0,
        0.0,
        0.0,
        0.0,
        0.0,
        0.0,
        0.0,
        0.0,
        0.0,
        0.0,
        0.0,
        0.0,
        0.0,
        0.0
    ],
    "is_collision_event": false
}