{
    "timestamp": 54.30000080913305,
    "x": 289.222412109375,
    "y": 59.47330093383789,
    "speed": 6.533240337564692,
    "theta": 1.571196436882019,
    "near_node_x": 296.17022705078125,
    "near_node_y": 59.47492599487305,
    "near_command": 4,
    "far_node_x": 302.17022705078125,
    "far_node_y": 59.47419738769531,
    "far_command": 4,
    "angle_near": -0.009525395117131975,
    "angle_far": -0.018959680653116526,
    "steer": 0.00022994783648755401,
    "throttle": 0.5022833347320557,
    "brake": 0.0,
    "is_red_light_present": 0,
    "vehicle_detected_flag": 1,
    "distanse": 12.841228485107422,
    "steer_sequence": [
        -0.0009022315498441458,
        2.9494287446141243e-05,
        -0.0004049863782711327,
        -0.0010383852059021592,
        0.000224857431021519,
        -0.0002180171140935272,
        -0.001151501783169806,
        -0.0003702010726556182,
        -0.00043460927554406226,
        -0.0011029397137463093,
        8.891974721336737e-05,
        -0.00033356653875671327,
        -0.0010532020824030042,
        0.00019885713118128479,
        -8.97746067494154e-05,
        -0.0010416546138003469,
        -0.0004257539985701442,
        -0.00030023418366909027,
        -0.00045006387517787516,
        -0.000948967004660517
    ],
    "throttle_sequence": [
        0.75,
        0.75,
        0.75,
        0.4273264408111572,
        0.0,
        0.07983241230249405,
        0.75,
        0.75,
        0.75,
        0.75,
        0.75,
        0.75,
        0.15884751081466675,
        0.0,
        0.2776733934879303,
        0.75,
        0.75,
        0.75,
        0.75,
        0.75
    ],
    "brake_sequence": [
        0.0,
        0.0,
        0.0,
        0.0,
        0.1455840766429901,
        0.0,
        0.0,
        0.0,
        0.0,
        0.0,
        0.0,
        0.0,
        0.0,
        0.30000001192092896,
        0.0,
        0.0,
        0.0,
        0.0,
        0.0,
        0.0
    ],
    "speed_sequence": [
        6.103602886199951,
        6.1980180740356445,
        6.355900287628174,
        6.554786682128906,
        6.7134809494018555,
        6.651005268096924,
        6.458246231079102,
        6.233205318450928,
        6.130427837371826,
        6.15090799331665,
        6.258203029632568,
        6.42457914352417,
        6.628660202026367,
        6.767955303192139,
        6.5954413414001465,
        6.366459369659424,
        6.191655158996582,
        6.148699760437012,
        6.21149206161499,
        6.3479695320129395
    ],
    "light_sequence": [
        0.0,
        0.0,
        0.0,
        0.0,
        0.0,
        0.0,
        0.0,
        0.0,
        0.0,
        0.0,
        0.0,
        0.0,
        0.0,
        0.0,
        0.0,
        0.0,
        0.0,
        0.0,
        0.0,
        0.0
    ],
    "is_collision_event": false
}