{
    "timestamp": 53.10000079125166,
    "x": 281.54217529296875,
    "y": 59.474212646484375,
    "speed": 6.130427824454003,
    "theta": 1.5712981224060059,
    "near_node_x": 288.17022705078125,
    "near_node_y": 59.47590255737305,
    "near_command": 4,
    "far_node_x": 294.17022705078125,
    "far_node_y": 59.47517013549805,
    "far_command": 4,
    "angle_near": -0.014143831148259277,
    "angle_far": -0.02440785728067364,
    "steer": -0.00043460927554406226,
    "throttle": 0.75,
    "brake": 0.0,
    "is_red_light_present": 0,
    "vehicle_detected_flag": 1,
    "distanse": 18.40931510925293,
    "steer_sequence": [
        0.0004365647619124502,
        -0.0003471185627859086,
        -0.0010660056723281741,
        -0.0008129816851578653,
        0.00016035350563470274,
        -0.0004952913732267916,
        -0.0010239906841889024,
        0.00029256503330543637,
        -0.0008298137108795345,
        -0.00021820083202328533,
        -0.0007285329629667103,
        -0.0006659419159404933,
        -0.0009022315498441458,
        2.9494287446141243e-05,
        -0.0004049863782711327,
        -0.0010383852059021592,
        0.000224857431021519,
        -0.0002180171140935272,
        -0.001151501783169806,
        -0.0003702010726556182
    ],
    "throttle_sequence": [
        0.23304660618305206,
        0.75,
        0.75,
        0.75,
        0.75,
        0.75,
        0.4777110815048218,
        0.0,
        0.017385898157954216,
        0.7065909504890442,
        0.75,
        0.75,
        0.75,
        0.75,
        0.75,
        0.4273264408111572,
        0.0,
        0.07983241230249405,
        0.75,
        0.75
    ],
    "brake_sequence": [
        0.0,
        0.0,
        0.0,
        0.0,
        0.0,
        0.0,
        0.0,
        0.08933252841234207,
        0.0,
        0.0,
        0.0,
        0.0,
        0.0,
        0.0,
        0.0,
        0.0,
        0.1455840766429901,
        0.0,
        0.0,
        0.0
    ],
    "speed_sequence": [
        6.607699871063232,
        6.3992767333984375,
        6.218922138214111,
        6.167728424072266,
        6.224764823913574,
        6.357304573059082,
        6.540008068084717,
        6.696746349334717,
        6.666935443878174,
        6.476165771484375,
        6.229799270629883,
        6.101505756378174,
        6.103602886199951,
        6.1980180740356445,
        6.355900287628174,
        6.554786682128906,
        6.7134809494018555,
        6.651005268096924,
        6.458246231079102,
        6.233205318450928
    ],
    "light_sequence": [
        0.0,
        0.0,
        0.0,
        0.0,
        0.0,
        0.0,
        0.0,
        0.0,
        0.0,
        0.0,
        0.0,
        0.0,
        0.0,
        0.0,
        0.0,
        0.0,
        0.0,
        0.0,
        0.0,
        0.0
    ],
    "is_collision_event": false
}