{
    "timestamp": 52.60000078380108,
    "x": 278.2903747558594,
    "y": 59.4746208190918,
    "speed": 6.554786912374305,
    "theta": 1.5713094472885132,
    "near_node_x": 286.17022705078125,
    "near_node_y": 59.47614669799805,
    "near_command": 4,
    "far_node_x": 292.17022705078125,
    "far_node_y": 59.47541427612305,
    "far_command": 4,
    "angle_near": -0.01830229634043198,
    "angle_far": -0.02612185140692354,
    "steer": -0.0010383852059021592,
    "throttle": 0.4273264408111572,
    "brake": 0.0,
    "is_red_light_present": 0,
    "vehicle_detected_flag": 1,
    "distanse": 21.267162322998047,
    "steer_sequence": [
        -0.00021251749421935529,
        -0.0011338344775140285,
        0.00013230316108092666,
        -0.00025650940369814634,
        -0.0011449279263615608,
        0.0004365647619124502,
        -0.0003471185627859086,
        -0.0010660056723281741,
        -0.0008129816851578653,
        0.00016035350563470274,
        -0.0004952913732267916,
        -0.0010239906841889024,
        0.00029256503330543637,
        -0.0008298137108795345,
        -0.00021820083202328533,
        -0.0007285329629667103,
        -0.0006659419159404933,
        -0.0009022315498441458,
        2.9494287446141243e-05,
        -0.0004049863782711327
    ],
    "throttle_sequence": [
        0.75,
        0.75,
        0.75,
        0.2875734269618988,
        0.0,
        0.23304660618305206,
        0.75,
        0.75,
        0.75,
        0.75,
        0.75,
        0.4777110815048218,
        0.0,
        0.017385898157954216,
        0.7065909504890442,
        0.75,
        0.75,
        0.75,
        0.75,
        0.75
    ],
    "brake_sequence": [
        0.0,
        0.0,
        0.0,
        0.0,
        0.23626160621643066,
        0.0,
        0.0,
        0.0,
        0.0,
        0.0,
        0.0,
        0.0,
        0.08933252841234207,
        0.0,
        0.0,
        0.0,
        0.0,
        0.0,
        0.0,
        0.0
    ],
    "speed_sequence": [
        6.139929294586182,
        6.235284328460693,
        6.393736362457275,
        6.592950820922852,
        6.737855911254883,
        6.607699871063232,
        6.3992767333984375,
        6.218922138214111,
        6.167728424072266,
        6.224764823913574,
        6.357304573059082,
        6.540008068084717,
        6.696746349334717,
        6.666935443878174,
        6.476165771484375,
        6.229799270629883,
        6.101505756378174,
        6.103602886199951,
        6.1980180740356445,
        6.355900287628174
    ],
    "light_sequence": [
        0.0,
        0.0,
        0.0,
        0.0,
        0.0,
        0.0,
        0.0,
        0.0,
        0.0,
        0.0,
        0.0,
        0.0,
        0.0,
        0.0,
        0.0,
        0.0,
        0.0,
        0.0,
        0.0,
        0.0
    ],
    "is_collision_event": false
}