{
    "timestamp": 55.2000008225441,
    "x": 293.9637451171875,
    "y": 59.47475814819336,
    "speed": 2.503338138401626,
    "theta": 1.5734022855758667,
    "near_node_x": 298.17022705078125,
    "near_node_y": 59.47468185424805,
    "near_command": 4,
    "far_node_x": 304.17022705078125,
    "far_node_y": 59.47395324707031,
    "far_command": 4,
    "angle_near": -0.15035027233137754,
    "angle_far": -0.15382953136814914,
    "steer": 0.0,
    "throttle": 0.0,
    "brake": 0.5,
    "is_red_light_present": 0,
    "vehicle_detected_flag": 1,
    "distanse": 9.274456977844238,
    "steer_sequence": [
        -0.0011029397137463093,
        8.891974721336737e-05,
        -0.00033356653875671327,
        -0.0010532020824030042,
        0.00019885713118128479,
        -8.97746067494154e-05,
        -0.0010416546138003469,
        -0.0004257539985701442,
        -0.00030023418366909027,
        -0.00045006387517787516,
        -0.000948967004660517,
        0.00022994783648755401,
        -0.0009645167738199234,
        -5.241691542323679e-05,
        0.0,
        0.0,
        0.0,
        0.0,
        0.0,
        0.0
    ],
    "throttle_sequence": [
        0.75,
        0.75,
        0.75,
        0.15884751081466675,
        0.0,
        0.2776733934879303,
        0.75,
        0.75,
        0.75,
        0.75,
        0.75,
        0.5022833347320557,
        0.0,
        0.0,
        0.0,
        0.0,
        0.0,
        0.0,
        0.0,
        0.0
    ],
    "brake_sequence": [
        0.0,
        0.0,
        0.0,
        0.0,
        0.30000001192092896,
        0.0,
        0.0,
        0.0,
        0.0,
        0.0,
        0.0,
        0.0,
        0.08309917896986008,
        0.021277587860822678,
        0.5,
        0.5,
        0.5,
        0.5,
        0.5,
        0.5
    ],
    "speed_sequence": [
        6.15090799331665,
        6.258203029632568,
        6.42457914352417,
        6.628660202026367,
        6.767955303192139,
        6.5954413414001465,
        6.366459369659424,
        6.191655158996582,
        6.148699760437012,
        6.21149206161499,
        6.3479695320129395,
        6.53324031829834,
        6.695156574249268,
        6.67787504196167,
        6.483468055725098,
        6.183010101318359,
        5.623958587646484,
        4.551283836364746,
        3.6935808658599854,
        3.0296242237091064
    ],
    "light_sequence": [
        0.0,
        0.0,
        0.0,
        0.0,
        0.0,
        0.0,
        0.0,
        0.0,
        0.0,
        0.0,
        0.0,
        0.0,
        0.0,
        0.0,
        0.0,
        0.0,
        0.0,
        0.0,
        0.0,
        0.0
    ],
    "is_collision_event": false
}