{
    "timestamp": 51.20000076293945,
    "x": 269.36865234375,
    "y": 59.4759407043457,
    "speed": 6.399276770542401,
    "theta": 1.571152687072754,
    "near_node_x": 276.17022705078125,
    "near_node_y": 59.47736358642578,
    "near_command": 4,
    "far_node_x": 282.17022705078125,
    "far_node_y": 59.47663497924805,
    "far_command": 4,
    "angle_near": -0.008434271724783192,
    "angle_far": -0.01731313292966536,
    "steer": -0.0003471185627859086,
    "throttle": 0.75,
    "brake": 0.0,
    "is_red_light_present": 0,
    "vehicle_detected_flag": 1,
    "distanse": 24.63661003112793,
    "steer_sequence": [
        -0.0009936436545103788,
        0.00022982156951911747,
        -0.00020660232985392213,
        -0.001198586425743997,
        -0.00030650506960228086,
        -0.00036136165726929903,
        -0.001116337371058762,
        0.00012451777001842856,
        -0.00030983940814621747,
        -0.0010951681761071086,
        0.00024272722657769918,
        -0.00013446126831695437,
        -0.0013616911601275206,
        -0.00026296652504242957,
        -0.00021251749421935529,
        -0.0011338344775140285,
        0.00013230316108092666,
        -0.00025650940369814634,
        -0.0011449279263615608,
        0.0004365647619124502
    ],
    "throttle_sequence": [
        0.3562506139278412,
        0.0,
        0.16694730520248413,
        0.75,
        0.75,
        0.75,
        0.75,
        0.75,
        0.6197829246520996,
        0.0,
        0.0,
        0.583344042301178,
        0.75,
        0.75,
        0.75,
        0.75,
        0.75,
        0.2875734269618988,
        0.0,
        0.23304660618305206
    ],
    "brake_sequence": [
        0.0,
        0.18765151500701904,
        0.0,
        0.0,
        0.0,
        0.0,
        0.0,
        0.0,
        0.0,
        0.024394940584897995,
        0.22504569590091705,
        0.0,
        0.0,
        0.0,
        0.0,
        0.0,
        0.0,
        0.0,
        0.23626160621643066,
        0.0
    ],
    "speed_sequence": [
        6.5741729736328125,
        6.7247114181518555,
        6.626382350921631,
        6.428070545196533,
        6.229935169219971,
        6.15867805480957,
        6.201529026031494,
        6.324323654174805,
        6.500787734985352,
        6.678949356079102,
        6.734288215637207,
        6.510305404663086,
        6.2632951736450195,
        6.136569499969482,
        6.139929294586182,
        6.235284328460693,
        6.393736362457275,
        6.592950820922852,
        6.737855911254883,
        6.607699871063232
    ],
    "light_sequence": [
        0.0,
        0.0,
        0.0,
        0.0,
        0.0,
        0.0,
        0.0,
        0.0,
        0.0,
        0.0,
        0.0,
        0.0,
        0.0,
        0.0,
        0.0,
        0.0,
        0.0,
        0.0,
        0.0,
        0.0
    ],
    "is_collision_event": false
}