{
    "timestamp": 50.30000074952841,
    "x": 263.58782958984375,
    "y": 59.476600646972656,
    "speed": 6.510305292825839,
    "theta": 1.5711575746536255,
    "near_node_x": 270.17022705078125,
    "near_node_y": 59.47809600830078,
    "near_command": 4,
    "far_node_x": 276.17022705078125,
    "far_node_y": 59.47736358642578,
    "far_command": 4,
    "angle_near": -0.007682297930289155,
    "angle_far": -0.01722435562836574,
    "steer": -0.00013446126831695437,
    "throttle": 0.583344042301178,
    "brake": 0.0,
    "is_red_light_present": 0,
    "vehicle_detected_flag": 1,
    "distanse": 24.0849609375,
    "steer_sequence": [
        0.00026199317653663456,
        -0.00033917135442607105,
        -0.0011101599084213376,
        0.000341602397384122,
        -0.0006342762499116361,
        -0.0009148387471213937,
        -0.0007610954926349223,
        6.9526991865132e-05,
        -0.0004629349277820438,
        -0.0009936436545103788,
        0.00022982156951911747,
        -0.00020660232985392213,
        -0.001198586425743997,
        -0.00030650506960228086,
        -0.00036136165726929903,
        -0.001116337371058762,
        0.00012451777001842856,
        -0.00030983940814621747,
        -0.0010951681761071086,
        0.00024272722657769918
    ],
    "throttle_sequence": [
        0.5796276926994324,
        0.0,
        0.0,
        0.6323109269142151,
        0.75,
        0.75,
        0.75,
        0.75,
        0.75,
        0.3562506139278412,
        0.0,
        0.16694730520248413,
        0.75,
        0.75,
        0.75,
        0.75,
        0.75,
        0.6197829246520996,
        0.0,
        0.0
    ],
    "brake_sequence": [
        0.0,
        0.03867333382368088,
        0.1505797654390335,
        0.0,
        0.0,
        0.0,
        0.0,
        0.0,
        0.0,
        0.0,
        0.18765151500701904,
        0.0,
        0.0,
        0.0,
        0.0,
        0.0,
        0.0,
        0.0,
        0.024394940584897995,
        0.22504569590091705
    ],
    "speed_sequence": [
        6.511866092681885,
        6.682849407196045,
        6.713597774505615,
        6.496722221374512,
        6.249823093414307,
        6.12119197845459,
        6.123157501220703,
        6.217528343200684,
        6.3753533363342285,
        6.5741729736328125,
        6.7247114181518555,
        6.626382350921631,
        6.428070545196533,
        6.229935169219971,
        6.15867805480957,
        6.201529026031494,
        6.324323654174805,
        6.500787734985352,
        6.678949356079102,
        6.734288215637207
    ],
    "light_sequence": [
        0.0,
        0.0,
        0.0,
        0.0,
        0.0,
        0.0,
        0.0,
        0.0,
        0.0,
        0.0,
        0.0,
        0.0,
        0.0,
        0.0,
        0.0,
        0.0,
        0.0,
        0.0,
        0.0,
        0.0
    ],
    "is_collision_event": false
}