{
    "timestamp": 51.5000007674098,
    "x": 271.2439880371094,
    "y": 59.47549819946289,
    "speed": 6.224764949936093,
    "theta": 1.5712189674377441,
    "near_node_x": 278.17022705078125,
    "near_node_y": 59.47711944580078,
    "near_command": 4,
    "far_node_x": 284.17022705078125,
    "far_node_y": 59.47639083862305,
    "far_command": 4,
    "angle_near": -0.01080190944416204,
    "angle_far": -0.020256672144465238,
    "steer": 0.00016035350563470274,
    "throttle": 0.75,
    "brake": 0.0,
    "is_red_light_present": 0,
    "vehicle_detected_flag": 1,
    "distanse": 24.877670288085938,
    "steer_sequence": [
        -0.001198586425743997,
        -0.00030650506960228086,
        -0.00036136165726929903,
        -0.001116337371058762,
        0.00012451777001842856,
        -0.00030983940814621747,
        -0.0010951681761071086,
        0.00024272722657769918,
        -0.00013446126831695437,
        -0.0013616911601275206,
        -0.00026296652504242957,
        -0.00021251749421935529,
        -0.0011338344775140285,
        0.00013230316108092666,
        -0.00025650940369814634,
        -0.0011449279263615608,
        0.0004365647619124502,
        -0.0003471185627859086,
        -0.0010660056723281741,
        -0.0008129816851578653
    ],
    "throttle_sequence": [
        0.75,
        0.75,
        0.75,
        0.75,
        0.75,
        0.6197829246520996,
        0.0,
        0.0,
        0.583344042301178,
        0.75,
        0.75,
        0.75,
        0.75,
        0.75,
        0.2875734269618988,
        0.0,
        0.23304660618305206,
        0.75,
        0.75,
        0.75
    ],
    "brake_sequence": [
        0.0,
        0.0,
        0.0,
        0.0,
        0.0,
        0.0,
        0.024394940584897995,
        0.22504569590091705,
        0.0,
        0.0,
        0.0,
        0.0,
        0.0,
        0.0,
        0.0,
        0.23626160621643066,
        0.0,
        0.0,
        0.0,
        0.0
    ],
    "speed_sequence": [
        6.428070545196533,
        6.229935169219971,
        6.15867805480957,
        6.201529026031494,
        6.324323654174805,
        6.500787734985352,
        6.678949356079102,
        6.734288215637207,
        6.510305404663086,
        6.2632951736450195,
        6.136569499969482,
        6.139929294586182,
        6.235284328460693,
        6.393736362457275,
        6.592950820922852,
        6.737855911254883,
        6.607699871063232,
        6.3992767333984375,
        6.218922138214111,
        6.167728424072266
    ],
    "light_sequence": [
        0.0,
        0.0,
        0.0,
        0.0,
        0.0,
        0.0,
        0.0,
        0.0,
        0.0,
        0.0,
        0.0,
        0.0,
        0.0,
        0.0,
        0.0,
        0.0,
        0.0,
        0.0,
        0.0,
        0.0
    ],
    "is_collision_event": false
}