{
    "timestamp": 52.50000078231096,
    "x": 277.64056396484375,
    "y": 59.474613189697266,
    "speed": 6.355900331560589,
    "theta": 1.5712857246398926,
    "near_node_x": 284.17022705078125,
    "near_node_y": 59.47639083862305,
    "near_command": 4,
    "far_node_x": 290.17022705078125,
    "far_node_y": 59.47565841674805,
    "far_command": 4,
    "angle_near": -0.012442513670603964,
    "angle_far": -0.023261208690797706,
    "steer": -0.0004049863782711327,
    "throttle": 0.75,
    "brake": 0.0,
    "is_red_light_present": 0,
    "vehicle_detected_flag": 1,
    "distanse": 21.720190048217773,
    "steer_sequence": [
        -0.00026296652504242957,
        -0.00021251749421935529,
        -0.0011338344775140285,
        0.00013230316108092666,
        -0.00025650940369814634,
        -0.0011449279263615608,
        0.0004365647619124502,
        -0.0003471185627859086,
        -0.0010660056723281741,
        -0.0008129816851578653,
        0.00016035350563470274,
        -0.0004952913732267916,
        -0.0010239906841889024,
        0.00029256503330543637,
        -0.0008298137108795345,
        -0.00021820083202328533,
        -0.0007285329629667103,
        -0.0006659419159404933,
        -0.0009022315498441458,
        2.9494287446141243e-05
    ],
    "throttle_sequence": [
        0.75,
        0.75,
        0.75,
        0.75,
        0.2875734269618988,
        0.0,
        0.23304660618305206,
        0.75,
        0.75,
        0.75,
        0.75,
        0.75,
        0.4777110815048218,
        0.0,
        0.017385898157954216,
        0.7065909504890442,
        0.75,
        0.75,
        0.75,
        0.75
    ],
    "brake_sequence": [
        0.0,
        0.0,
        0.0,
        0.0,
        0.0,
        0.23626160621643066,
        0.0,
        0.0,
        0.0,
        0.0,
        0.0,
        0.0,
        0.0,
        0.08933252841234207,
        0.0,
        0.0,
        0.0,
        0.0,
        0.0,
        0.0
    ],
    "speed_sequence": [
        6.136569499969482,
        6.139929294586182,
        6.235284328460693,
        6.393736362457275,
        6.592950820922852,
        6.737855911254883,
        6.607699871063232,
        6.3992767333984375,
        6.218922138214111,
        6.167728424072266,
        6.224764823913574,
        6.357304573059082,
        6.540008068084717,
        6.696746349334717,
        6.666935443878174,
        6.476165771484375,
        6.229799270629883,
        6.101505756378174,
        6.103602886199951,
        6.1980180740356445
    ],
    "light_sequence": [
        0.0,
        0.0,
        0.0,
        0.0,
        0.0,
        0.0,
        0.0,
        0.0,
        0.0,
        0.0,
        0.0,
        0.0,
        0.0,
        0.0,
        0.0,
        0.0,
        0.0,
        0.0,
        0.0,
        0.0
    ],
    "is_collision_event": false
}