{
    "timestamp": 55.60000082850456,
    "x": 294.5809020996094,
    "y": 59.47653579711914,
    "speed": 0.006851490662853216,
    "theta": 1.5736075639724731,
    "near_node_x": 298.17022705078125,
    "near_node_y": 59.47468185424805,
    "near_command": 4,
    "far_node_x": 304.17022705078125,
    "far_node_y": 59.47395324707031,
    "far_command": 4,
    "angle_near": -0.19066827056083618,
    "angle_far": -0.17650471909362658,
    "steer": 0.0,
    "throttle": 0.0,
    "brake": 0.5,
    "is_red_light_present": 0,
    "vehicle_detected_flag": 1,
    "distanse": 9.854857444763184,
    "steer_sequence": [
        0.00019885713118128479,
        -8.97746067494154e-05,
        -0.0010416546138003469,
        -0.0004257539985701442,
        -0.00030023418366909027,
        -0.00045006387517787516,
        -0.000948967004660517,
        0.00022994783648755401,
        -0.0009645167738199234,
        -5.241691542323679e-05,
        0.0,
        0.0,
        0.0,
        0.0,
        0.0,
        0.0,
        0.0,
        0.0,
        0.0,
        0.0
    ],
    "throttle_sequence": [
        0.0,
        0.2776733934879303,
        0.75,
        0.75,
        0.75,
        0.75,
        0.75,
        0.5022833347320557,
        0.0,
        0.0,
        0.0,
        0.0,
        0.0,
        0.0,
        0.0,
        0.0,
        0.0,
        0.0,
        0.0,
        0.0
    ],
    "brake_sequence": [
        0.30000001192092896,
        0.0,
        0.0,
        0.0,
        0.0,
        0.0,
        0.0,
        0.0,
        0.08309917896986008,
        0.021277587860822678,
        0.5,
        0.5,
        0.5,
        0.5,
        0.5,
        0.5,
        0.5,
        0.5,
        0.5,
        0.5
    ],
    "speed_sequence": [
        6.767955303192139,
        6.5954413414001465,
        6.366459369659424,
        6.191655158996582,
        6.148699760437012,
        6.21149206161499,
        6.3479695320129395,
        6.53324031829834,
        6.695156574249268,
        6.67787504196167,
        6.483468055725098,
        6.183010101318359,
        5.623958587646484,
        4.551283836364746,
        3.6935808658599854,
        3.0296242237091064,
        2.503338098526001,
        2.0825984477996826,
        1.7062318325042725,
        1.3455313444137573
    ],
    "light_sequence": [
        0.0,
        0.0,
        0.0,
        0.0,
        0.0,
        0.0,
        0.0,
        0.0,
        0.0,
        0.0,
        0.0,
        0.0,
        0.0,
        0.0,
        0.0,
        0.0,
        0.0,
        0.0,
        0.0,
        0.0
    ],
    "is_collision_event": false
}