{
    "timestamp": 53.80000080168247,
    "x": 286.073486328125,
    "y": 59.473934173583984,
    "speed": 6.366459251724959,
    "theta": 1.571211814880371,
    "near_node_x": 294.17022705078125,
    "near_node_y": 59.47517013549805,
    "near_command": 4,
    "far_node_x": 300.17022705078125,
    "far_node_y": 59.47444152832031,
    "far_command": 4,
    "angle_near": -0.015056815922503545,
    "angle_far": -0.021740849176702666,
    "steer": -0.0010416546138003469,
    "throttle": 0.75,
    "brake": 0.0,
    "is_red_light_present": 0,
    "vehicle_detected_flag": 1,
    "distanse": 15.148783683776855,
    "steer_sequence": [
        0.00029256503330543637,
        -0.0008298137108795345,
        -0.00021820083202328533,
        -0.0007285329629667103,
        -0.0006659419159404933,
        -0.0009022315498441458,
        2.9494287446141243e-05,
        -0.0004049863782711327,
        -0.0010383852059021592,
        0.000224857431021519,
        -0.0002180171140935272,
        -0.001151501783169806,
        -0.0003702010726556182,
        -0.00043460927554406226,
        -0.0011029397137463093,
        8.891974721336737e-05,
        -0.00033356653875671327,
        -0.0010532020824030042,
        0.00019885713118128479,
        -8.97746067494154e-05
    ],
    "throttle_sequence": [
        0.0,
        0.017385898157954216,
        0.7065909504890442,
        0.75,
        0.75,
        0.75,
        0.75,
        0.75,
        0.4273264408111572,
        0.0,
        0.07983241230249405,
        0.75,
        0.75,
        0.75,
        0.75,
        0.75,
        0.75,
        0.15884751081466675,
        0.0,
        0.2776733934879303
    ],
    "brake_sequence": [
        0.08933252841234207,
        0.0,
        0.0,
        0.0,
        0.0,
        0.0,
        0.0,
        0.0,
        0.0,
        0.1455840766429901,
        0.0,
        0.0,
        0.0,
        0.0,
        0.0,
        0.0,
        0.0,
        0.0,
        0.30000001192092896,
        0.0
    ],
    "speed_sequence": [
        6.696746349334717,
        6.666935443878174,
        6.476165771484375,
        6.229799270629883,
        6.101505756378174,
        6.103602886199951,
        6.1980180740356445,
        6.355900287628174,
        6.554786682128906,
        6.7134809494018555,
        6.651005268096924,
        6.458246231079102,
        6.233205318450928,
        6.130427837371826,
        6.15090799331665,
        6.258203029632568,
        6.42457914352417,
        6.628660202026367,
        6.767955303192139,
        6.5954413414001465
    ],
    "light_sequence": [
        0.0,
        0.0,
        0.0,
        0.0,
        0.0,
        0.0,
        0.0,
        0.0,
        0.0,
        0.0,
        0.0,
        0.0,
        0.0,
        0.0,
        0.0,
        0.0,
        0.0,
        0.0,
        0.0,
        0.0
    ],
    "is_collision_event": false
}