{
    "timestamp": 52.1000007763505,
    "x": 275.1596984863281,
    "y": 59.47513198852539,
    "speed": 6.229799232719951,
    "theta": 1.5712672472000122,
    "near_node_x": 282.17022705078125,
    "near_node_y": 59.47663497924805,
    "near_command": 4,
    "far_node_x": 288.17022705078125,
    "far_node_y": 59.47590255737305,
    "far_command": 4,
    "angle_near": -0.014698063515918451,
    "angle_far": -0.02358830222691547,
    "steer": -0.0007285329629667103,
    "throttle": 0.75,
    "brake": 0.0,
    "is_red_light_present": 0,
    "vehicle_detected_flag": 1,
    "distanse": 22.88671112060547,
    "steer_sequence": [
        -0.0010951681761071086,
        0.00024272722657769918,
        -0.00013446126831695437,
        -0.0013616911601275206,
        -0.00026296652504242957,
        -0.00021251749421935529,
        -0.0011338344775140285,
        0.00013230316108092666,
        -0.00025650940369814634,
        -0.0011449279263615608,
        0.0004365647619124502,
        -0.0003471185627859086,
        -0.0010660056723281741,
        -0.0008129816851578653,
        0.00016035350563470274,
        -0.0004952913732267916,
        -0.0010239906841889024,
        0.00029256503330543637,
        -0.0008298137108795345,
        -0.00021820083202328533
    ],
    "throttle_sequence": [
        0.0,
        0.0,
        0.583344042301178,
        0.75,
        0.75,
        0.75,
        0.75,
        0.75,
        0.2875734269618988,
        0.0,
        0.23304660618305206,
        0.75,
        0.75,
        0.75,
        0.75,
        0.75,
        0.4777110815048218,
        0.0,
        0.017385898157954216,
        0.7065909504890442
    ],
    "brake_sequence": [
        0.024394940584897995,
        0.22504569590091705,
        0.0,
        0.0,
        0.0,
        0.0,
        0.0,
        0.0,
        0.0,
        0.23626160621643066,
        0.0,
        0.0,
        0.0,
        0.0,
        0.0,
        0.0,
        0.0,
        0.08933252841234207,
        0.0,
        0.0
    ],
    "speed_sequence": [
        6.678949356079102,
        6.734288215637207,
        6.510305404663086,
        6.2632951736450195,
        6.136569499969482,
        6.139929294586182,
        6.235284328460693,
        6.393736362457275,
        6.592950820922852,
        6.737855911254883,
        6.607699871063232,
        6.3992767333984375,
        6.218922138214111,
        6.167728424072266,
        6.224764823913574,
        6.357304573059082,
        6.540008068084717,
        6.696746349334717,
        6.666935443878174,
        6.476165771484375
    ],
    "light_sequence": [
        0.0,
        0.0,
        0.0,
        0.0,
        0.0,
        0.0,
        0.0,
        0.0,
        0.0,
        0.0,
        0.0,
        0.0,
        0.0,
        0.0,
        0.0,
        0.0,
        0.0,
        0.0,
        0.0,
        0.0
    ],
    "is_collision_event": false
}