{
    "timestamp": 65.30000097304583,
    "x": 308.9720153808594,
    "y": 59.47309494018555,
    "speed": 6.268720575367416,
    "theta": 1.5708463191986084,
    "near_node_x": 316.17022705078125,
    "near_node_y": 59.47248840332031,
    "near_command": 4,
    "far_node_x": 322.17022705078125,
    "far_node_y": 59.47175979614258,
    "far_command": 4,
    "angle_near": -0.0076891798052667205,
    "angle_far": -0.008657410917720664,
    "steer": -0.000449406448751688,
    "throttle": 0.75,
    "brake": 0.0,
    "is_red_light_present": 0,
    "vehicle_detected_flag": 1,
    "distanse": 13.999983787536621,
    "steer_sequence": [
        -0.0005467130104079843,
        -0.00021821941481903195,
        -0.00021531958191189915,
        9.95705122477375e-05,
        -0.00029839182388968766,
        -3.359733454999514e-05,
        -5.602078454103321e-05,
        0.00021886808099225163,
        0.0013621950056403875,
        0.00015801272820681334,
        0.0008999021956697106,
        0.002020783256739378,
        -0.0005377065972425044,
        0.0003890769148711115,
        0.00018340357928536832,
        -0.0006870913202874362,
        0.0004900824860669672,
        -0.0009152254206128418,
        -0.0003728505107574165,
        -5.999834229442058e-06
    ],
    "throttle_sequence": [
        0.75,
        0.75,
        0.75,
        0.75,
        0.75,
        0.75,
        0.75,
        0.75,
        0.75,
        0.75,
        0.75,
        0.75,
        0.17711229622364044,
        0.0,
        0.0,
        0.4812076687812805,
        0.75,
        0.75,
        0.75,
        0.75
    ],
    "brake_sequence": [
        0.0,
        0.0,
        0.0,
        0.0,
        0.0,
        0.0,
        0.0,
        0.0,
        0.0,
        0.0,
        0.0,
        0.0,
        0.0,
        0.30000001192092896,
        0.30000001192092896,
        0.0,
        0.0,
        0.0,
        0.0,
        0.0
    ],
    "speed_sequence": [
        3.845628023147583,
        4.066763877868652,
        4.2857818603515625,
        4.502242565155029,
        4.715991973876953,
        4.926990509033203,
        5.133848667144775,
        5.298715114593506,
        5.364047527313232,
        5.369758605957031,
        5.371814727783203,
        5.973335266113281,
        6.650615215301514,
        7.024594306945801,
        6.905791759490967,
        6.550551891326904,
        6.246711254119873,
        6.078731536865234,
        6.051159381866455,
        6.124769687652588
    ],
    "light_sequence": [
        0.0,
        0.0,
        0.0,
        0.0,
        0.0,
        0.0,
        0.0,
        0.0,
        0.0,
        0.0,
        0.0,
        0.0,
        0.0,
        0.0,
        0.0,
        0.0,
        0.0,
        0.0,
        0.0,
        0.0
    ],
    "is_collision_event": false
}