{
    "timestamp": 63.9000009521842,
    "x": 300.45562744140625,
    "y": 59.47520065307617,
    "speed": 5.13384846420152,
    "theta": 1.5706051588058472,
    "near_node_x": 306.17022705078125,
    "near_node_y": 59.47370910644531,
    "near_command": 4,
    "far_node_x": 312.17022705078125,
    "far_node_y": 59.47297668457031,
    "far_command": 4,
    "angle_near": -0.003998750347893194,
    "angle_far": 7.84423222289713e-05,
    "steer": -5.602078454103321e-05,
    "throttle": 0.75,
    "brake": 0.0,
    "is_red_light_present": 0,
    "vehicle_detected_flag": 1,
    "distanse": 15.768596649169922,
    "steer_sequence": [
        -0.0064901746809482574,
        -0.004772739019244909,
        -0.003812151961028576,
        -0.003957028966397047,
        -0.0032281565945595503,
        -0.0027047619223594666,
        -0.0022384864278137684,
        -0.0017998224357143044,
        -0.0014068399323150516,
        -0.0007391521940007806,
        -0.0011735071893781424,
        -0.0006811987841501832,
        -0.0006136108422651887,
        -0.00013253693759907037,
        -0.0005467130104079843,
        -0.00021821941481903195,
        -0.00021531958191189915,
        9.95705122477375e-05,
        -0.00029839182388968766,
        -3.359733454999514e-05
    ],
    "throttle_sequence": [
        0.75,
        0.75,
        0.75,
        0.75,
        0.75,
        0.75,
        0.75,
        0.75,
        0.75,
        0.75,
        0.75,
        0.75,
        0.75,
        0.75,
        0.75,
        0.75,
        0.75,
        0.75,
        0.75,
        0.75
    ],
    "brake_sequence": [
        0.0,
        0.0,
        0.0,
        0.0,
        0.0,
        0.0,
        0.0,
        0.0,
        0.0,
        0.0,
        0.0,
        0.0,
        0.0,
        0.0,
        0.0,
        0.0,
        0.0,
        0.0,
        0.0,
        0.0
    ],
    "speed_sequence": [
        0.5069855451583862,
        0.7791265845298767,
        0.9418104887008667,
        1.1708201169967651,
        1.4360426664352417,
        1.7093827724456787,
        1.9777413606643677,
        2.2392659187316895,
        2.510331153869629,
        2.757953405380249,
        2.9761531352996826,
        3.1884562969207764,
        3.4033730030059814,
        3.6235034465789795,
        3.845628023147583,
        4.066763877868652,
        4.2857818603515625,
        4.502242565155029,
        4.715991973876953,
        4.926990509033203
    ],
    "light_sequence": [
        0.0,
        0.0,
        0.0,
        0.0,
        0.0,
        0.0,
        0.0,
        0.0,
        0.0,
        0.0,
        0.0,
        0.0,
        0.0,
        0.0,
        0.0,
        0.0,
        0.0,
        0.0,
        0.0,
        0.0
    ],
    "is_collision_event": false
}