{
    "timestamp": 67.30000100284815,
    "x": 322.104736328125,
    "y": 59.47498321533203,
    "speed": 6.817252633591868,
    "theta": 1.575197696685791,
    "near_node_x": 328.97119140625,
    "near_node_y": 59.50168991088867,
    "near_command": 2,
    "far_node_x": 332.9967041015625,
    "far_node_y": 61.278377532958984,
    "far_command": 2,
    "angle_near": -0.02933403514287527,
    "angle_far": 9.1490509616107,
    "steer": -0.01834830641746521,
    "throttle": 0.47890210151672363,
    "brake": 0.0,
    "is_red_light_present": 0,
    "vehicle_detected_flag": 0,
    "distanse": 25,
    "steer_sequence": [
        -0.000449406448751688,
        -0.00023143546422943473,
        -0.0002700994664337486,
        -0.0002896105288527906,
        2.450413921906147e-05,
        -0.0005045008729211986,
        -0.000807729666121304,
        -0.00030804635025560856,
        -0.0006411560461856425,
        -0.00019604848057497293,
        -0.00027213309658691287,
        -0.0008374949102289975,
        0.00023378824698738754,
        -0.0003986530937254429,
        -0.00018591534171719104,
        -6.127815140644088e-05,
        -0.0012230899883434176,
        1.8357251974521205e-05,
        -0.00014916017244104296,
        0.023354224860668182
    ],
    "throttle_sequence": [
        0.75,
        0.75,
        0.0,
        0.0,
        0.21228402853012085,
        0.75,
        0.75,
        0.75,
        0.75,
        0.75,
        0.75,
        0.75,
        0.2630634307861328,
        0.0,
        0.26268255710601807,
        0.75,
        0.75,
        0.75,
        0.75,
        0.75
    ],
    "brake_sequence": [
        0.0,
        0.0,
        0.019164875149726868,
        0.30000001192092896,
        0.0,
        0.0,
        0.0,
        0.0,
        0.0,
        0.0,
        0.0,
        0.0,
        0.0,
        0.29292911291122437,
        0.0,
        0.0,
        0.0,
        0.0,
        0.0,
        0.0
    ],
    "speed_sequence": [
        6.268720626831055,
        6.4589409828186035,
        6.67763614654541,
        6.812667369842529,
        6.614640712738037,
        6.368741035461426,
        6.165016174316406,
        6.095696449279785,
        6.139724254608154,
        6.263350009918213,
        6.44044303894043,
        6.65114688873291,
        6.88175106048584,
        7.0363264083862305,
        6.882061958312988,
        6.655197620391846,
        6.475748062133789,
        6.432318210601807,
        6.49594783782959,
        6.633012294769287
    ],
    "light_sequence": [
        0.0,
        0.0,
        0.0,
        0.0,
        0.0,
        0.0,
        0.0,
        0.0,
        0.0,
        0.0,
        0.0,
        0.0,
        0.0,
        0.0,
        0.0,
        0.0,
        0.0,
        0.0,
        0.0,
        0.0
    ],
    "is_collision_event": false
}