{
    "timestamp": 68.30000101774931,
    "x": 328.7028503417969,
    "y": 60.26173782348633,
    "speed": 6.760743692496384,
    "theta": 1.877563238143921,
    "near_node_x": 334.57733154296875,
    "near_node_y": 63.72086715698242,
    "near_command": 2,
    "far_node_x": 334.85821533203125,
    "far_node_y": 69.0287857055664,
    "far_command": 4,
    "angle_near": 12.914817313623788,
    "angle_far": 37.35075660298939,
    "steer": 0.3070948123931885,
    "throttle": 0.0,
    "brake": 0.30000001192092896,
    "is_red_light_present": 0,
    "vehicle_detected_flag": 0,
    "distanse": 25,
    "steer_sequence": [
        -0.00027213309658691287,
        -0.0008374949102289975,
        0.00023378824698738754,
        -0.0003986530937254429,
        -0.00018591534171719104,
        -6.127815140644088e-05,
        -0.0012230899883434176,
        1.8357251974521205e-05,
        -0.00014916017244104296,
        0.023354224860668182,
        -0.01834830641746521,
        0.08165169507265091,
        0.015895627439022064,
        0.11589562892913818,
        0.09312217682600021,
        0.007094814442098141,
        0.10709481686353683,
        0.20709481835365295,
        0.3070948123931885,
        0.407094806432724
    ],
    "throttle_sequence": [
        0.75,
        0.75,
        0.2630634307861328,
        0.0,
        0.26268255710601807,
        0.75,
        0.75,
        0.75,
        0.75,
        0.75,
        0.47890210151672363,
        0.0,
        0.09684137254953384,
        0.75,
        0.75,
        0.75,
        0.75,
        0.75,
        0.75,
        0.5564843416213989
    ],
    "brake_sequence": [
        0.0,
        0.0,
        0.0,
        0.29292911291122437,
        0.0,
        0.0,
        0.0,
        0.0,
        0.0,
        0.0,
        0.0,
        0.07957981526851654,
        0.0,
        0.0,
        0.0,
        0.0,
        0.0,
        0.0,
        0.0,
        0.0
    ],
    "speed_sequence": [
        6.44044303894043,
        6.65114688873291,
        6.88175106048584,
        7.0363264083862305,
        6.882061958312988,
        6.655197620391846,
        6.475748062133789,
        6.432318210601807,
        6.49594783782959,
        6.633012294769287,
        6.8172526359558105,
        6.971774101257324,
        6.919492244720459,
        6.731539726257324,
        6.478583812713623,
        6.380887031555176,
        6.416429042816162,
        6.51069974899292,
        6.621647834777832,
        6.730530261993408
    ],
    "light_sequence": [
        0.0,
        0.0,
        0.0,
        0.0,
        0.0,
        0.0,
        0.0,
        0.0,
        0.0,
        0.0,
        0.0,
        0.0,
        0.0,
        0.0,
        0.0,
        0.0,
        0.0,
        0.0,
        0.0,
        0.0
    ],
    "is_collision_event": false
}