{
    "timestamp": 63.000000938773155,
    "x": 296.6928405761719,
    "y": 59.475887298583984,
    "speed": 3.1884561781910357,
    "theta": 1.5711292028427124,
    "near_node_x": 302.17022705078125,
    "near_node_y": 59.47419738769531,
    "near_command": 4,
    "far_node_x": 308.17022705078125,
    "far_node_y": 59.47346496582031,
    "far_command": 4,
    "angle_near": -0.0367479952217912,
    "angle_far": -0.031163238624836755,
    "steer": -0.0006811987841501832,
    "throttle": 0.75,
    "brake": 0.0,
    "is_red_light_present": 0,
    "vehicle_detected_flag": 1,
    "distanse": 15.61646556854248,
    "steer_sequence": [
        0.0,
        0.0,
        0.0,
        0.0,
        -0.019103504717350006,
        -0.006523419637233019,
        -0.0065580978989601135,
        -0.006613255012780428,
        -0.006009828764945269,
        -0.0064901746809482574,
        -0.004772739019244909,
        -0.003812151961028576,
        -0.003957028966397047,
        -0.0032281565945595503,
        -0.0027047619223594666,
        -0.0022384864278137684,
        -0.0017998224357143044,
        -0.0014068399323150516,
        -0.0007391521940007806,
        -0.0011735071893781424
    ],
    "throttle_sequence": [
        0.0,
        0.0,
        0.0,
        0.0,
        0.75,
        0.75,
        0.75,
        0.75,
        0.75,
        0.75,
        0.75,
        0.75,
        0.75,
        0.75,
        0.75,
        0.75,
        0.75,
        0.75,
        0.75,
        0.75
    ],
    "brake_sequence": [
        0.5,
        0.5,
        0.5,
        0.5,
        0.0,
        0.0,
        0.0,
        0.0,
        0.0,
        0.0,
        0.0,
        0.0,
        0.0,
        0.0,
        0.0,
        0.0,
        0.0,
        0.0,
        0.0,
        0.0
    ],
    "speed_sequence": [
        0.0,
        0.0,
        0.0,
        0.0,
        0.0,
        -0.023557525128126144,
        0.006005277391523123,
        0.04799474775791168,
        0.2426806390285492,
        0.5069855451583862,
        0.7791265845298767,
        0.9418104887008667,
        1.1708201169967651,
        1.4360426664352417,
        1.7093827724456787,
        1.9777413606643677,
        2.2392659187316895,
        2.510331153869629,
        2.757953405380249,
        2.9761531352996826
    ],
    "light_sequence": [
        0.0,
        0.0,
        0.0,
        0.0,
        0.0,
        0.0,
        0.0,
        0.0,
        0.0,
        0.0,
        0.0,
        0.0,
        0.0,
        0.0,
        0.0,
        0.0,
        0.0,
        0.0,
        0.0,
        0.0
    ],
    "is_collision_event": false
}