{
    "timestamp": 68.60000102221966,
    "x": 330.36529541015625,
    "y": 61.274715423583984,
    "speed": 6.06455232164296,
    "theta": 2.1649978160858154,
    "near_node_x": 334.8592529296875,
    "near_node_y": 67.317138671875,
    "near_command": 2,
    "far_node_x": 334.8558044433594,
    "far_node_y": 73.0287857055664,
    "far_command": 4,
    "angle_near": 19.315293544084355,
    "angle_far": 35.045952204045975,
    "steer": 0.407094806432724,
    "throttle": 0.75,
    "brake": 0.0,
    "is_red_light_present": 0,
    "vehicle_detected_flag": 0,
    "distanse": 25,
    "steer_sequence": [
        -0.0003986530937254429,
        -0.00018591534171719104,
        -6.127815140644088e-05,
        -0.0012230899883434176,
        1.8357251974521205e-05,
        -0.00014916017244104296,
        0.023354224860668182,
        -0.01834830641746521,
        0.08165169507265091,
        0.015895627439022064,
        0.11589562892913818,
        0.09312217682600021,
        0.007094814442098141,
        0.10709481686353683,
        0.20709481835365295,
        0.3070948123931885,
        0.407094806432724,
        0.3070948123931885,
        0.407094806432724,
        0.3070948123931885
    ],
    "throttle_sequence": [
        0.0,
        0.26268255710601807,
        0.75,
        0.75,
        0.75,
        0.75,
        0.75,
        0.47890210151672363,
        0.0,
        0.09684137254953384,
        0.75,
        0.75,
        0.75,
        0.75,
        0.75,
        0.75,
        0.5564843416213989,
        0.0,
        0.0,
        0.75
    ],
    "brake_sequence": [
        0.29292911291122437,
        0.0,
        0.0,
        0.0,
        0.0,
        0.0,
        0.0,
        0.0,
        0.07957981526851654,
        0.0,
        0.0,
        0.0,
        0.0,
        0.0,
        0.0,
        0.0,
        0.0,
        0.30000001192092896,
        0.30000001192092896,
        0.0
    ],
    "speed_sequence": [
        7.0363264083862305,
        6.882061958312988,
        6.655197620391846,
        6.475748062133789,
        6.432318210601807,
        6.49594783782959,
        6.633012294769287,
        6.8172526359558105,
        6.971774101257324,
        6.919492244720459,
        6.731539726257324,
        6.478583812713623,
        6.380887031555176,
        6.416429042816162,
        6.51069974899292,
        6.621647834777832,
        6.730530261993408,
        6.760743618011475,
        6.724016189575195,
        6.307852745056152
    ],
    "light_sequence": [
        0.0,
        0.0,
        0.0,
        0.0,
        0.0,
        0.0,
        0.0,
        0.0,
        0.0,
        0.0,
        0.0,
        0.0,
        0.0,
        0.0,
        0.0,
        0.0,
        0.0,
        0.0,
        0.0,
        0.0
    ],
    "is_collision_event": false
}