{
    "timestamp": 66.4000009894371,
    "x": 316.0565185546875,
    "y": 59.47084426879883,
    "speed": 6.651146729650753,
    "theta": 1.571116328239441,
    "near_node_x": 325.1602478027344,
    "near_node_y": 59.47139358520508,
    "near_command": 4,
    "far_node_x": 328.97119140625,
    "far_node_y": 59.50168991088867,
    "far_command": 2,
    "angle_near": -0.01487637875456526,
    "angle_far": 0.11851244340549627,
    "steer": -0.0008374949102289975,
    "throttle": 0.75,
    "brake": 0.0,
    "is_red_light_present": 0,
    "vehicle_detected_flag": 0,
    "distanse": 25,
    "steer_sequence": [
        0.002020783256739378,
        -0.0005377065972425044,
        0.0003890769148711115,
        0.00018340357928536832,
        -0.0006870913202874362,
        0.0004900824860669672,
        -0.0009152254206128418,
        -0.0003728505107574165,
        -5.999834229442058e-06,
        -0.000449406448751688,
        -0.00023143546422943473,
        -0.0002700994664337486,
        -0.0002896105288527906,
        2.450413921906147e-05,
        -0.0005045008729211986,
        -0.000807729666121304,
        -0.00030804635025560856,
        -0.0006411560461856425,
        -0.00019604848057497293,
        -0.00027213309658691287
    ],
    "throttle_sequence": [
        0.75,
        0.17711229622364044,
        0.0,
        0.0,
        0.4812076687812805,
        0.75,
        0.75,
        0.75,
        0.75,
        0.75,
        0.75,
        0.0,
        0.0,
        0.21228402853012085,
        0.75,
        0.75,
        0.75,
        0.75,
        0.75,
        0.75
    ],
    "brake_sequence": [
        0.0,
        0.0,
        0.30000001192092896,
        0.30000001192092896,
        0.0,
        0.0,
        0.0,
        0.0,
        0.0,
        0.0,
        0.0,
        0.019164875149726868,
        0.30000001192092896,
        0.0,
        0.0,
        0.0,
        0.0,
        0.0,
        0.0,
        0.0
    ],
    "speed_sequence": [
        5.973335266113281,
        6.650615215301514,
        7.024594306945801,
        6.905791759490967,
        6.550551891326904,
        6.246711254119873,
        6.078731536865234,
        6.051159381866455,
        6.124769687652588,
        6.268720626831055,
        6.4589409828186035,
        6.67763614654541,
        6.812667369842529,
        6.614640712738037,
        6.368741035461426,
        6.165016174316406,
        6.095696449279785,
        6.139724254608154,
        6.263350009918213,
        6.44044303894043
    ],
    "light_sequence": [
        0.0,
        0.0,
        0.0,
        0.0,
        0.0,
        0.0,
        0.0,
        0.0,
        0.0,
        0.0,
        0.0,
        0.0,
        0.0,
        0.0,
        0.0,
        0.0,
        0.0,
        0.0,
        0.0,
        0.0
    ],
    "is_collision_event": false
}