{
    "timestamp": 64.70000096410513,
    "x": 305.19970703125,
    "y": 59.47554016113281,
    "speed": 6.905791802965508,
    "theta": 1.570237636566162,
    "near_node_x": 312.17022705078125,
    "near_node_y": 59.47297668457031,
    "near_command": 4,
    "far_node_x": 318.17022705078125,
    "far_node_y": 59.47224807739258,
    "far_command": 4,
    "angle_near": 0.010941865370435616,
    "angle_far": 0.017470544091432453,
    "steer": 0.00018340357928536832,
    "throttle": 0.0,
    "brake": 0.30000001192092896,
    "is_red_light_present": 0,
    "vehicle_detected_flag": 1,
    "distanse": 15.04394817352295,
    "steer_sequence": [
        -0.0014068399323150516,
        -0.0007391521940007806,
        -0.0011735071893781424,
        -0.0006811987841501832,
        -0.0006136108422651887,
        -0.00013253693759907037,
        -0.0005467130104079843,
        -0.00021821941481903195,
        -0.00021531958191189915,
        9.95705122477375e-05,
        -0.00029839182388968766,
        -3.359733454999514e-05,
        -5.602078454103321e-05,
        0.00021886808099225163,
        0.0013621950056403875,
        0.00015801272820681334,
        0.0008999021956697106,
        0.002020783256739378,
        -0.0005377065972425044,
        0.0003890769148711115
    ],
    "throttle_sequence": [
        0.75,
        0.75,
        0.75,
        0.75,
        0.75,
        0.75,
        0.75,
        0.75,
        0.75,
        0.75,
        0.75,
        0.75,
        0.75,
        0.75,
        0.75,
        0.75,
        0.75,
        0.75,
        0.17711229622364044,
        0.0
    ],
    "brake_sequence": [
        0.0,
        0.0,
        0.0,
        0.0,
        0.0,
        0.0,
        0.0,
        0.0,
        0.0,
        0.0,
        0.0,
        0.0,
        0.0,
        0.0,
        0.0,
        0.0,
        0.0,
        0.0,
        0.0,
        0.30000001192092896
    ],
    "speed_sequence": [
        2.510331153869629,
        2.757953405380249,
        2.9761531352996826,
        3.1884562969207764,
        3.4033730030059814,
        3.6235034465789795,
        3.845628023147583,
        4.066763877868652,
        4.2857818603515625,
        4.502242565155029,
        4.715991973876953,
        4.926990509033203,
        5.133848667144775,
        5.298715114593506,
        5.364047527313232,
        5.369758605957031,
        5.371814727783203,
        5.973335266113281,
        6.650615215301514,
        7.024594306945801
    ],
    "light_sequence": [
        0.0,
        0.0,
        0.0,
        0.0,
        0.0,
        0.0,
        0.0,
        0.0,
        0.0,
        0.0,
        0.0,
        0.0,
        0.0,
        0.0,
        0.0,
        0.0,
        0.0,
        0.0,
        0.0,
        0.0
    ],
    "is_collision_event": false
}