{
    "timestamp": 62.60000093281269,
    "x": 295.5922546386719,
    "y": 59.47599792480469,
    "speed": 2.239265886513633,
    "theta": 1.5718506574630737,
    "near_node_x": 300.17022705078125,
    "near_node_y": 59.47444152832031,
    "near_command": 4,
    "far_node_x": 306.17022705078125,
    "far_node_y": 59.47370910644531,
    "far_command": 4,
    "angle_near": -0.07988556583331614,
    "angle_far": -0.07280385600126411,
    "steer": -0.0017998224357143044,
    "throttle": 0.75,
    "brake": 0.0,
    "is_red_light_present": 0,
    "vehicle_detected_flag": 1,
    "distanse": 16.163393020629883,
    "steer_sequence": [
        0.0,
        0.0,
        0.0,
        0.0,
        0.0,
        0.0,
        0.0,
        0.0,
        -0.019103504717350006,
        -0.006523419637233019,
        -0.0065580978989601135,
        -0.006613255012780428,
        -0.006009828764945269,
        -0.0064901746809482574,
        -0.004772739019244909,
        -0.003812151961028576,
        -0.003957028966397047,
        -0.0032281565945595503,
        -0.0027047619223594666,
        -0.0022384864278137684
    ],
    "throttle_sequence": [
        0.0,
        0.0,
        0.0,
        0.0,
        0.0,
        0.0,
        0.0,
        0.0,
        0.75,
        0.75,
        0.75,
        0.75,
        0.75,
        0.75,
        0.75,
        0.75,
        0.75,
        0.75,
        0.75,
        0.75
    ],
    "brake_sequence": [
        0.5,
        0.5,
        0.5,
        0.5,
        0.5,
        0.5,
        0.5,
        0.5,
        0.0,
        0.0,
        0.0,
        0.0,
        0.0,
        0.0,
        0.0,
        0.0,
        0.0,
        0.0,
        0.0,
        0.0
    ],
    "speed_sequence": [
        0.0,
        0.0,
        0.0,
        0.0,
        0.0,
        0.0,
        0.0,
        0.0,
        0.0,
        -0.023557525128126144,
        0.006005277391523123,
        0.04799474775791168,
        0.2426806390285492,
        0.5069855451583862,
        0.7791265845298767,
        0.9418104887008667,
        1.1708201169967651,
        1.4360426664352417,
        1.7093827724456787,
        1.9777413606643677
    ],
    "light_sequence": [
        0.0,
        0.0,
        0.0,
        0.0,
        0.0,
        0.0,
        0.0,
        0.0,
        0.0,
        0.0,
        0.0,
        0.0,
        0.0,
        0.0,
        0.0,
        0.0,
        0.0,
        0.0,
        0.0,
        0.0
    ],
    "is_collision_event": false
}