{
    "timestamp": 63.60000094771385,
    "x": 299.0063171386719,
    "y": 59.47549057006836,
    "speed": 4.502242384620255,
    "theta": 1.5706690549850464,
    "near_node_x": 306.17022705078125,
    "near_node_y": 59.47370910644531,
    "near_command": 4,
    "far_node_x": 312.17022705078125,
    "far_node_y": 59.47297668457031,
    "far_command": 4,
    "angle_near": -0.006954155263280456,
    "angle_far": -0.0036479610056383833,
    "steer": 9.95705122477375e-05,
    "throttle": 0.75,
    "brake": 0.0,
    "is_red_light_present": 0,
    "vehicle_detected_flag": 1,
    "distanse": 15.598125457763672,
    "steer_sequence": [
        -0.0065580978989601135,
        -0.006613255012780428,
        -0.006009828764945269,
        -0.0064901746809482574,
        -0.004772739019244909,
        -0.003812151961028576,
        -0.003957028966397047,
        -0.0032281565945595503,
        -0.0027047619223594666,
        -0.0022384864278137684,
        -0.0017998224357143044,
        -0.0014068399323150516,
        -0.0007391521940007806,
        -0.0011735071893781424,
        -0.0006811987841501832,
        -0.0006136108422651887,
        -0.00013253693759907037,
        -0.0005467130104079843,
        -0.00021821941481903195,
        -0.00021531958191189915
    ],
    "throttle_sequence": [
        0.75,
        0.75,
        0.75,
        0.75,
        0.75,
        0.75,
        0.75,
        0.75,
        0.75,
        0.75,
        0.75,
        0.75,
        0.75,
        0.75,
        0.75,
        0.75,
        0.75,
        0.75,
        0.75,
        0.75
    ],
    "brake_sequence": [
        0.0,
        0.0,
        0.0,
        0.0,
        0.0,
        0.0,
        0.0,
        0.0,
        0.0,
        0.0,
        0.0,
        0.0,
        0.0,
        0.0,
        0.0,
        0.0,
        0.0,
        0.0,
        0.0,
        0.0
    ],
    "speed_sequence": [
        0.006005277391523123,
        0.04799474775791168,
        0.2426806390285492,
        0.5069855451583862,
        0.7791265845298767,
        0.9418104887008667,
        1.1708201169967651,
        1.4360426664352417,
        1.7093827724456787,
        1.9777413606643677,
        2.2392659187316895,
        2.510331153869629,
        2.757953405380249,
        2.9761531352996826,
        3.1884562969207764,
        3.4033730030059814,
        3.6235034465789795,
        3.845628023147583,
        4.066763877868652,
        4.2857818603515625
    ],
    "light_sequence": [
        0.0,
        0.0,
        0.0,
        0.0,
        0.0,
        0.0,
        0.0,
        0.0,
        0.0,
        0.0,
        0.0,
        0.0,
        0.0,
        0.0,
        0.0,
        0.0,
        0.0,
        0.0,
        0.0,
        0.0
    ],
    "is_collision_event": false
}