{
    "timestamp": 62.200000926852226,
    "x": 294.9037170410156,
    "y": 59.47622299194336,
    "speed": 1.17082015493094,
    "theta": 1.572886347770691,
    "near_node_x": 300.17022705078125,
    "near_node_y": 59.47444152832031,
    "near_command": 4,
    "far_node_x": 306.17022705078125,
    "far_node_y": 59.47370910644531,
    "far_command": 4,
    "angle_near": -0.13913159981490608,
    "angle_far": -0.13253493017949447,
    "steer": -0.003957028966397047,
    "throttle": 0.75,
    "brake": 0.0,
    "is_red_light_present": 0,
    "vehicle_detected_flag": 1,
    "distanse": 16.292381286621094,
    "steer_sequence": [
        0.0,
        0.0,
        0.0,
        0.0,
        0.0,
        0.0,
        0.0,
        0.0,
        0.0,
        0.0,
        0.0,
        0.0,
        -0.019103504717350006,
        -0.006523419637233019,
        -0.0065580978989601135,
        -0.006613255012780428,
        -0.006009828764945269,
        -0.0064901746809482574,
        -0.004772739019244909,
        -0.003812151961028576
    ],
    "throttle_sequence": [
        0.0,
        0.0,
        0.0,
        0.0,
        0.0,
        0.0,
        0.0,
        0.0,
        0.0,
        0.0,
        0.0,
        0.0,
        0.75,
        0.75,
        0.75,
        0.75,
        0.75,
        0.75,
        0.75,
        0.75
    ],
    "brake_sequence": [
        0.5,
        0.5,
        0.5,
        0.5,
        0.5,
        0.5,
        0.5,
        0.5,
        0.5,
        0.5,
        0.5,
        0.5,
        0.0,
        0.0,
        0.0,
        0.0,
        0.0,
        0.0,
        0.0,
        0.0
    ],
    "speed_sequence": [
        0.0,
        0.0,
        0.0,
        0.0,
        0.0,
        0.0,
        0.0,
        0.0,
        0.0,
        0.0,
        0.0,
        0.0,
        0.0,
        -0.023557525128126144,
        0.006005277391523123,
        0.04799474775791168,
        0.2426806390285492,
        0.5069855451583862,
        0.7791265845298767,
        0.9418104887008667
    ],
    "light_sequence": [
        0.0,
        0.0,
        0.0,
        0.0,
        0.0,
        0.0,
        0.0,
        0.0,
        0.0,
        0.0,
        0.0,
        0.0,
        0.0,
        0.0,
        0.0,
        0.0,
        0.0,
        0.0,
        0.0,
        0.0
    ],
    "is_collision_event": false
}