{
    "timestamp": 64.20000095665455,
    "x": 302.0584411621094,
    "y": 59.47541046142578,
    "speed": 5.369758797369286,
    "theta": 1.5703009366989136,
    "near_node_x": 308.17022705078125,
    "near_node_y": 59.47346496582031,
    "near_command": 4,
    "far_node_x": 314.17022705078125,
    "far_node_y": 59.47273254394531,
    "far_command": 4,
    "angle_near": 0.010143023162470908,
    "angle_far": 0.015713235037249283,
    "steer": 0.00015801272820681334,
    "throttle": 0.75,
    "brake": 0.0,
    "is_red_light_present": 0,
    "vehicle_detected_flag": 1,
    "distanse": 15.725690841674805,
    "steer_sequence": [
        -0.003957028966397047,
        -0.0032281565945595503,
        -0.0027047619223594666,
        -0.0022384864278137684,
        -0.0017998224357143044,
        -0.0014068399323150516,
        -0.0007391521940007806,
        -0.0011735071893781424,
        -0.0006811987841501832,
        -0.0006136108422651887,
        -0.00013253693759907037,
        -0.0005467130104079843,
        -0.00021821941481903195,
        -0.00021531958191189915,
        9.95705122477375e-05,
        -0.00029839182388968766,
        -3.359733454999514e-05,
        -5.602078454103321e-05,
        0.00021886808099225163,
        0.0013621950056403875
    ],
    "throttle_sequence": [
        0.75,
        0.75,
        0.75,
        0.75,
        0.75,
        0.75,
        0.75,
        0.75,
        0.75,
        0.75,
        0.75,
        0.75,
        0.75,
        0.75,
        0.75,
        0.75,
        0.75,
        0.75,
        0.75,
        0.75
    ],
    "brake_sequence": [
        0.0,
        0.0,
        0.0,
        0.0,
        0.0,
        0.0,
        0.0,
        0.0,
        0.0,
        0.0,
        0.0,
        0.0,
        0.0,
        0.0,
        0.0,
        0.0,
        0.0,
        0.0,
        0.0,
        0.0
    ],
    "speed_sequence": [
        1.1708201169967651,
        1.4360426664352417,
        1.7093827724456787,
        1.9777413606643677,
        2.2392659187316895,
        2.510331153869629,
        2.757953405380249,
        2.9761531352996826,
        3.1884562969207764,
        3.4033730030059814,
        3.6235034465789795,
        3.845628023147583,
        4.066763877868652,
        4.2857818603515625,
        4.502242565155029,
        4.715991973876953,
        4.926990509033203,
        5.133848667144775,
        5.298715114593506,
        5.364047527313232
    ],
    "light_sequence": [
        0.0,
        0.0,
        0.0,
        0.0,
        0.0,
        0.0,
        0.0,
        0.0,
        0.0,
        0.0,
        0.0,
        0.0,
        0.0,
        0.0,
        0.0,
        0.0,
        0.0,
        0.0,
        0.0,
        0.0
    ],
    "is_collision_event": false
}