{
    "timestamp": 67.70000100880861,
    "x": 324.840576171875,
    "y": 59.549072265625,
    "speed": 6.478583614647404,
    "theta": 1.6152352094650269,
    "near_node_x": 331.7486267089844,
    "near_node_y": 60.37519454956055,
    "near_command": 2,
    "far_node_x": 334.57733154296875,
    "far_node_y": 63.72086715698242,
    "far_command": 2,
    "angle_near": 4.273361003544251,
    "angle_far": 20.646960829236633,
    "steer": 0.09312217682600021,
    "throttle": 0.75,
    "brake": 0.0,
    "is_red_light_present": 0,
    "vehicle_detected_flag": 0,
    "distanse": 25,
    "steer_sequence": [
        2.450413921906147e-05,
        -0.0005045008729211986,
        -0.000807729666121304,
        -0.00030804635025560856,
        -0.0006411560461856425,
        -0.00019604848057497293,
        -0.00027213309658691287,
        -0.0008374949102289975,
        0.00023378824698738754,
        -0.0003986530937254429,
        -0.00018591534171719104,
        -6.127815140644088e-05,
        -0.0012230899883434176,
        1.8357251974521205e-05,
        -0.00014916017244104296,
        0.023354224860668182,
        -0.01834830641746521,
        0.08165169507265091,
        0.015895627439022064,
        0.11589562892913818
    ],
    "throttle_sequence": [
        0.21228402853012085,
        0.75,
        0.75,
        0.75,
        0.75,
        0.75,
        0.75,
        0.75,
        0.2630634307861328,
        0.0,
        0.26268255710601807,
        0.75,
        0.75,
        0.75,
        0.75,
        0.75,
        0.47890210151672363,
        0.0,
        0.09684137254953384,
        0.75
    ],
    "brake_sequence": [
        0.0,
        0.0,
        0.0,
        0.0,
        0.0,
        0.0,
        0.0,
        0.0,
        0.0,
        0.29292911291122437,
        0.0,
        0.0,
        0.0,
        0.0,
        0.0,
        0.0,
        0.0,
        0.07957981526851654,
        0.0,
        0.0
    ],
    "speed_sequence": [
        6.614640712738037,
        6.368741035461426,
        6.165016174316406,
        6.095696449279785,
        6.139724254608154,
        6.263350009918213,
        6.44044303894043,
        6.65114688873291,
        6.88175106048584,
        7.0363264083862305,
        6.882061958312988,
        6.655197620391846,
        6.475748062133789,
        6.432318210601807,
        6.49594783782959,
        6.633012294769287,
        6.8172526359558105,
        6.971774101257324,
        6.919492244720459,
        6.731539726257324
    ],
    "light_sequence": [
        0.0,
        0.0,
        0.0,
        0.0,
        0.0,
        0.0,
        0.0,
        0.0,
        0.0,
        0.0,
        0.0,
        0.0,
        0.0,
        0.0,
        0.0,
        0.0,
        0.0,
        0.0,
        0.0,
        0.0
    ],
    "is_collision_event": false
}