{
    "timestamp": 63.20000094175339,
    "x": 297.3757629394531,
    "y": 59.47578048706055,
    "speed": 3.6235034520106275,
    "theta": 1.5709002017974854,
    "near_node_x": 304.17022705078125,
    "near_node_y": 59.47395324707031,
    "near_command": 4,
    "far_node_x": 310.17022705078125,
    "far_node_y": 59.47322082519531,
    "far_command": 4,
    "angle_near": -0.021360775893920447,
    "angle_far": -0.01741478182289951,
    "steer": -0.00013253693759907037,
    "throttle": 0.75,
    "brake": 0.0,
    "is_red_light_present": 0,
    "vehicle_detected_flag": 1,
    "distanse": 15.464216232299805,
    "steer_sequence": [
        0.0,
        0.0,
        -0.019103504717350006,
        -0.006523419637233019,
        -0.0065580978989601135,
        -0.006613255012780428,
        -0.006009828764945269,
        -0.0064901746809482574,
        -0.004772739019244909,
        -0.003812151961028576,
        -0.003957028966397047,
        -0.0032281565945595503,
        -0.0027047619223594666,
        -0.0022384864278137684,
        -0.0017998224357143044,
        -0.0014068399323150516,
        -0.0007391521940007806,
        -0.0011735071893781424,
        -0.0006811987841501832,
        -0.0006136108422651887
    ],
    "throttle_sequence": [
        0.0,
        0.0,
        0.75,
        0.75,
        0.75,
        0.75,
        0.75,
        0.75,
        0.75,
        0.75,
        0.75,
        0.75,
        0.75,
        0.75,
        0.75,
        0.75,
        0.75,
        0.75,
        0.75,
        0.75
    ],
    "brake_sequence": [
        0.5,
        0.5,
        0.0,
        0.0,
        0.0,
        0.0,
        0.0,
        0.0,
        0.0,
        0.0,
        0.0,
        0.0,
        0.0,
        0.0,
        0.0,
        0.0,
        0.0,
        0.0,
        0.0,
        0.0
    ],
    "speed_sequence": [
        0.0,
        0.0,
        0.0,
        -0.023557525128126144,
        0.006005277391523123,
        0.04799474775791168,
        0.2426806390285492,
        0.5069855451583862,
        0.7791265845298767,
        0.9418104887008667,
        1.1708201169967651,
        1.4360426664352417,
        1.7093827724456787,
        1.9777413606643677,
        2.2392659187316895,
        2.510331153869629,
        2.757953405380249,
        2.9761531352996826,
        3.1884562969207764,
        3.4033730030059814
    ],
    "light_sequence": [
        0.0,
        0.0,
        0.0,
        0.0,
        0.0,
        0.0,
        0.0,
        0.0,
        0.0,
        0.0,
        0.0,
        0.0,
        0.0,
        0.0,
        0.0,
        0.0,
        0.0,
        0.0,
        0.0,
        0.0
    ],
    "is_collision_event": false
}