{
    "timestamp": 69.70000103861094,
    "x": 333.6218566894531,
    "y": 67.22190856933594,
    "speed": 6.155367502796067,
    "theta": 2.8565847873687744,
    "near_node_x": 334.8545837402344,
    "near_node_y": 75.0287857055664,
    "near_command": 4,
    "far_node_x": 334.8509521484375,
    "far_node_y": 81.0287857055664,
    "far_command": 4,
    "angle_near": 7.3566856157223945,
    "angle_far": 11.242667032800894,
    "steer": 0.13759271800518036,
    "throttle": 0.75,
    "brake": 0.0,
    "is_red_light_present": 0,
    "vehicle_detected_flag": 0,
    "distanse": 25,
    "steer_sequence": [
        0.09312217682600021,
        0.007094814442098141,
        0.10709481686353683,
        0.20709481835365295,
        0.3070948123931885,
        0.407094806432724,
        0.3070948123931885,
        0.407094806432724,
        0.3070948123931885,
        0.407094806432724,
        0.3070948123931885,
        0.20709481835365295,
        0.3070948123931885,
        0.20709481835365295,
        0.3070948123931885,
        0.20709481835365295,
        0.10709481686353683,
        0.20709481835365295,
        0.10709481686353683,
        0.03759272024035454
    ],
    "throttle_sequence": [
        0.75,
        0.75,
        0.75,
        0.75,
        0.75,
        0.5564843416213989,
        0.0,
        0.0,
        0.75,
        0.75,
        0.75,
        0.75,
        0.75,
        0.75,
        0.75,
        0.3548678457736969,
        0.0,
        0.19506660103797913,
        0.75,
        0.75
    ],
    "brake_sequence": [
        0.0,
        0.0,
        0.0,
        0.0,
        0.0,
        0.0,
        0.30000001192092896,
        0.30000001192092896,
        0.0,
        0.0,
        0.0,
        0.0,
        0.0,
        0.0,
        0.0,
        0.0,
        0.2557051181793213,
        0.0,
        0.0,
        0.0
    ],
    "speed_sequence": [
        6.478583812713623,
        6.380887031555176,
        6.416429042816162,
        6.51069974899292,
        6.621647834777832,
        6.730530261993408,
        6.760743618011475,
        6.724016189575195,
        6.307852745056152,
        6.064552307128906,
        5.8231282234191895,
        5.854623317718506,
        6.007858753204346,
        6.105526924133301,
        6.34231424331665,
        6.5022969245910645,
        6.7010817527771,
        6.606729507446289,
        6.360805511474609,
        6.201672554016113
    ],
    "light_sequence": [
        0.0,
        0.0,
        0.0,
        0.0,
        0.0,
        0.0,
        0.0,
        0.0,
        0.0,
        0.0,
        0.0,
        0.0,
        0.0,
        0.0,
        0.0,
        0.0,
        0.0,
        0.0,
        0.0,
        0.0
    ],
    "is_collision_event": false
}