{
    "timestamp": 73.90000110119581,
    "x": 334.8410949707031,
    "y": 89.35846710205078,
    "speed": -0.0052678116918701496,
    "theta": 3.131802558898926,
    "near_node_x": 334.8449401855469,
    "near_node_y": 91.02877807617188,
    "near_command": 4,
    "far_node_x": 334.84130859375,
    "far_node_y": 97.02877807617188,
    "far_command": 4,
    "angle_near": 0.4293545483366233,
    "angle_far": 0.5596589292607907,
    "steer": 0.0,
    "throttle": 0.0,
    "brake": 0.5,
    "is_red_light_present": 0,
    "vehicle_detected_flag": 1,
    "distanse": 9.02564525604248,
    "steer_sequence": [
        0.036236722022295,
        -0.025577614083886147,
        0.0014998778933659196,
        0.030932923778891563,
        -0.01770353503525257,
        0.0003480062587186694,
        0.0,
        0.0,
        0.0,
        0.0,
        0.0,
        0.0,
        0.0,
        0.0,
        0.0,
        0.0,
        0.0,
        0.0,
        0.0,
        0.0
    ],
    "throttle_sequence": [
        0.0,
        0.18123403191566467,
        0.75,
        0.75,
        0.75,
        0.75,
        0.0,
        0.0,
        0.0,
        0.0,
        0.0,
        0.0,
        0.0,
        0.0,
        0.0,
        0.0,
        0.0,
        0.0,
        0.0,
        0.0
    ],
    "brake_sequence": [
        0.1812887340784073,
        0.0,
        0.0,
        0.0,
        0.0,
        0.0,
        0.5,
        0.5,
        0.5,
        0.5,
        0.5,
        0.5,
        0.5,
        0.5,
        0.5,
        0.5,
        0.5,
        0.5,
        0.5,
        0.5
    ],
    "speed_sequence": [
        6.722422122955322,
        6.621120452880859,
        6.4209160804748535,
        6.228646278381348,
        6.160250186920166,
        6.205284118652344,
        6.331130504608154,
        6.319003105163574,
        6.020135879516602,
        5.702181816101074,
        5.001868724822998,
        4.066176414489746,
        3.3221497535705566,
        2.7389063835144043,
        2.266777992248535,
        1.8748286962509155,
        1.505980134010315,
        0.6025960445404053,
        -0.003700405126437545,
        -0.0076996940188109875
    ],
    "light_sequence": [
        0.0,
        0.0,
        0.0,
        0.0,
        0.0,
        0.0,
        0.0,
        0.0,
        0.0,
        0.0,
        0.0,
        0.0,
        0.0,
        0.0,
        0.0,
        0.0,
        0.0,
        0.0,
        0.0,
        0.0
    ],
    "is_collision_event": false
}