{
    "timestamp": 70.20000104606152,
    "x": 334.1836242675781,
    "y": 70.38890838623047,
    "speed": 6.777814865497348,
    "theta": 3.004153251647949,
    "near_node_x": 334.8533935546875,
    "near_node_y": 77.0287857055664,
    "near_command": 4,
    "far_node_x": 334.8497619628906,
    "far_node_y": 83.0287857055664,
    "far_command": 4,
    "angle_near": 2.1147160452560665,
    "angle_far": 4.857930290632457,
    "steer": -0.026997912675142288,
    "throttle": 0.0,
    "brake": 0.30000001192092896,
    "is_red_light_present": 0,
    "vehicle_detected_flag": 1,
    "distanse": 15.61093521118164,
    "steer_sequence": [
        0.407094806432724,
        0.3070948123931885,
        0.407094806432724,
        0.3070948123931885,
        0.407094806432724,
        0.3070948123931885,
        0.20709481835365295,
        0.3070948123931885,
        0.20709481835365295,
        0.3070948123931885,
        0.20709481835365295,
        0.10709481686353683,
        0.20709481835365295,
        0.10709481686353683,
        0.03759272024035454,
        0.13759271800518036,
        0.15262223780155182,
        0.052622240036726,
        0.15262223780155182,
        0.052622240036726
    ],
    "throttle_sequence": [
        0.5564843416213989,
        0.0,
        0.0,
        0.75,
        0.75,
        0.75,
        0.75,
        0.75,
        0.75,
        0.75,
        0.3548678457736969,
        0.0,
        0.19506660103797913,
        0.75,
        0.75,
        0.75,
        0.75,
        0.75,
        0.75,
        0.12913839519023895
    ],
    "brake_sequence": [
        0.0,
        0.30000001192092896,
        0.30000001192092896,
        0.0,
        0.0,
        0.0,
        0.0,
        0.0,
        0.0,
        0.0,
        0.0,
        0.2557051181793213,
        0.0,
        0.0,
        0.0,
        0.0,
        0.0,
        0.0,
        0.0,
        0.0
    ],
    "speed_sequence": [
        6.730530261993408,
        6.760743618011475,
        6.724016189575195,
        6.307852745056152,
        6.064552307128906,
        5.8231282234191895,
        5.854623317718506,
        6.007858753204346,
        6.105526924133301,
        6.34231424331665,
        6.5022969245910645,
        6.7010817527771,
        6.606729507446289,
        6.360805511474609,
        6.201672554016113,
        6.155367374420166,
        6.142756462097168,
        6.233633041381836,
        6.432418346405029,
        6.618328094482422
    ],
    "light_sequence": [
        0.0,
        0.0,
        0.0,
        0.0,
        0.0,
        0.0,
        0.0,
        0.0,
        0.0,
        0.0,
        0.0,
        0.0,
        0.0,
        0.0,
        0.0,
        0.0,
        0.0,
        0.0,
        0.0,
        0.0
    ],
    "is_collision_event": false
}