{
    "timestamp": 73.30000109225512,
    "x": 334.8354187011719,
    "y": 88.85984802246094,
    "speed": 2.2667780877678823,
    "theta": 3.131120204925537,
    "near_node_x": 334.8449401855469,
    "near_node_y": 91.02877807617188,
    "near_command": 4,
    "far_node_x": 334.84130859375,
    "far_node_y": 97.02877807617188,
    "far_command": 4,
    "angle_near": 0.34836931432272317,
    "angle_far": 0.5585821294230745,
    "steer": 0.0,
    "throttle": 0.0,
    "brake": 0.5,
    "is_red_light_present": 0,
    "vehicle_detected_flag": 1,
    "distanse": 9.005155563354492,
    "steer_sequence": [
        -0.02883050963282585,
        -0.000459635368315503,
        0.019799845293164253,
        0.031185774132609367,
        -0.026095017790794373,
        0.009177719242870808,
        0.036236722022295,
        -0.025577614083886147,
        0.0014998778933659196,
        0.030932923778891563,
        -0.01770353503525257,
        0.0003480062587186694,
        0.0,
        0.0,
        0.0,
        0.0,
        0.0,
        0.0,
        0.0,
        0.0
    ],
    "throttle_sequence": [
        0.75,
        0.75,
        0.75,
        0.75,
        0.75,
        0.3558269143104553,
        0.0,
        0.18123403191566467,
        0.75,
        0.75,
        0.75,
        0.75,
        0.0,
        0.0,
        0.0,
        0.0,
        0.0,
        0.0,
        0.0,
        0.0
    ],
    "brake_sequence": [
        0.0,
        0.0,
        0.0,
        0.0,
        0.0,
        0.0,
        0.1812887340784073,
        0.0,
        0.0,
        0.0,
        0.0,
        0.0,
        0.5,
        0.5,
        0.5,
        0.5,
        0.5,
        0.5,
        0.5,
        0.5
    ],
    "speed_sequence": [
        6.291659832000732,
        6.14840030670166,
        6.141427516937256,
        6.228080749511719,
        6.379762649536133,
        6.573587417602539,
        6.722422122955322,
        6.621120452880859,
        6.4209160804748535,
        6.228646278381348,
        6.160250186920166,
        6.205284118652344,
        6.331130504608154,
        6.319003105163574,
        6.020135879516602,
        5.702181816101074,
        5.001868724822998,
        4.066176414489746,
        3.3221497535705566,
        2.7389063835144043
    ],
    "light_sequence": [
        0.0,
        0.0,
        0.0,
        0.0,
        0.0,
        0.0,
        0.0,
        0.0,
        0.0,
        0.0,
        0.0,
        0.0,
        0.0,
        0.0,
        0.0,
        0.0,
        0.0,
        0.0,
        0.0,
        0.0
    ],
    "is_collision_event": false
}