{
    "timestamp": 71.90000107139349,
    "x": 334.75262451171875,
    "y": 81.28742218017578,
    "speed": 6.722421969868893,
    "theta": 3.1217072010040283,
    "near_node_x": 334.84613037109375,
    "near_node_y": 89.02877807617188,
    "near_command": 4,
    "far_node_x": 334.8424987792969,
    "far_node_y": 95.02877807617188,
    "far_command": 4,
    "angle_near": 0.44749158275354406,
    "angle_far": 0.7647857683498053,
    "steer": 0.036236722022295,
    "throttle": 0.0,
    "brake": 0.1812887340784073,
    "is_red_light_present": 0,
    "vehicle_detected_flag": 1,
    "distanse": 14.433475494384766,
    "steer_sequence": [
        0.052622240036726,
        0.15262223780155182,
        0.052622240036726,
        -0.026997912675142288,
        0.07300208508968353,
        0.08363013714551926,
        -0.002160876989364624,
        0.02068948559463024,
        0.12068948894739151,
        0.02068948559463024,
        0.012214281596243382,
        -0.0027600473258644342,
        0.01573379896581173,
        0.05479299649596214,
        -0.02883050963282585,
        -0.000459635368315503,
        0.019799845293164253,
        0.031185774132609367,
        -0.026095017790794373,
        0.009177719242870808
    ],
    "throttle_sequence": [
        0.75,
        0.75,
        0.12913839519023895,
        0.0,
        0.26892736554145813,
        0.75,
        0.75,
        0.75,
        0.75,
        0.75,
        0.6796810626983643,
        0.0,
        0.0,
        0.45947036147117615,
        0.75,
        0.75,
        0.75,
        0.75,
        0.75,
        0.3558269143104553
    ],
    "brake_sequence": [
        0.0,
        0.0,
        0.0,
        0.30000001192092896,
        0.0,
        0.0,
        0.0,
        0.0,
        0.0,
        0.0,
        0.0,
        0.02706803008913994,
        0.30000001192092896,
        0.0,
        0.0,
        0.0,
        0.0,
        0.0,
        0.0,
        0.0
    ],
    "speed_sequence": [
        6.233633041381836,
        6.432418346405029,
        6.618328094482422,
        6.777814865112305,
        6.597990989685059,
        6.351804256439209,
        6.1642584800720215,
        6.12131404876709,
        6.181987762451172,
        6.291457176208496,
        6.483083724975586,
        6.6797194480896,
        6.767670154571533,
        6.5450358390808105,
        6.291659832000732,
        6.14840030670166,
        6.141427516937256,
        6.228080749511719,
        6.379762649536133,
        6.573587417602539
    ],
    "light_sequence": [
        0.0,
        0.0,
        0.0,
        0.0,
        0.0,
        0.0,
        0.0,
        0.0,
        0.0,
        0.0,
        0.0,
        0.0,
        0.0,
        0.0,
        0.0,
        0.0,
        0.0,
        0.0,
        0.0,
        0.0
    ],
    "is_collision_event": false
}