{
    "timestamp": 74.70000111311674,
    "x": 334.84112548828125,
    "y": 89.35969543457031,
    "speed": 0.0,
    "theta": 3.1317965984344482,
    "near_node_x": 334.8449401855469,
    "near_node_y": 91.02877807617188,
    "near_command": 4,
    "far_node_x": 334.84130859375,
    "far_node_y": 97.02877807617188,
    "far_command": 4,
    "angle_near": 0.43027774039867794,
    "angle_far": 0.5598593391193714,
    "steer": 0.0,
    "throttle": 0.0,
    "brake": 0.5,
    "is_red_light_present": 0,
    "vehicle_detected_flag": 1,
    "distanse": 9.972014427185059,
    "steer_sequence": [
        0.0,
        0.0,
        0.0,
        0.0,
        0.0,
        0.0,
        0.0,
        0.0,
        0.0,
        0.0,
        0.0,
        0.0,
        0.0,
        0.0,
        0.0,
        0.0,
        0.0,
        0.0,
        0.0,
        0.0
    ],
    "throttle_sequence": [
        0.0,
        0.0,
        0.0,
        0.0,
        0.0,
        0.0,
        0.0,
        0.0,
        0.0,
        0.0,
        0.0,
        0.0,
        0.0,
        0.0,
        0.0,
        0.0,
        0.0,
        0.0,
        0.0,
        0.0
    ],
    "brake_sequence": [
        0.5,
        0.5,
        0.5,
        0.5,
        0.5,
        0.5,
        0.5,
        0.5,
        0.5,
        0.5,
        0.5,
        0.5,
        0.5,
        0.5,
        0.5,
        0.5,
        0.5,
        0.5,
        0.5,
        0.5
    ],
    "speed_sequence": [
        6.020135879516602,
        5.702181816101074,
        5.001868724822998,
        4.066176414489746,
        3.3221497535705566,
        2.7389063835144043,
        2.266777992248535,
        1.8748286962509155,
        1.505980134010315,
        0.6025960445404053,
        -0.003700405126437545,
        -0.0076996940188109875,
        -0.005267811473459005,
        -0.002692360198125243,
        -0.0011463064001873136,
        -0.0004147792933508754,
        0.0,
        0.0,
        0.0,
        0.0
    ],
    "light_sequence": [
        0.0,
        0.0,
        0.0,
        0.0,
        0.0,
        0.0,
        0.0,
        0.0,
        0.0,
        0.0,
        0.0,
        0.0,
        0.0,
        0.0,
        0.0,
        0.0,
        0.0,
        0.0,
        0.0,
        0.0
    ],
    "is_collision_event": false
}