{
    "timestamp": 70.90000105649233,
    "x": 334.56732177734375,
    "y": 74.82229614257812,
    "speed": 6.483083817106373,
    "theta": 3.090003252029419,
    "near_node_x": 334.8497619628906,
    "near_node_y": 83.0287857055664,
    "near_command": 4,
    "far_node_x": 334.84613037109375,
    "far_node_y": 89.02877807617188,
    "far_command": 4,
    "angle_near": 0.9847113957598713,
    "angle_far": 1.8315531928952054,
    "steer": 0.012214281596243382,
    "throttle": 0.6796810626983643,
    "brake": 0.0,
    "is_red_light_present": 0,
    "vehicle_detected_flag": 1,
    "distanse": 16.8006649017334,
    "steer_sequence": [
        0.3070948123931885,
        0.20709481835365295,
        0.3070948123931885,
        0.20709481835365295,
        0.10709481686353683,
        0.20709481835365295,
        0.10709481686353683,
        0.03759272024035454,
        0.13759271800518036,
        0.15262223780155182,
        0.052622240036726,
        0.15262223780155182,
        0.052622240036726,
        -0.026997912675142288,
        0.07300208508968353,
        0.08363013714551926,
        -0.002160876989364624,
        0.02068948559463024,
        0.12068948894739151,
        0.02068948559463024
    ],
    "throttle_sequence": [
        0.75,
        0.75,
        0.75,
        0.3548678457736969,
        0.0,
        0.19506660103797913,
        0.75,
        0.75,
        0.75,
        0.75,
        0.75,
        0.75,
        0.12913839519023895,
        0.0,
        0.26892736554145813,
        0.75,
        0.75,
        0.75,
        0.75,
        0.75
    ],
    "brake_sequence": [
        0.0,
        0.0,
        0.0,
        0.0,
        0.2557051181793213,
        0.0,
        0.0,
        0.0,
        0.0,
        0.0,
        0.0,
        0.0,
        0.0,
        0.30000001192092896,
        0.0,
        0.0,
        0.0,
        0.0,
        0.0,
        0.0
    ],
    "speed_sequence": [
        6.007858753204346,
        6.105526924133301,
        6.34231424331665,
        6.5022969245910645,
        6.7010817527771,
        6.606729507446289,
        6.360805511474609,
        6.201672554016113,
        6.155367374420166,
        6.142756462097168,
        6.233633041381836,
        6.432418346405029,
        6.618328094482422,
        6.777814865112305,
        6.597990989685059,
        6.351804256439209,
        6.1642584800720215,
        6.12131404876709,
        6.181987762451172,
        6.291457176208496
    ],
    "light_sequence": [
        0.0,
        0.0,
        0.0,
        0.0,
        0.0,
        0.0,
        0.0,
        0.0,
        0.0,
        0.0,
        0.0,
        0.0,
        0.0,
        0.0,
        0.0,
        0.0,
        0.0,
        0.0,
        0.0,
        0.0
    ],
    "is_collision_event": false
}