{
    "timestamp": 93.90000139921904,
    "x": 334.84222412109375,
    "y": 93.78568267822266,
    "speed": 4.50301549748429,
    "theta": 3.141247272491455,
    "near_node_x": 334.8388977050781,
    "near_node_y": 101.02877807617188,
    "near_command": 4,
    "far_node_x": 334.83526611328125,
    "far_node_y": 107.02877807617188,
    "far_command": 4,
    "angle_near": 0.04107764281905092,
    "angle_far": 0.04486793414313904,
    "steer": 0.0011212467215955257,
    "throttle": 0.75,
    "brake": 0.0,
    "is_red_light_present": 0,
    "vehicle_detected_flag": 1,
    "distanse": 16.331193923950195,
    "steer_sequence": [
        0.017830371856689453,
        0.017368583008646965,
        0.016908712685108185,
        0.015303587540984154,
        0.012990706600248814,
        0.01501549780368805,
        0.010681785643100739,
        0.009466181509196758,
        0.007912282831966877,
        0.006477393675595522,
        0.005736393388360739,
        0.00468766875565052,
        0.005329830572009087,
        0.002212714636698365,
        0.002741888165473938,
        0.0020904848352074623,
        0.0015668252017349005,
        0.002115620533004403,
        0.0004472136206459254,
        0.0010136824566870928
    ],
    "throttle_sequence": [
        0.75,
        0.75,
        0.75,
        0.75,
        0.75,
        0.75,
        0.75,
        0.75,
        0.75,
        0.75,
        0.75,
        0.75,
        0.75,
        0.75,
        0.75,
        0.75,
        0.75,
        0.75,
        0.75,
        0.75
    ],
    "brake_sequence": [
        0.0,
        0.0,
        0.0,
        0.0,
        0.0,
        0.0,
        0.0,
        0.0,
        0.0,
        0.0,
        0.0,
        0.0,
        0.0,
        0.0,
        0.0,
        0.0,
        0.0,
        0.0,
        0.0,
        0.0
    ],
    "speed_sequence": [
        0.007590202149003744,
        0.03111656755208969,
        0.25898662209510803,
        0.5655858516693115,
        0.7751456499099731,
        0.9397928714752197,
        1.1702667474746704,
        1.4362996816635132,
        1.709983468055725,
        1.978484869003296,
        2.2400970458984375,
        2.5112192630767822,
        2.7587263584136963,
        2.9768788814544678,
        3.1892125606536865,
        3.404148817062378,
        3.624300241470337,
        3.846428632736206,
        4.067553997039795,
        4.286566257476807
    ],
    "light_sequence": [
        0.0,
        0.0,
        0.0,
        0.0,
        0.0,
        0.0,
        0.0,
        0.0,
        0.0,
        0.0,
        0.0,
        0.0,
        0.0,
        0.0,
        0.0,
        0.0,
        0.0,
        0.0,
        0.0,
        0.0
    ],
    "is_collision_event": false
}