{
    "timestamp": 100.00000149011612,
    "x": 327.0228576660156,
    "y": 128.30484008789062,
    "speed": 6.729142114418081,
    "theta": 4.463171005249023,
    "near_node_x": 319.6408386230469,
    "near_node_y": 129.5124053955078,
    "near_command": 4,
    "far_node_x": 313.6408996582031,
    "far_node_y": 129.5097198486328,
    "far_command": 4,
    "angle_near": 4.988901399534944,
    "angle_far": 9.134272232168598,
    "steer": 0.09486138820648193,
    "throttle": 0.0,
    "brake": 0.30000001192092896,
    "is_red_light_present": 0,
    "vehicle_detected_flag": 0,
    "distanse": 25,
    "steer_sequence": [
        0.2046855241060257,
        0.10468552261590958,
        0.004685519728809595,
        0.10468552261590958,
        0.2046855241060257,
        0.3046855330467224,
        0.40468552708625793,
        0.3480592966079712,
        0.4480592906475067,
        0.3480592966079712,
        0.24805928766727448,
        0.3480592966079712,
        0.294861376285553,
        0.3948614001274109,
        0.294861376285553,
        0.19486138224601746,
        0.09486138820648193,
        0.19486138224601746,
        0.09486138820648193,
        0.19486138224601746
    ],
    "throttle_sequence": [
        0.75,
        0.75,
        0.75,
        0.75,
        0.75,
        0.6049514412879944,
        0.2453184574842453,
        0.39466163516044617,
        0.6970601677894592,
        0.75,
        0.75,
        0.5435245633125305,
        0.23612596094608307,
        0.1697068065404892,
        0.75,
        0.75,
        0.75,
        0.75,
        0.7474507093429565,
        0.04440750554203987
    ],
    "brake_sequence": [
        0.0,
        0.0,
        0.0,
        0.0,
        0.0,
        0.0,
        0.0,
        0.0,
        0.0,
        0.0,
        0.0,
        0.0,
        0.0,
        0.0,
        0.0,
        0.0,
        0.0,
        0.0,
        0.0,
        0.0
    ],
    "speed_sequence": [
        6.733716011047363,
        6.4045915603637695,
        6.28936767578125,
        6.30151891708374,
        6.378833293914795,
        6.4784746170043945,
        6.541639804840088,
        6.455770969390869,
        6.38375186920166,
        6.198472499847412,
        6.268838882446289,
        6.45764684677124,
        6.515292167663574,
        6.548882961273193,
        6.324642658233643,
        6.203061580657959,
        6.220423698425293,
        6.331348419189453,
        6.436337947845459,
        6.647572994232178
    ],
    "light_sequence": [
        0.0,
        0.0,
        0.0,
        0.0,
        0.0,
        0.0,
        0.0,
        0.0,
        0.0,
        0.0,
        0.0,
        0.0,
        0.0,
        0.0,
        0.0,
        0.0,
        0.0,
        0.0,
        0.0,
        0.0
    ],
    "is_collision_event": false
}