{
    "timestamp": 94.9000014141202,
    "x": 334.83941650390625,
    "y": 99.27188873291016,
    "speed": 7.017191575319633,
    "theta": 3.1419382095336914,
    "near_node_x": 334.83526611328125,
    "near_node_y": 107.02877807617188,
    "near_command": 4,
    "far_node_x": 334.8316345214844,
    "far_node_y": 113.02877807617188,
    "far_command": 4,
    "angle_near": 0.005382395204767063,
    "angle_far": 0.007136808244245596,
    "steer": 0.00011909953173017129,
    "throttle": 0.0,
    "brake": 0.30000001192092896,
    "is_red_light_present": 0,
    "vehicle_detected_flag": 1,
    "distanse": 15.856192588806152,
    "steer_sequence": [
        0.005736393388360739,
        0.00468766875565052,
        0.005329830572009087,
        0.002212714636698365,
        0.002741888165473938,
        0.0020904848352074623,
        0.0015668252017349005,
        0.002115620533004403,
        0.0004472136206459254,
        0.0010136824566870928,
        0.0011212467215955257,
        -2.463463715685066e-05,
        0.0006445306935347617,
        0.0002624503686092794,
        0.00019080923811998218,
        -0.0012636124156415462,
        -2.935202428488992e-05,
        -2.118538941431325e-05,
        0.0045139482244849205,
        -0.0022706163581460714
    ],
    "throttle_sequence": [
        0.75,
        0.75,
        0.75,
        0.75,
        0.75,
        0.75,
        0.75,
        0.75,
        0.75,
        0.75,
        0.75,
        0.75,
        0.75,
        0.75,
        0.75,
        0.75,
        0.75,
        0.75,
        0.75,
        0.3099669814109802
    ],
    "brake_sequence": [
        0.0,
        0.0,
        0.0,
        0.0,
        0.0,
        0.0,
        0.0,
        0.0,
        0.0,
        0.0,
        0.0,
        0.0,
        0.0,
        0.0,
        0.0,
        0.0,
        0.0,
        0.0,
        0.0,
        0.0
    ],
    "speed_sequence": [
        2.2400970458984375,
        2.5112192630767822,
        2.7587263584136963,
        2.9768788814544678,
        3.1892125606536865,
        3.404148817062378,
        3.624300241470337,
        3.846428632736206,
        4.067553997039795,
        4.286566257476807,
        4.503015518188477,
        4.71675443649292,
        4.927743434906006,
        5.13460636138916,
        5.29948091506958,
        5.382438659667969,
        5.384464263916016,
        5.390107154846191,
        5.908687114715576,
        6.613829612731934
    ],
    "light_sequence": [
        0.0,
        0.0,
        0.0,
        0.0,
        0.0,
        0.0,
        0.0,
        0.0,
        0.0,
        0.0,
        0.0,
        0.0,
        0.0,
        0.0,
        0.0,
        0.0,
        0.0,
        0.0,
        0.0,
        0.0
    ],
    "is_collision_event": false
}