{
    "timestamp": 97.00000144541264,
    "x": 334.83355712890625,
    "y": 112.87043762207031,
    "speed": 6.965997959425412,
    "theta": 3.1426286697387695,
    "near_node_x": 334.82708740234375,
    "near_node_y": 120.57877349853516,
    "near_command": 2,
    "far_node_x": 334.3409118652344,
    "far_node_y": 125.45093536376953,
    "far_command": 2,
    "angle_near": -0.010905618027526515,
    "angle_far": 2.1835300628833756,
    "steer": -0.0005242953775450587,
    "throttle": 0.0,
    "brake": 0.039387430995702744,
    "is_red_light_present": 0,
    "vehicle_detected_flag": 0,
    "distanse": 25,
    "steer_sequence": [
        0.00125169160310179,
        -0.0015148745151236653,
        0.00022503396030515432,
        -0.0004692004877142608,
        -0.0005731647252105176,
        -0.00040732172783464193,
        -0.00010793852561619133,
        -0.0004628993629012257,
        -0.0006072160904295743,
        -2.88487190118758e-05,
        -0.0002262898051412776,
        -0.0007120779482647777,
        -0.0007256671669892967,
        -0.0003350377664901316,
        -0.0005376361077651381,
        -0.0008674967102706432,
        6.192877890498494e-07,
        -0.0006652373704127967,
        -0.00012075158883817494,
        -0.00016771112859714776
    ],
    "throttle_sequence": [
        0.0,
        0.25121140480041504,
        0.75,
        0.75,
        0.75,
        0.75,
        0.75,
        0.75,
        0.4520474970340729,
        0.0,
        0.04135507717728615,
        0.736587643623352,
        0.75,
        0.75,
        0.75,
        0.75,
        0.75,
        0.75,
        0.5190789699554443,
        0.0
    ],
    "brake_sequence": [
        0.30000001192092896,
        0.0,
        0.0,
        0.0,
        0.0,
        0.0,
        0.0,
        0.0,
        0.0,
        0.14667382836341858,
        0.0,
        0.0,
        0.0,
        0.0,
        0.0,
        0.0,
        0.0,
        0.0,
        0.0,
        0.13954922556877136
    ],
    "speed_sequence": [
        6.950606346130371,
        6.6143035888671875,
        6.309770584106445,
        6.086625576019287,
        6.008107662200928,
        6.045283794403076,
        6.164214611053467,
        6.3383989334106445,
        6.547516345977783,
        6.714572429656982,
        6.663087844848633,
        6.470353126525879,
        6.232603549957275,
        6.114504337310791,
        6.124016284942627,
        6.223641395568848,
        6.384955406188965,
        6.585969924926758,
        6.810913562774658,
        6.993853569030762
    ],
    "light_sequence": [
        0.0,
        0.0,
        0.0,
        0.0,
        0.0,
        0.0,
        0.0,
        0.0,
        0.0,
        0.0,
        0.0,
        0.0,
        0.0,
        0.0,
        0.0,
        0.0,
        0.0,
        0.0,
        0.0,
        0.0
    ],
    "is_collision_event": false
}