{
    "timestamp": 99.50000148266554,
    "x": 330.1046142578125,
    "y": 127.34376525878906,
    "speed": 6.203061710606693,
    "theta": 4.227913856506348,
    "near_node_x": 323.6408386230469,
    "near_node_y": 129.51419067382812,
    "near_command": 4,
    "far_node_x": 317.6408996582031,
    "far_node_y": 129.51150512695312,
    "far_command": 4,
    "angle_near": 9.197204172248995,
    "angle_far": 17.891955868147846,
    "steer": 0.19486138224601746,
    "throttle": 0.75,
    "brake": 0.0,
    "is_red_light_present": 0,
    "vehicle_detected_flag": 0,
    "distanse": 25,
    "steer_sequence": [
        -0.00036431627813726664,
        0.05761077627539635,
        -0.04238922521471977,
        0.05761077627539635,
        0.10468552261590958,
        0.2046855241060257,
        0.10468552261590958,
        0.004685519728809595,
        0.10468552261590958,
        0.2046855241060257,
        0.3046855330467224,
        0.40468552708625793,
        0.3480592966079712,
        0.4480592906475067,
        0.3480592966079712,
        0.24805928766727448,
        0.3480592966079712,
        0.294861376285553,
        0.3948614001274109,
        0.294861376285553
    ],
    "throttle_sequence": [
        0.75,
        0.75,
        0.5413148999214172,
        0.0,
        0.0,
        0.75,
        0.75,
        0.75,
        0.75,
        0.75,
        0.6049514412879944,
        0.2453184574842453,
        0.39466163516044617,
        0.6970601677894592,
        0.75,
        0.75,
        0.5435245633125305,
        0.23612596094608307,
        0.1697068065404892,
        0.75
    ],
    "brake_sequence": [
        0.0,
        0.0,
        0.0,
        0.061953675001859665,
        0.030231967568397522,
        0.0,
        0.0,
        0.0,
        0.0,
        0.0,
        0.0,
        0.0,
        0.0,
        0.0,
        0.0,
        0.0,
        0.0,
        0.0,
        0.0,
        0.0
    ],
    "speed_sequence": [
        6.451152801513672,
        6.60796594619751,
        6.799054145812988,
        6.967720031738281,
        6.958149433135986,
        6.733716011047363,
        6.4045915603637695,
        6.28936767578125,
        6.30151891708374,
        6.378833293914795,
        6.4784746170043945,
        6.541639804840088,
        6.455770969390869,
        6.38375186920166,
        6.198472499847412,
        6.268838882446289,
        6.45764684677124,
        6.515292167663574,
        6.548882961273193,
        6.324642658233643
    ],
    "light_sequence": [
        0.0,
        0.0,
        0.0,
        0.0,
        0.0,
        0.0,
        0.0,
        0.0,
        0.0,
        0.0,
        0.0,
        0.0,
        0.0,
        0.0,
        0.0,
        0.0,
        0.0,
        0.0,
        0.0,
        0.0
    ],
    "is_collision_event": false
}