{
    "timestamp": 98.0000014603138,
    "x": 334.7640075683594,
    "y": 119.5555648803711,
    "speed": 6.733716049115701,
    "theta": 3.179165840148926,
    "near_node_x": 333.46661376953125,
    "near_node_y": 126.88634490966797,
    "near_command": 2,
    "far_node_x": 329.656982421875,
    "far_node_y": 129.2510986328125,
    "far_command": 2,
    "angle_near": 7.883408210077719,
    "angle_far": 25.624752216681735,
    "steer": 0.2046855241060257,
    "throttle": 0.75,
    "brake": 0.0,
    "is_red_light_present": 0,
    "vehicle_detected_flag": 0,
    "distanse": 25,
    "steer_sequence": [
        -0.0002262898051412776,
        -0.0007120779482647777,
        -0.0007256671669892967,
        -0.0003350377664901316,
        -0.0005376361077651381,
        -0.0008674967102706432,
        6.192877890498494e-07,
        -0.0006652373704127967,
        -0.00012075158883817494,
        -0.00016771112859714776,
        -0.0005242953775450587,
        7.914265734143555e-05,
        -0.00069816829636693,
        -0.0011084394063800573,
        0.0002282299828948453,
        -0.00036431627813726664,
        0.05761077627539635,
        -0.04238922521471977,
        0.05761077627539635,
        0.10468552261590958
    ],
    "throttle_sequence": [
        0.04135507717728615,
        0.736587643623352,
        0.75,
        0.75,
        0.75,
        0.75,
        0.75,
        0.75,
        0.5190789699554443,
        0.0,
        0.0,
        0.7127333283424377,
        0.75,
        0.75,
        0.75,
        0.75,
        0.75,
        0.5413148999214172,
        0.0,
        0.0
    ],
    "brake_sequence": [
        0.0,
        0.0,
        0.0,
        0.0,
        0.0,
        0.0,
        0.0,
        0.0,
        0.0,
        0.13954922556877136,
        0.039387430995702744,
        0.0,
        0.0,
        0.0,
        0.0,
        0.0,
        0.0,
        0.0,
        0.061953675001859665,
        0.030231967568397522
    ],
    "speed_sequence": [
        6.663087844848633,
        6.470353126525879,
        6.232603549957275,
        6.114504337310791,
        6.124016284942627,
        6.223641395568848,
        6.384955406188965,
        6.585969924926758,
        6.810913562774658,
        6.993853569030762,
        6.96599817276001,
        6.757086277008057,
        6.494903087615967,
        6.358608722686768,
        6.358032703399658,
        6.451152801513672,
        6.60796594619751,
        6.799054145812988,
        6.967720031738281,
        6.958149433135986
    ],
    "light_sequence": [
        0.0,
        0.0,
        0.0,
        0.0,
        0.0,
        0.0,
        0.0,
        0.0,
        0.0,
        0.0,
        0.0,
        0.0,
        0.0,
        0.0,
        0.0,
        0.0,
        0.0,
        0.0,
        0.0,
        0.0
    ],
    "is_collision_event": false
}