{
    "timestamp": 92.70000138133764,
    "x": 334.8406982421875,
    "y": 89.97249603271484,
    "speed": 1.7099834880060543,
    "theta": 3.1357333660125732,
    "near_node_x": 334.8424987792969,
    "near_node_y": 95.02877807617188,
    "near_command": 4,
    "far_node_x": 334.8388977050781,
    "far_node_y": 101.02877807617188,
    "far_command": 4,
    "angle_near": 0.315441759621461,
    "angle_far": 0.3451754594564499,
    "steer": 0.007912282831966877,
    "throttle": 0.75,
    "brake": 0.0,
    "is_red_light_present": 0,
    "vehicle_detected_flag": 1,
    "distanse": 13.20800495147705,
    "steer_sequence": [
        0.0,
        0.0,
        0.0,
        0.0,
        0.0,
        0.0,
        0.0,
        0.0,
        0.0,
        0.0,
        0.051643792539834976,
        0.017687873914837837,
        0.017830371856689453,
        0.017368583008646965,
        0.016908712685108185,
        0.015303587540984154,
        0.012990706600248814,
        0.01501549780368805,
        0.010681785643100739,
        0.009466181509196758
    ],
    "throttle_sequence": [
        0.0,
        0.0,
        0.0,
        0.0,
        0.0,
        0.0,
        0.0,
        0.0,
        0.0,
        0.0,
        0.75,
        0.75,
        0.75,
        0.75,
        0.75,
        0.75,
        0.75,
        0.75,
        0.75,
        0.75
    ],
    "brake_sequence": [
        0.5,
        0.5,
        0.5,
        0.5,
        0.5,
        0.5,
        0.5,
        0.5,
        0.5,
        0.5,
        0.0,
        0.0,
        0.0,
        0.0,
        0.0,
        0.0,
        0.0,
        0.0,
        0.0,
        0.0
    ],
    "speed_sequence": [
        0.0,
        0.0,
        0.0,
        0.0,
        0.0,
        0.0,
        0.0,
        0.0,
        0.0,
        0.0,
        0.0,
        -0.023375986143946648,
        0.007590202149003744,
        0.03111656755208969,
        0.25898662209510803,
        0.5655858516693115,
        0.7751456499099731,
        0.9397928714752197,
        1.1702667474746704,
        1.4362996816635132
    ],
    "light_sequence": [
        0.0,
        0.0,
        0.0,
        0.0,
        0.0,
        0.0,
        0.0,
        0.0,
        0.0,
        0.0,
        0.0,
        0.0,
        0.0,
        0.0,
        0.0,
        0.0,
        0.0,
        0.0,
        0.0,
        0.0
    ],
    "is_collision_event": false
}