{
    "timestamp": 93.20000138878822,
    "x": 334.8415222167969,
    "y": 91.16246032714844,
    "speed": 2.9768789066802257,
    "theta": 3.1391029357910156,
    "near_node_x": 334.84130859375,
    "near_node_y": 97.02877807617188,
    "near_command": 4,
    "far_node_x": 334.8376770019531,
    "far_node_y": 103.02877807617188,
    "far_command": 4,
    "angle_near": 0.1452583471480206,
    "angle_far": 0.1617382915420002,
    "steer": 0.002212714636698365,
    "throttle": 0.75,
    "brake": 0.0,
    "is_red_light_present": 0,
    "vehicle_detected_flag": 1,
    "distanse": 14.666252136230469,
    "steer_sequence": [
        0.0,
        0.0,
        0.0,
        0.0,
        0.0,
        0.051643792539834976,
        0.017687873914837837,
        0.017830371856689453,
        0.017368583008646965,
        0.016908712685108185,
        0.015303587540984154,
        0.012990706600248814,
        0.01501549780368805,
        0.010681785643100739,
        0.009466181509196758,
        0.007912282831966877,
        0.006477393675595522,
        0.005736393388360739,
        0.00468766875565052,
        0.005329830572009087
    ],
    "throttle_sequence": [
        0.0,
        0.0,
        0.0,
        0.0,
        0.0,
        0.75,
        0.75,
        0.75,
        0.75,
        0.75,
        0.75,
        0.75,
        0.75,
        0.75,
        0.75,
        0.75,
        0.75,
        0.75,
        0.75,
        0.75
    ],
    "brake_sequence": [
        0.5,
        0.5,
        0.5,
        0.5,
        0.5,
        0.0,
        0.0,
        0.0,
        0.0,
        0.0,
        0.0,
        0.0,
        0.0,
        0.0,
        0.0,
        0.0,
        0.0,
        0.0,
        0.0,
        0.0
    ],
    "speed_sequence": [
        0.0,
        0.0,
        0.0,
        0.0,
        0.0,
        0.0,
        -0.023375986143946648,
        0.007590202149003744,
        0.03111656755208969,
        0.25898662209510803,
        0.5655858516693115,
        0.7751456499099731,
        0.9397928714752197,
        1.1702667474746704,
        1.4362996816635132,
        1.709983468055725,
        1.978484869003296,
        2.2400970458984375,
        2.5112192630767822,
        2.7587263584136963
    ],
    "light_sequence": [
        0.0,
        0.0,
        0.0,
        0.0,
        0.0,
        0.0,
        0.0,
        0.0,
        0.0,
        0.0,
        0.0,
        0.0,
        0.0,
        0.0,
        0.0,
        0.0,
        0.0,
        0.0,
        0.0,
        0.0
    ],
    "is_collision_event": false
}