{
    "timestamp": 93.60000139474869,
    "x": 334.84222412109375,
    "y": 92.52944946289062,
    "speed": 3.846428604677181,
    "theta": 3.140679121017456,
    "near_node_x": 334.840087890625,
    "near_node_y": 99.02877807617188,
    "near_command": 4,
    "far_node_x": 334.8364562988281,
    "far_node_y": 105.02877807617188,
    "far_command": 4,
    "angle_near": 0.07521295448204933,
    "angle_far": 0.08281987184957487,
    "steer": 0.002115620533004403,
    "throttle": 0.75,
    "brake": 0.0,
    "is_red_light_present": 0,
    "vehicle_detected_flag": 1,
    "distanse": 16.031599044799805,
    "steer_sequence": [
        0.0,
        0.051643792539834976,
        0.017687873914837837,
        0.017830371856689453,
        0.017368583008646965,
        0.016908712685108185,
        0.015303587540984154,
        0.012990706600248814,
        0.01501549780368805,
        0.010681785643100739,
        0.009466181509196758,
        0.007912282831966877,
        0.006477393675595522,
        0.005736393388360739,
        0.00468766875565052,
        0.005329830572009087,
        0.002212714636698365,
        0.002741888165473938,
        0.0020904848352074623,
        0.0015668252017349005
    ],
    "throttle_sequence": [
        0.0,
        0.75,
        0.75,
        0.75,
        0.75,
        0.75,
        0.75,
        0.75,
        0.75,
        0.75,
        0.75,
        0.75,
        0.75,
        0.75,
        0.75,
        0.75,
        0.75,
        0.75,
        0.75,
        0.75
    ],
    "brake_sequence": [
        0.5,
        0.0,
        0.0,
        0.0,
        0.0,
        0.0,
        0.0,
        0.0,
        0.0,
        0.0,
        0.0,
        0.0,
        0.0,
        0.0,
        0.0,
        0.0,
        0.0,
        0.0,
        0.0,
        0.0
    ],
    "speed_sequence": [
        0.0,
        0.0,
        -0.023375986143946648,
        0.007590202149003744,
        0.03111656755208969,
        0.25898662209510803,
        0.5655858516693115,
        0.7751456499099731,
        0.9397928714752197,
        1.1702667474746704,
        1.4362996816635132,
        1.709983468055725,
        1.978484869003296,
        2.2400970458984375,
        2.5112192630767822,
        2.7587263584136963,
        2.9768788814544678,
        3.1892125606536865,
        3.404148817062378,
        3.624300241470337
    ],
    "light_sequence": [
        0.0,
        0.0,
        0.0,
        0.0,
        0.0,
        0.0,
        0.0,
        0.0,
        0.0,
        0.0,
        0.0,
        0.0,
        0.0,
        0.0,
        0.0,
        0.0,
        0.0,
        0.0,
        0.0,
        0.0
    ],
    "is_collision_event": false
}