{
    "timestamp": 93.80000139772892,
    "x": 334.8421325683594,
    "y": 93.34510803222656,
    "speed": 4.286566479964212,
    "theta": 3.141247272491455,
    "near_node_x": 334.840087890625,
    "near_node_y": 99.02877807617188,
    "near_command": 4,
    "far_node_x": 334.8364562988281,
    "far_node_y": 105.02877807617188,
    "far_command": 4,
    "angle_near": 0.045703540609569285,
    "angle_far": 0.05292757997829937,
    "steer": 0.0010136824566870928,
    "throttle": 0.75,
    "brake": 0.0,
    "is_red_light_present": 0,
    "vehicle_detected_flag": 1,
    "distanse": 16.334308624267578,
    "steer_sequence": [
        0.017687873914837837,
        0.017830371856689453,
        0.017368583008646965,
        0.016908712685108185,
        0.015303587540984154,
        0.012990706600248814,
        0.01501549780368805,
        0.010681785643100739,
        0.009466181509196758,
        0.007912282831966877,
        0.006477393675595522,
        0.005736393388360739,
        0.00468766875565052,
        0.005329830572009087,
        0.002212714636698365,
        0.002741888165473938,
        0.0020904848352074623,
        0.0015668252017349005,
        0.002115620533004403,
        0.0004472136206459254
    ],
    "throttle_sequence": [
        0.75,
        0.75,
        0.75,
        0.75,
        0.75,
        0.75,
        0.75,
        0.75,
        0.75,
        0.75,
        0.75,
        0.75,
        0.75,
        0.75,
        0.75,
        0.75,
        0.75,
        0.75,
        0.75,
        0.75
    ],
    "brake_sequence": [
        0.0,
        0.0,
        0.0,
        0.0,
        0.0,
        0.0,
        0.0,
        0.0,
        0.0,
        0.0,
        0.0,
        0.0,
        0.0,
        0.0,
        0.0,
        0.0,
        0.0,
        0.0,
        0.0,
        0.0
    ],
    "speed_sequence": [
        -0.023375986143946648,
        0.007590202149003744,
        0.03111656755208969,
        0.25898662209510803,
        0.5655858516693115,
        0.7751456499099731,
        0.9397928714752197,
        1.1702667474746704,
        1.4362996816635132,
        1.709983468055725,
        1.978484869003296,
        2.2400970458984375,
        2.5112192630767822,
        2.7587263584136963,
        2.9768788814544678,
        3.1892125606536865,
        3.404148817062378,
        3.624300241470337,
        3.846428632736206,
        4.067553997039795
    ],
    "light_sequence": [
        0.0,
        0.0,
        0.0,
        0.0,
        0.0,
        0.0,
        0.0,
        0.0,
        0.0,
        0.0,
        0.0,
        0.0,
        0.0,
        0.0,
        0.0,
        0.0,
        0.0,
        0.0,
        0.0,
        0.0
    ],
    "is_collision_event": false
}