{
    "timestamp": 98.90000147372484,
    "x": 333.1446533203125,
    "y": 125.03167724609375,
    "speed": 6.198472359528566,
    "theta": 3.6916728019714355,
    "near_node_x": 327.92425537109375,
    "near_node_y": 129.51068115234375,
    "near_command": 2,
    "far_node_x": 323.6408386230469,
    "far_node_y": 129.51419067382812,
    "far_command": 4,
    "angle_near": 17.8537597445612,
    "angle_far": 33.2316348355554,
    "steer": 0.3480592966079712,
    "throttle": 0.75,
    "brake": 0.0,
    "is_red_light_present": 0,
    "vehicle_detected_flag": 0,
    "distanse": 25,
    "steer_sequence": [
        -0.00016771112859714776,
        -0.0005242953775450587,
        7.914265734143555e-05,
        -0.00069816829636693,
        -0.0011084394063800573,
        0.0002282299828948453,
        -0.00036431627813726664,
        0.05761077627539635,
        -0.04238922521471977,
        0.05761077627539635,
        0.10468552261590958,
        0.2046855241060257,
        0.10468552261590958,
        0.004685519728809595,
        0.10468552261590958,
        0.2046855241060257,
        0.3046855330467224,
        0.40468552708625793,
        0.3480592966079712,
        0.4480592906475067
    ],
    "throttle_sequence": [
        0.0,
        0.0,
        0.7127333283424377,
        0.75,
        0.75,
        0.75,
        0.75,
        0.75,
        0.5413148999214172,
        0.0,
        0.0,
        0.75,
        0.75,
        0.75,
        0.75,
        0.75,
        0.6049514412879944,
        0.2453184574842453,
        0.39466163516044617,
        0.6970601677894592
    ],
    "brake_sequence": [
        0.13954922556877136,
        0.039387430995702744,
        0.0,
        0.0,
        0.0,
        0.0,
        0.0,
        0.0,
        0.0,
        0.061953675001859665,
        0.030231967568397522,
        0.0,
        0.0,
        0.0,
        0.0,
        0.0,
        0.0,
        0.0,
        0.0,
        0.0
    ],
    "speed_sequence": [
        6.993853569030762,
        6.96599817276001,
        6.757086277008057,
        6.494903087615967,
        6.358608722686768,
        6.358032703399658,
        6.451152801513672,
        6.60796594619751,
        6.799054145812988,
        6.967720031738281,
        6.958149433135986,
        6.733716011047363,
        6.4045915603637695,
        6.28936767578125,
        6.30151891708374,
        6.378833293914795,
        6.4784746170043945,
        6.541639804840088,
        6.455770969390869,
        6.38375186920166
    ],
    "light_sequence": [
        0.0,
        0.0,
        0.0,
        0.0,
        0.0,
        0.0,
        0.0,
        0.0,
        0.0,
        0.0,
        0.0,
        0.0,
        0.0,
        0.0,
        0.0,
        0.0,
        0.0,
        0.0,
        0.0,
        0.0
    ],
    "is_collision_event": false
}