{
    "timestamp": 98.40000146627426,
    "x": 334.4179992675781,
    "y": 122.09375762939453,
    "speed": 6.378833108452209,
    "theta": 3.294126272201538,
    "near_node_x": 330.9987487792969,
    "near_node_y": 128.75839233398438,
    "near_command": 2,
    "far_node_x": 325.6408386230469,
    "far_node_y": 129.51507568359375,
    "far_command": 2,
    "angle_near": 18.42028688890427,
    "angle_far": 41.045079704677775,
    "steer": 0.2046855241060257,
    "throttle": 0.75,
    "brake": 0.0,
    "is_red_light_present": 0,
    "vehicle_detected_flag": 0,
    "distanse": 25,
    "steer_sequence": [
        -0.0005376361077651381,
        -0.0008674967102706432,
        6.192877890498494e-07,
        -0.0006652373704127967,
        -0.00012075158883817494,
        -0.00016771112859714776,
        -0.0005242953775450587,
        7.914265734143555e-05,
        -0.00069816829636693,
        -0.0011084394063800573,
        0.0002282299828948453,
        -0.00036431627813726664,
        0.05761077627539635,
        -0.04238922521471977,
        0.05761077627539635,
        0.10468552261590958,
        0.2046855241060257,
        0.10468552261590958,
        0.004685519728809595,
        0.10468552261590958
    ],
    "throttle_sequence": [
        0.75,
        0.75,
        0.75,
        0.75,
        0.5190789699554443,
        0.0,
        0.0,
        0.7127333283424377,
        0.75,
        0.75,
        0.75,
        0.75,
        0.75,
        0.5413148999214172,
        0.0,
        0.0,
        0.75,
        0.75,
        0.75,
        0.75
    ],
    "brake_sequence": [
        0.0,
        0.0,
        0.0,
        0.0,
        0.0,
        0.13954922556877136,
        0.039387430995702744,
        0.0,
        0.0,
        0.0,
        0.0,
        0.0,
        0.0,
        0.0,
        0.061953675001859665,
        0.030231967568397522,
        0.0,
        0.0,
        0.0,
        0.0
    ],
    "speed_sequence": [
        6.124016284942627,
        6.223641395568848,
        6.384955406188965,
        6.585969924926758,
        6.810913562774658,
        6.993853569030762,
        6.96599817276001,
        6.757086277008057,
        6.494903087615967,
        6.358608722686768,
        6.358032703399658,
        6.451152801513672,
        6.60796594619751,
        6.799054145812988,
        6.967720031738281,
        6.958149433135986,
        6.733716011047363,
        6.4045915603637695,
        6.28936767578125,
        6.30151891708374
    ],
    "light_sequence": [
        0.0,
        0.0,
        0.0,
        0.0,
        0.0,
        0.0,
        0.0,
        0.0,
        0.0,
        0.0,
        0.0,
        0.0,
        0.0,
        0.0,
        0.0,
        0.0,
        0.0,
        0.0,
        0.0,
        0.0
    ],
    "is_collision_event": false
}