{
    "timestamp": 99.20000147819519,
    "x": 331.7764892578125,
    "y": 126.37970733642578,
    "speed": 6.515292035830372,
    "theta": 3.9602572917938232,
    "near_node_x": 325.6408386230469,
    "near_node_y": 129.51507568359375,
    "near_command": 2,
    "far_node_x": 321.6408386230469,
    "far_node_y": 129.51329040527344,
    "far_command": 4,
    "angle_near": 16.02659981233708,
    "angle_far": 25.91425814567707,
    "steer": 0.294861376285553,
    "throttle": 0.23612596094608307,
    "brake": 0.0,
    "is_red_light_present": 0,
    "vehicle_detected_flag": 0,
    "distanse": 25,
    "steer_sequence": [
        -0.00069816829636693,
        -0.0011084394063800573,
        0.0002282299828948453,
        -0.00036431627813726664,
        0.05761077627539635,
        -0.04238922521471977,
        0.05761077627539635,
        0.10468552261590958,
        0.2046855241060257,
        0.10468552261590958,
        0.004685519728809595,
        0.10468552261590958,
        0.2046855241060257,
        0.3046855330467224,
        0.40468552708625793,
        0.3480592966079712,
        0.4480592906475067,
        0.3480592966079712,
        0.24805928766727448,
        0.3480592966079712
    ],
    "throttle_sequence": [
        0.75,
        0.75,
        0.75,
        0.75,
        0.75,
        0.5413148999214172,
        0.0,
        0.0,
        0.75,
        0.75,
        0.75,
        0.75,
        0.75,
        0.6049514412879944,
        0.2453184574842453,
        0.39466163516044617,
        0.6970601677894592,
        0.75,
        0.75,
        0.5435245633125305
    ],
    "brake_sequence": [
        0.0,
        0.0,
        0.0,
        0.0,
        0.0,
        0.0,
        0.061953675001859665,
        0.030231967568397522,
        0.0,
        0.0,
        0.0,
        0.0,
        0.0,
        0.0,
        0.0,
        0.0,
        0.0,
        0.0,
        0.0,
        0.0
    ],
    "speed_sequence": [
        6.494903087615967,
        6.358608722686768,
        6.358032703399658,
        6.451152801513672,
        6.60796594619751,
        6.799054145812988,
        6.967720031738281,
        6.958149433135986,
        6.733716011047363,
        6.4045915603637695,
        6.28936767578125,
        6.30151891708374,
        6.378833293914795,
        6.4784746170043945,
        6.541639804840088,
        6.455770969390869,
        6.38375186920166,
        6.198472499847412,
        6.268838882446289,
        6.45764684677124
    ],
    "light_sequence": [
        0.0,
        0.0,
        0.0,
        0.0,
        0.0,
        0.0,
        0.0,
        0.0,
        0.0,
        0.0,
        0.0,
        0.0,
        0.0,
        0.0,
        0.0,
        0.0,
        0.0,
        0.0,
        0.0,
        0.0
    ],
    "is_collision_event": false
}