{
    "timestamp": 94.3000014051795,
    "x": 334.84130859375,
    "y": 95.75960540771484,
    "speed": 5.299480794051094,
    "theta": 3.1415927410125732,
    "near_node_x": 334.8376770019531,
    "near_node_y": 103.02877807617188,
    "near_command": 4,
    "far_node_x": 334.83404541015625,
    "far_node_y": 109.02877807617188,
    "far_command": 4,
    "angle_near": 0.014039325062462322,
    "angle_far": 0.016777186219214712,
    "steer": 0.00019080923811998218,
    "throttle": 0.75,
    "brake": 0.0,
    "is_red_light_present": 0,
    "vehicle_detected_flag": 1,
    "distanse": 16.30302619934082,
    "steer_sequence": [
        0.012990706600248814,
        0.01501549780368805,
        0.010681785643100739,
        0.009466181509196758,
        0.007912282831966877,
        0.006477393675595522,
        0.005736393388360739,
        0.00468766875565052,
        0.005329830572009087,
        0.002212714636698365,
        0.002741888165473938,
        0.0020904848352074623,
        0.0015668252017349005,
        0.002115620533004403,
        0.0004472136206459254,
        0.0010136824566870928,
        0.0011212467215955257,
        -2.463463715685066e-05,
        0.0006445306935347617,
        0.0002624503686092794
    ],
    "throttle_sequence": [
        0.75,
        0.75,
        0.75,
        0.75,
        0.75,
        0.75,
        0.75,
        0.75,
        0.75,
        0.75,
        0.75,
        0.75,
        0.75,
        0.75,
        0.75,
        0.75,
        0.75,
        0.75,
        0.75,
        0.75
    ],
    "brake_sequence": [
        0.0,
        0.0,
        0.0,
        0.0,
        0.0,
        0.0,
        0.0,
        0.0,
        0.0,
        0.0,
        0.0,
        0.0,
        0.0,
        0.0,
        0.0,
        0.0,
        0.0,
        0.0,
        0.0,
        0.0
    ],
    "speed_sequence": [
        0.7751456499099731,
        0.9397928714752197,
        1.1702667474746704,
        1.4362996816635132,
        1.709983468055725,
        1.978484869003296,
        2.2400970458984375,
        2.5112192630767822,
        2.7587263584136963,
        2.9768788814544678,
        3.1892125606536865,
        3.404148817062378,
        3.624300241470337,
        3.846428632736206,
        4.067553997039795,
        4.286566257476807,
        4.503015518188477,
        4.71675443649292,
        4.927743434906006,
        5.13460636138916
    ],
    "light_sequence": [
        0.0,
        0.0,
        0.0,
        0.0,
        0.0,
        0.0,
        0.0,
        0.0,
        0.0,
        0.0,
        0.0,
        0.0,
        0.0,
        0.0,
        0.0,
        0.0,
        0.0,
        0.0,
        0.0,
        0.0
    ],
    "is_collision_event": false
}