{
    "timestamp": 96.30000143498182,
    "x": 334.8363342285156,
    "y": 108.27594757080078,
    "speed": 6.114504119492584,
    "theta": 3.1426286697387695,
    "near_node_x": 334.8304443359375,
    "near_node_y": 115.02877807617188,
    "near_command": 4,
    "far_node_x": 334.82708740234375,
    "far_node_y": 120.57877349853516,
    "far_command": 2,
    "angle_near": -0.013330705654831783,
    "angle_far": -0.02024109495844724,
    "steer": -0.0003350377664901316,
    "throttle": 0.75,
    "brake": 0.0,
    "is_red_light_present": 0,
    "vehicle_detected_flag": 0,
    "distanse": 25,
    "steer_sequence": [
        0.00019080923811998218,
        -0.0012636124156415462,
        -2.935202428488992e-05,
        -2.118538941431325e-05,
        0.0045139482244849205,
        -0.0022706163581460714,
        0.00011909953173017129,
        0.00125169160310179,
        -0.0015148745151236653,
        0.00022503396030515432,
        -0.0004692004877142608,
        -0.0005731647252105176,
        -0.00040732172783464193,
        -0.00010793852561619133,
        -0.0004628993629012257,
        -0.0006072160904295743,
        -2.88487190118758e-05,
        -0.0002262898051412776,
        -0.0007120779482647777,
        -0.0007256671669892967
    ],
    "throttle_sequence": [
        0.75,
        0.75,
        0.75,
        0.75,
        0.75,
        0.3099669814109802,
        0.0,
        0.0,
        0.25121140480041504,
        0.75,
        0.75,
        0.75,
        0.75,
        0.75,
        0.75,
        0.4520474970340729,
        0.0,
        0.04135507717728615,
        0.736587643623352,
        0.75
    ],
    "brake_sequence": [
        0.0,
        0.0,
        0.0,
        0.0,
        0.0,
        0.0,
        0.30000001192092896,
        0.30000001192092896,
        0.0,
        0.0,
        0.0,
        0.0,
        0.0,
        0.0,
        0.0,
        0.0,
        0.14667382836341858,
        0.0,
        0.0,
        0.0
    ],
    "speed_sequence": [
        5.29948091506958,
        5.382438659667969,
        5.384464263916016,
        5.390107154846191,
        5.908687114715576,
        6.613829612731934,
        7.017191410064697,
        6.950606346130371,
        6.6143035888671875,
        6.309770584106445,
        6.086625576019287,
        6.008107662200928,
        6.045283794403076,
        6.164214611053467,
        6.3383989334106445,
        6.547516345977783,
        6.714572429656982,
        6.663087844848633,
        6.470353126525879,
        6.232603549957275
    ],
    "light_sequence": [
        0.0,
        0.0,
        0.0,
        0.0,
        0.0,
        0.0,
        0.0,
        0.0,
        0.0,
        0.0,
        0.0,
        0.0,
        0.0,
        0.0,
        0.0,
        0.0,
        0.0,
        0.0,
        0.0,
        0.0
    ],
    "is_collision_event": false
}