{
    "timestamp": 95.5000014230609,
    "x": 334.8387756347656,
    "y": 103.1303482055664,
    "speed": 6.045283573343346,
    "theta": 3.1425693035125732,
    "near_node_x": 334.8328552246094,
    "near_node_y": 111.02877807617188,
    "near_command": 4,
    "far_node_x": 334.8292236328125,
    "far_node_y": 117.02877807617188,
    "far_command": 4,
    "angle_near": -0.009907434535052679,
    "angle_far": -0.013476728597373373,
    "steer": -0.00040732172783464193,
    "throttle": 0.75,
    "brake": 0.0,
    "is_red_light_present": 0,
    "vehicle_detected_flag": 1,
    "distanse": 14.53126049041748,
    "steer_sequence": [
        0.0015668252017349005,
        0.002115620533004403,
        0.0004472136206459254,
        0.0010136824566870928,
        0.0011212467215955257,
        -2.463463715685066e-05,
        0.0006445306935347617,
        0.0002624503686092794,
        0.00019080923811998218,
        -0.0012636124156415462,
        -2.935202428488992e-05,
        -2.118538941431325e-05,
        0.0045139482244849205,
        -0.0022706163581460714,
        0.00011909953173017129,
        0.00125169160310179,
        -0.0015148745151236653,
        0.00022503396030515432,
        -0.0004692004877142608,
        -0.0005731647252105176
    ],
    "throttle_sequence": [
        0.75,
        0.75,
        0.75,
        0.75,
        0.75,
        0.75,
        0.75,
        0.75,
        0.75,
        0.75,
        0.75,
        0.75,
        0.75,
        0.3099669814109802,
        0.0,
        0.0,
        0.25121140480041504,
        0.75,
        0.75,
        0.75
    ],
    "brake_sequence": [
        0.0,
        0.0,
        0.0,
        0.0,
        0.0,
        0.0,
        0.0,
        0.0,
        0.0,
        0.0,
        0.0,
        0.0,
        0.0,
        0.0,
        0.30000001192092896,
        0.30000001192092896,
        0.0,
        0.0,
        0.0,
        0.0
    ],
    "speed_sequence": [
        3.624300241470337,
        3.846428632736206,
        4.067553997039795,
        4.286566257476807,
        4.503015518188477,
        4.71675443649292,
        4.927743434906006,
        5.13460636138916,
        5.29948091506958,
        5.382438659667969,
        5.384464263916016,
        5.390107154846191,
        5.908687114715576,
        6.613829612731934,
        7.017191410064697,
        6.950606346130371,
        6.6143035888671875,
        6.309770584106445,
        6.086625576019287,
        6.008107662200928
    ],
    "light_sequence": [
        0.0,
        0.0,
        0.0,
        0.0,
        0.0,
        0.0,
        0.0,
        0.0,
        0.0,
        0.0,
        0.0,
        0.0,
        0.0,
        0.0,
        0.0,
        0.0,
        0.0,
        0.0,
        0.0,
        0.0
    ],
    "is_collision_event": false
}