{
    "timestamp": 104.200001552701,
    "x": 300.1153564453125,
    "y": 129.48785400390625,
    "speed": 6.693072940639755,
    "theta": 4.710769176483154,
    "near_node_x": 292.6408996582031,
    "near_node_y": 129.50033569335938,
    "near_command": 4,
    "far_node_x": 286.6408996582031,
    "far_node_y": 129.49765014648438,
    "far_command": 4,
    "angle_near": -0.002847934474710457,
    "angle_far": 0.05117599192278102,
    "steer": -0.005004162900149822,
    "throttle": 0.0,
    "brake": 0.07602319121360779,
    "is_red_light_present": 0,
    "vehicle_detected_flag": 0,
    "distanse": 25,
    "steer_sequence": [
        0.004912818316370249,
        0.04205615818500519,
        -0.029899895191192627,
        0.0001999409287236631,
        0.03642018884420395,
        -0.020975258201360703,
        -0.0026537938974797726,
        0.02642940916121006,
        -0.014767155051231384,
        -0.00036138767609372735,
        0.01859121397137642,
        -0.012385605834424496,
        0.0011253933189436793,
        0.01405737828463316,
        -0.00889237318187952,
        -0.0006774223293177783,
        0.00980298314243555,
        -0.006046849302947521,
        -1.832392626965884e-05,
        0.006831827107816935
    ],
    "throttle_sequence": [
        0.75,
        0.75,
        0.452131062746048,
        0.0,
        0.05457044765353203,
        0.75,
        0.75,
        0.75,
        0.75,
        0.75,
        0.75,
        0.29686447978019714,
        0.0,
        0.22296085953712463,
        0.75,
        0.75,
        0.75,
        0.75,
        0.75,
        0.5026235580444336
    ],
    "brake_sequence": [
        0.0,
        0.0,
        0.0,
        0.09100821614265442,
        0.0,
        0.0,
        0.0,
        0.0,
        0.0,
        0.0,
        0.0,
        0.0,
        0.23154598474502563,
        0.0,
        0.0,
        0.0,
        0.0,
        0.0,
        0.0,
        0.0
    ],
    "speed_sequence": [
        6.230341911315918,
        6.36586856842041,
        6.545992374420166,
        6.696844577789307,
        6.656558513641357,
        6.462274551391602,
        6.226078510284424,
        6.113669395446777,
        6.1249895095825195,
        6.225954055786133,
        6.3892388343811035,
        6.590539932250977,
        6.736980438232422,
        6.611034393310547,
        6.403166770935059,
        6.219516754150391,
        6.16560173034668,
        6.220383167266846,
        6.351215362548828,
        6.533135414123535
    ],
    "light_sequence": [
        0.0,
        0.0,
        0.0,
        0.0,
        0.0,
        0.0,
        0.0,
        0.0,
        0.0,
        0.0,
        0.0,
        0.0,
        0.0,
        0.0,
        0.0,
        0.0,
        0.0,
        0.0,
        0.0,
        0.0
    ],
    "is_collision_event": false
}