{
    "timestamp": 106.30000158399343,
    "x": 286.6251525878906,
    "y": 129.4977569580078,
    "speed": 6.232278520390984,
    "theta": 4.713057518005371,
    "near_node_x": 278.6408996582031,
    "near_node_y": 129.49407958984375,
    "near_command": 4,
    "far_node_x": 272.6408996582031,
    "far_node_y": 129.4914093017578,
    "far_command": 4,
    "angle_near": -0.011923198966564914,
    "angle_far": -0.012304962799829582,
    "steer": -0.0007367048528976738,
    "throttle": 0.75,
    "brake": 0.0,
    "is_red_light_present": 0,
    "vehicle_detected_flag": 0,
    "distanse": 25,
    "steer_sequence": [
        0.00018012513464782387,
        0.004948794841766357,
        -0.003862343728542328,
        -0.0005534565425477922,
        0.0013415719149634242,
        0.0009386394522152841,
        -0.0018158727325499058,
        0.0005033708875998855,
        0.0013756504049524665,
        -0.001588272163644433,
        5.720780973206274e-05,
        0.000500998052302748,
        -0.0014114793157204986,
        -0.00015185745724011213,
        0.00037988435360603034,
        -0.0008411560556851327,
        -0.0001376311556668952,
        3.9629510865779594e-05,
        -0.00046662354725413024,
        -0.00020748810493387282
    ],
    "throttle_sequence": [
        0.0,
        0.6808744072914124,
        0.75,
        0.75,
        0.75,
        0.75,
        0.75,
        0.48827317357063293,
        0.0,
        0.0,
        0.6872397661209106,
        0.75,
        0.75,
        0.75,
        0.75,
        0.75,
        0.49624788761138916,
        0.0,
        0.0,
        0.6823529005050659
    ],
    "brake_sequence": [
        0.019603824242949486,
        0.0,
        0.0,
        0.0,
        0.0,
        0.0,
        0.0,
        0.0,
        0.11264422535896301,
        0.005490334704518318,
        0.0,
        0.0,
        0.0,
        0.0,
        0.0,
        0.0,
        0.0,
        0.10878320038318634,
        0.017566630616784096,
        0.0
    ],
    "speed_sequence": [
        6.677211761474609,
        6.483303546905518,
        6.231153964996338,
        6.096272945404053,
        6.093723773956299,
        6.1848320960998535,
        6.340484142303467,
        6.5379862785339355,
        6.704468727111816,
        6.674768924713135,
        6.482853889465332,
        6.230238437652588,
        6.09499454498291,
        6.091988563537598,
        6.182854652404785,
        6.338350772857666,
        6.535765647888184,
        6.703402996063232,
        6.678150653839111,
        6.4842305183410645
    ],
    "light_sequence": [
        0.0,
        0.0,
        0.0,
        0.0,
        0.0,
        0.0,
        0.0,
        0.0,
        0.0,
        0.0,
        0.0,
        0.0,
        0.0,
        0.0,
        0.0,
        0.0,
        0.0,
        0.0,
        0.0,
        0.0
    ],
    "is_collision_event": false
}