{
    "timestamp": 103.80000154674053,
    "x": 302.6849365234375,
    "y": 129.48167419433594,
    "speed": 6.165601716665949,
    "theta": 4.708305358886719,
    "near_node_x": 294.6408996582031,
    "near_node_y": 129.50123596191406,
    "near_command": 4,
    "far_node_x": 288.6408996582031,
    "far_node_y": 129.49855041503906,
    "far_command": 4,
    "angle_near": 0.09466369395495652,
    "angle_far": 0.1651470094575305,
    "steer": 0.00980298314243555,
    "throttle": 0.75,
    "brake": 0.0,
    "is_red_light_present": 0,
    "vehicle_detected_flag": 1,
    "distanse": 24.39289665222168,
    "steer_sequence": [
        -0.03359418362379074,
        0.028650369495153427,
        0.036597415804862976,
        -0.03769592195749283,
        0.004912818316370249,
        0.04205615818500519,
        -0.029899895191192627,
        0.0001999409287236631,
        0.03642018884420395,
        -0.020975258201360703,
        -0.0026537938974797726,
        0.02642940916121006,
        -0.014767155051231384,
        -0.00036138767609372735,
        0.01859121397137642,
        -0.012385605834424496,
        0.0011253933189436793,
        0.01405737828463316,
        -0.00889237318187952,
        -0.0006774223293177783
    ],
    "throttle_sequence": [
        0.24273422360420227,
        0.75,
        0.75,
        0.75,
        0.75,
        0.75,
        0.452131062746048,
        0.0,
        0.05457044765353203,
        0.75,
        0.75,
        0.75,
        0.75,
        0.75,
        0.75,
        0.29686447978019714,
        0.0,
        0.22296085953712463,
        0.75,
        0.75
    ],
    "brake_sequence": [
        0.0,
        0.0,
        0.0,
        0.0,
        0.0,
        0.0,
        0.0,
        0.09100821614265442,
        0.0,
        0.0,
        0.0,
        0.0,
        0.0,
        0.0,
        0.0,
        0.0,
        0.23154598474502563,
        0.0,
        0.0,
        0.0
    ],
    "speed_sequence": [
        6.6053972244262695,
        6.402493953704834,
        6.224047660827637,
        6.175093173980713,
        6.230341911315918,
        6.36586856842041,
        6.545992374420166,
        6.696844577789307,
        6.656558513641357,
        6.462274551391602,
        6.226078510284424,
        6.113669395446777,
        6.1249895095825195,
        6.225954055786133,
        6.3892388343811035,
        6.590539932250977,
        6.736980438232422,
        6.611034393310547,
        6.403166770935059,
        6.219516754150391
    ],
    "light_sequence": [
        0.0,
        0.0,
        0.0,
        0.0,
        0.0,
        0.0,
        0.0,
        0.0,
        0.0,
        0.0,
        0.0,
        0.0,
        0.0,
        0.0,
        0.0,
        0.0,
        0.0,
        0.0,
        0.0,
        0.0
    ],
    "is_collision_event": false
}