{
    "timestamp": 102.70000153034925,
    "x": 309.7081604003906,
    "y": 129.43247985839844,
    "speed": 6.462274768091906,
    "theta": 4.7017130851745605,
    "near_node_x": 302.6408996582031,
    "near_node_y": 129.5048065185547,
    "near_command": 4,
    "far_node_x": 296.6408996582031,
    "far_node_y": 129.5021209716797,
    "far_command": 4,
    "angle_near": 0.025345953729817357,
    "angle_far": 0.3063418082193921,
    "steer": -0.020975258201360703,
    "throttle": 0.75,
    "brake": 0.0,
    "is_red_light_present": 0,
    "vehicle_detected_flag": 1,
    "distanse": 24.652774810791016,
    "steer_sequence": [
        0.04534924402832985,
        0.10016501694917679,
        0.0001650134800001979,
        -0.019711431115865707,
        0.04074407368898392,
        0.11144226789474487,
        0.011442264541983604,
        -0.07097327709197998,
        0.02902672439813614,
        0.07207832485437393,
        -0.027921676635742188,
        -0.03359418362379074,
        0.028650369495153427,
        0.036597415804862976,
        -0.03769592195749283,
        0.004912818316370249,
        0.04205615818500519,
        -0.029899895191192627,
        0.0001999409287236631,
        0.03642018884420395
    ],
    "throttle_sequence": [
        0.47248849272727966,
        0.0,
        0.06249526888132095,
        0.7364934682846069,
        0.75,
        0.75,
        0.75,
        0.75,
        0.75,
        0.3078565001487732,
        0.0,
        0.24273422360420227,
        0.75,
        0.75,
        0.75,
        0.75,
        0.75,
        0.452131062746048,
        0.0,
        0.05457044765353203
    ],
    "brake_sequence": [
        0.0,
        0.10766594111919403,
        0.0,
        0.0,
        0.0,
        0.0,
        0.0,
        0.0,
        0.0,
        0.0,
        0.1953914761543274,
        0.0,
        0.0,
        0.0,
        0.0,
        0.0,
        0.0,
        0.0,
        0.09100821614265442,
        0.0
    ],
    "speed_sequence": [
        6.534893989562988,
        6.6994948387146,
        6.647580146789551,
        6.468100070953369,
        6.23955774307251,
        6.127334117889404,
        6.121333599090576,
        6.233057498931885,
        6.384702682495117,
        6.587426662445068,
        6.723610877990723,
        6.6053972244262695,
        6.402493953704834,
        6.224047660827637,
        6.175093173980713,
        6.230341911315918,
        6.36586856842041,
        6.545992374420166,
        6.696844577789307,
        6.656558513641357
    ],
    "light_sequence": [
        0.0,
        0.0,
        0.0,
        0.0,
        0.0,
        0.0,
        0.0,
        0.0,
        0.0,
        0.0,
        0.0,
        0.0,
        0.0,
        0.0,
        0.0,
        0.0,
        0.0,
        0.0,
        0.0,
        0.0
    ],
    "is_collision_event": false
}