{
    "timestamp": 101.60000151395798,
    "x": 316.85601806640625,
    "y": 129.3082275390625,
    "speed": 6.587426826931847,
    "theta": 4.674391746520996,
    "near_node_x": 308.6408996582031,
    "near_node_y": 129.5074920654297,
    "near_command": 4,
    "far_node_x": 302.6408996582031,
    "far_node_y": 129.5048065185547,
    "far_command": 4,
    "angle_near": 0.7876061715133716,
    "angle_far": 1.384805275781884,
    "steer": 0.07207832485437393,
    "throttle": 0.3078565001487732,
    "brake": 0.0,
    "is_red_light_present": 0,
    "vehicle_detected_flag": 0,
    "distanse": 25,
    "steer_sequence": [
        0.09486138820648193,
        0.19486138224601746,
        0.09486138820648193,
        0.19486138224601746,
        0.09486138820648193,
        -0.005138614680618048,
        0.02717866376042366,
        0.12717866897583008,
        0.05116134136915207,
        0.004191642627120018,
        0.10419164597988129,
        0.04534924402832985,
        0.10016501694917679,
        0.0001650134800001979,
        -0.019711431115865707,
        0.04074407368898392,
        0.11144226789474487,
        0.011442264541983604,
        -0.07097327709197998,
        0.02902672439813614
    ],
    "throttle_sequence": [
        0.75,
        0.75,
        0.7474507093429565,
        0.04440750554203987,
        0.0,
        0.3758806586265564,
        0.75,
        0.75,
        0.75,
        0.75,
        0.75,
        0.47248849272727966,
        0.0,
        0.06249526888132095,
        0.7364934682846069,
        0.75,
        0.75,
        0.75,
        0.75,
        0.75
    ],
    "brake_sequence": [
        0.0,
        0.0,
        0.0,
        0.0,
        0.30000001192092896,
        0.0,
        0.0,
        0.0,
        0.0,
        0.0,
        0.0,
        0.0,
        0.10766594111919403,
        0.0,
        0.0,
        0.0,
        0.0,
        0.0,
        0.0,
        0.0
    ],
    "speed_sequence": [
        6.220423698425293,
        6.331348419189453,
        6.436337947845459,
        6.647572994232178,
        6.729142189025879,
        6.555635452270508,
        6.325080394744873,
        6.173430919647217,
        6.123518466949463,
        6.209691524505615,
        6.360235214233398,
        6.534893989562988,
        6.6994948387146,
        6.647580146789551,
        6.468100070953369,
        6.23955774307251,
        6.127334117889404,
        6.121333599090576,
        6.233057498931885,
        6.384702682495117
    ],
    "light_sequence": [
        0.0,
        0.0,
        0.0,
        0.0,
        0.0,
        0.0,
        0.0,
        0.0,
        0.0,
        0.0,
        0.0,
        0.0,
        0.0,
        0.0,
        0.0,
        0.0,
        0.0,
        0.0,
        0.0,
        0.0
    ],
    "is_collision_event": false
}