{
    "timestamp": 100.90000150352716,
    "x": 321.2879638671875,
    "y": 129.10406494140625,
    "speed": 6.647580294602539,
    "theta": 4.6318817138671875,
    "near_node_x": 313.6408996582031,
    "near_node_y": 129.5097198486328,
    "near_command": 4,
    "far_node_x": 306.6408996582031,
    "far_node_y": 129.506591796875,
    "far_command": 4,
    "angle_near": 1.5762043802095433,
    "angle_far": 3.038543976202538,
    "steer": 0.0001650134800001979,
    "throttle": 0.06249526888132095,
    "brake": 0.0,
    "is_red_light_present": 0,
    "vehicle_detected_flag": 0,
    "distanse": 25,
    "steer_sequence": [
        0.3480592966079712,
        0.24805928766727448,
        0.3480592966079712,
        0.294861376285553,
        0.3948614001274109,
        0.294861376285553,
        0.19486138224601746,
        0.09486138820648193,
        0.19486138224601746,
        0.09486138820648193,
        0.19486138224601746,
        0.09486138820648193,
        -0.005138614680618048,
        0.02717866376042366,
        0.12717866897583008,
        0.05116134136915207,
        0.004191642627120018,
        0.10419164597988129,
        0.04534924402832985,
        0.10016501694917679
    ],
    "throttle_sequence": [
        0.75,
        0.75,
        0.5435245633125305,
        0.23612596094608307,
        0.1697068065404892,
        0.75,
        0.75,
        0.75,
        0.75,
        0.7474507093429565,
        0.04440750554203987,
        0.0,
        0.3758806586265564,
        0.75,
        0.75,
        0.75,
        0.75,
        0.75,
        0.47248849272727966,
        0.0
    ],
    "brake_sequence": [
        0.0,
        0.0,
        0.0,
        0.0,
        0.0,
        0.0,
        0.0,
        0.0,
        0.0,
        0.0,
        0.0,
        0.30000001192092896,
        0.0,
        0.0,
        0.0,
        0.0,
        0.0,
        0.0,
        0.0,
        0.10766594111919403
    ],
    "speed_sequence": [
        6.198472499847412,
        6.268838882446289,
        6.45764684677124,
        6.515292167663574,
        6.548882961273193,
        6.324642658233643,
        6.203061580657959,
        6.220423698425293,
        6.331348419189453,
        6.436337947845459,
        6.647572994232178,
        6.729142189025879,
        6.555635452270508,
        6.325080394744873,
        6.173430919647217,
        6.123518466949463,
        6.209691524505615,
        6.360235214233398,
        6.534893989562988,
        6.6994948387146
    ],
    "light_sequence": [
        0.0,
        0.0,
        0.0,
        0.0,
        0.0,
        0.0,
        0.0,
        0.0,
        0.0,
        0.0,
        0.0,
        0.0,
        0.0,
        0.0,
        0.0,
        0.0,
        0.0,
        0.0,
        0.0,
        0.0
    ],
    "is_collision_event": false
}