{
    "timestamp": 104.60000155866146,
    "x": 297.52972412109375,
    "y": 129.4927978515625,
    "speed": 6.096272829565499,
    "theta": 4.711582660675049,
    "near_node_x": 290.6408996582031,
    "near_node_y": 129.49945068359375,
    "near_command": 4,
    "far_node_x": 284.6408996582031,
    "far_node_y": 129.49676513671875,
    "far_command": 4,
    "angle_near": -0.009111252925057314,
    "angle_far": 0.028585604382512564,
    "steer": -0.0005534565425477922,
    "throttle": 0.75,
    "brake": 0.0,
    "is_red_light_present": 0,
    "vehicle_detected_flag": 0,
    "distanse": 25,
    "steer_sequence": [
        0.03642018884420395,
        -0.020975258201360703,
        -0.0026537938974797726,
        0.02642940916121006,
        -0.014767155051231384,
        -0.00036138767609372735,
        0.01859121397137642,
        -0.012385605834424496,
        0.0011253933189436793,
        0.01405737828463316,
        -0.00889237318187952,
        -0.0006774223293177783,
        0.00980298314243555,
        -0.006046849302947521,
        -1.832392626965884e-05,
        0.006831827107816935,
        -0.005004162900149822,
        0.00018012513464782387,
        0.004948794841766357,
        -0.003862343728542328
    ],
    "throttle_sequence": [
        0.05457044765353203,
        0.75,
        0.75,
        0.75,
        0.75,
        0.75,
        0.75,
        0.29686447978019714,
        0.0,
        0.22296085953712463,
        0.75,
        0.75,
        0.75,
        0.75,
        0.75,
        0.5026235580444336,
        0.0,
        0.0,
        0.6808744072914124,
        0.75
    ],
    "brake_sequence": [
        0.0,
        0.0,
        0.0,
        0.0,
        0.0,
        0.0,
        0.0,
        0.0,
        0.23154598474502563,
        0.0,
        0.0,
        0.0,
        0.0,
        0.0,
        0.0,
        0.0,
        0.07602319121360779,
        0.019603824242949486,
        0.0,
        0.0
    ],
    "speed_sequence": [
        6.656558513641357,
        6.462274551391602,
        6.226078510284424,
        6.113669395446777,
        6.1249895095825195,
        6.225954055786133,
        6.3892388343811035,
        6.590539932250977,
        6.736980438232422,
        6.611034393310547,
        6.403166770935059,
        6.219516754150391,
        6.16560173034668,
        6.220383167266846,
        6.351215362548828,
        6.533135414123535,
        6.69307279586792,
        6.677211761474609,
        6.483303546905518,
        6.231153964996338
    ],
    "light_sequence": [
        0.0,
        0.0,
        0.0,
        0.0,
        0.0,
        0.0,
        0.0,
        0.0,
        0.0,
        0.0,
        0.0,
        0.0,
        0.0,
        0.0,
        0.0,
        0.0,
        0.0,
        0.0,
        0.0,
        0.0
    ],
    "is_collision_event": false
}