{
    "timestamp": 108.70000161975622,
    "x": 271.31103515625,
    "y": 129.49310302734375,
    "speed": 6.703747798286642,
    "theta": 4.713368892669678,
    "near_node_x": 264.6408996582031,
    "near_node_y": 129.48782348632812,
    "near_command": 4,
    "far_node_x": 258.6408996582031,
    "far_node_y": 129.4851531982422,
    "far_command": 4,
    "angle_near": -0.010788439721797065,
    "angle_far": -0.02018912813325896,
    "steer": -0.00041628562030382454,
    "throttle": 0.0,
    "brake": 0.1100689098238945,
    "is_red_light_present": 0,
    "vehicle_detected_flag": 0,
    "distanse": 25,
    "steer_sequence": [
        -0.0006649952265433967,
        -8.853340659698006e-06,
        -0.0006201430223882198,
        -0.00010951123113045469,
        -0.00021744970581494272,
        -0.0010029784170910716,
        -0.0009049653308466077,
        3.32485833496321e-05,
        -0.0004786657227668911,
        -0.000936221971642226,
        0.0001981078094104305,
        -0.0004019617335870862,
        -0.0008747996180318296,
        0.00020086763834115118,
        -0.0008837433415465057,
        -0.0012859804555773735,
        0.00017080620455089957,
        -0.0004386335494928062,
        -0.001079558627679944,
        0.00026353122666478157
    ],
    "throttle_sequence": [
        0.75,
        0.4828561246395111,
        0.0,
        0.0027953460812568665,
        0.6952122449874878,
        0.75,
        0.75,
        0.75,
        0.75,
        0.75,
        0.48968401551246643,
        0.0,
        0.0,
        0.6860378980636597,
        0.75,
        0.75,
        0.75,
        0.75,
        0.75,
        0.49348020553588867
    ],
    "brake_sequence": [
        0.0,
        0.0,
        0.11500802636146545,
        0.0,
        0.0,
        0.0,
        0.0,
        0.0,
        0.0,
        0.0,
        0.0,
        0.112084299325943,
        0.007608285639435053,
        0.0,
        0.0,
        0.0,
        0.0,
        0.0,
        0.0,
        0.0
    ],
    "speed_sequence": [
        6.341887950897217,
        6.539436340332031,
        6.705073356628418,
        6.672447204589844,
        6.480628967285156,
        6.229458332061768,
        6.095137119293213,
        6.092830181121826,
        6.184156894683838,
        6.339958667755127,
        6.537581920623779,
        6.704315185546875,
        6.675387859344482,
        6.483206272125244,
        6.230701923370361,
        6.095547676086426,
        6.092639923095703,
        6.183555603027344,
        6.339076042175293,
        6.53652286529541
    ],
    "light_sequence": [
        0.0,
        0.0,
        0.0,
        0.0,
        0.0,
        0.0,
        0.0,
        0.0,
        0.0,
        0.0,
        0.0,
        0.0,
        0.0,
        0.0,
        0.0,
        0.0,
        0.0,
        0.0,
        0.0,
        0.0
    ],
    "is_collision_event": false
}