{
    "timestamp": 103.20000153779984,
    "x": 306.5848388671875,
    "y": 129.46290588378906,
    "speed": 6.389238777304839,
    "theta": 4.704078197479248,
    "near_node_x": 298.6408996582031,
    "near_node_y": 129.50302124023438,
    "near_command": 4,
    "far_node_x": 292.6408996582031,
    "far_node_y": 129.50033569335938,
    "far_command": 4,
    "angle_near": 0.18685193496519706,
    "angle_far": 0.3223830037494549,
    "steer": 0.01859121397137642,
    "throttle": 0.75,
    "brake": 0.0,
    "is_red_light_present": 0,
    "vehicle_detected_flag": 1,
    "distanse": 24.142358779907227,
    "steer_sequence": [
        0.11144226789474487,
        0.011442264541983604,
        -0.07097327709197998,
        0.02902672439813614,
        0.07207832485437393,
        -0.027921676635742188,
        -0.03359418362379074,
        0.028650369495153427,
        0.036597415804862976,
        -0.03769592195749283,
        0.004912818316370249,
        0.04205615818500519,
        -0.029899895191192627,
        0.0001999409287236631,
        0.03642018884420395,
        -0.020975258201360703,
        -0.0026537938974797726,
        0.02642940916121006,
        -0.014767155051231384,
        -0.00036138767609372735
    ],
    "throttle_sequence": [
        0.75,
        0.75,
        0.75,
        0.75,
        0.3078565001487732,
        0.0,
        0.24273422360420227,
        0.75,
        0.75,
        0.75,
        0.75,
        0.75,
        0.452131062746048,
        0.0,
        0.05457044765353203,
        0.75,
        0.75,
        0.75,
        0.75,
        0.75
    ],
    "brake_sequence": [
        0.0,
        0.0,
        0.0,
        0.0,
        0.0,
        0.1953914761543274,
        0.0,
        0.0,
        0.0,
        0.0,
        0.0,
        0.0,
        0.0,
        0.09100821614265442,
        0.0,
        0.0,
        0.0,
        0.0,
        0.0,
        0.0
    ],
    "speed_sequence": [
        6.127334117889404,
        6.121333599090576,
        6.233057498931885,
        6.384702682495117,
        6.587426662445068,
        6.723610877990723,
        6.6053972244262695,
        6.402493953704834,
        6.224047660827637,
        6.175093173980713,
        6.230341911315918,
        6.36586856842041,
        6.545992374420166,
        6.696844577789307,
        6.656558513641357,
        6.462274551391602,
        6.226078510284424,
        6.113669395446777,
        6.1249895095825195,
        6.225954055786133
    ],
    "light_sequence": [
        0.0,
        0.0,
        0.0,
        0.0,
        0.0,
        0.0,
        0.0,
        0.0,
        0.0,
        0.0,
        0.0,
        0.0,
        0.0,
        0.0,
        0.0,
        0.0,
        0.0,
        0.0,
        0.0,
        0.0
    ],
    "is_collision_event": false
}