{
    "timestamp": 105.60000157356262,
    "x": 291.1568603515625,
    "y": 129.4977569580078,
    "speed": 6.09198842973567,
    "theta": 4.712709426879883,
    "near_node_x": 284.6408996582031,
    "near_node_y": 129.49676513671875,
    "near_command": 4,
    "far_node_x": 278.6408996582031,
    "far_node_y": 129.49407958984375,
    "far_command": 4,
    "angle_near": -0.009646973381635596,
    "angle_far": -0.0015338819898283193,
    "steer": -0.00015185745724011213,
    "throttle": 0.75,
    "brake": 0.0,
    "is_red_light_present": 0,
    "vehicle_detected_flag": 0,
    "distanse": 25,
    "steer_sequence": [
        -0.00889237318187952,
        -0.0006774223293177783,
        0.00980298314243555,
        -0.006046849302947521,
        -1.832392626965884e-05,
        0.006831827107816935,
        -0.005004162900149822,
        0.00018012513464782387,
        0.004948794841766357,
        -0.003862343728542328,
        -0.0005534565425477922,
        0.0013415719149634242,
        0.0009386394522152841,
        -0.0018158727325499058,
        0.0005033708875998855,
        0.0013756504049524665,
        -0.001588272163644433,
        5.720780973206274e-05,
        0.000500998052302748,
        -0.0014114793157204986
    ],
    "throttle_sequence": [
        0.75,
        0.75,
        0.75,
        0.75,
        0.75,
        0.5026235580444336,
        0.0,
        0.0,
        0.6808744072914124,
        0.75,
        0.75,
        0.75,
        0.75,
        0.75,
        0.48827317357063293,
        0.0,
        0.0,
        0.6872397661209106,
        0.75,
        0.75
    ],
    "brake_sequence": [
        0.0,
        0.0,
        0.0,
        0.0,
        0.0,
        0.0,
        0.07602319121360779,
        0.019603824242949486,
        0.0,
        0.0,
        0.0,
        0.0,
        0.0,
        0.0,
        0.0,
        0.11264422535896301,
        0.005490334704518318,
        0.0,
        0.0,
        0.0
    ],
    "speed_sequence": [
        6.403166770935059,
        6.219516754150391,
        6.16560173034668,
        6.220383167266846,
        6.351215362548828,
        6.533135414123535,
        6.69307279586792,
        6.677211761474609,
        6.483303546905518,
        6.231153964996338,
        6.096272945404053,
        6.093723773956299,
        6.1848320960998535,
        6.340484142303467,
        6.5379862785339355,
        6.704468727111816,
        6.674768924713135,
        6.482853889465332,
        6.230238437652588,
        6.09499454498291
    ],
    "light_sequence": [
        0.0,
        0.0,
        0.0,
        0.0,
        0.0,
        0.0,
        0.0,
        0.0,
        0.0,
        0.0,
        0.0,
        0.0,
        0.0,
        0.0,
        0.0,
        0.0,
        0.0,
        0.0,
        0.0,
        0.0
    ],
    "is_collision_event": false
}