{
    "timestamp": 102.30000152438879,
    "x": 312.3542785644531,
    "y": 129.40098571777344,
    "speed": 6.365868346054014,
    "theta": 4.6920671463012695,
    "near_node_x": 304.6408996582031,
    "near_node_y": 129.50570678710938,
    "near_command": 4,
    "far_node_x": 298.6408996582031,
    "far_node_y": 129.50302124023438,
    "far_command": 4,
    "angle_near": 0.38653347381253056,
    "angle_far": 0.7380585753350758,
    "steer": 0.04205615818500519,
    "throttle": 0.75,
    "brake": 0.0,
    "is_red_light_present": 0,
    "vehicle_detected_flag": 0,
    "distanse": 25,
    "steer_sequence": [
        0.12717866897583008,
        0.05116134136915207,
        0.004191642627120018,
        0.10419164597988129,
        0.04534924402832985,
        0.10016501694917679,
        0.0001650134800001979,
        -0.019711431115865707,
        0.04074407368898392,
        0.11144226789474487,
        0.011442264541983604,
        -0.07097327709197998,
        0.02902672439813614,
        0.07207832485437393,
        -0.027921676635742188,
        -0.03359418362379074,
        0.028650369495153427,
        0.036597415804862976,
        -0.03769592195749283,
        0.004912818316370249
    ],
    "throttle_sequence": [
        0.75,
        0.75,
        0.75,
        0.75,
        0.47248849272727966,
        0.0,
        0.06249526888132095,
        0.7364934682846069,
        0.75,
        0.75,
        0.75,
        0.75,
        0.75,
        0.3078565001487732,
        0.0,
        0.24273422360420227,
        0.75,
        0.75,
        0.75,
        0.75
    ],
    "brake_sequence": [
        0.0,
        0.0,
        0.0,
        0.0,
        0.0,
        0.10766594111919403,
        0.0,
        0.0,
        0.0,
        0.0,
        0.0,
        0.0,
        0.0,
        0.0,
        0.1953914761543274,
        0.0,
        0.0,
        0.0,
        0.0,
        0.0
    ],
    "speed_sequence": [
        6.173430919647217,
        6.123518466949463,
        6.209691524505615,
        6.360235214233398,
        6.534893989562988,
        6.6994948387146,
        6.647580146789551,
        6.468100070953369,
        6.23955774307251,
        6.127334117889404,
        6.121333599090576,
        6.233057498931885,
        6.384702682495117,
        6.587426662445068,
        6.723610877990723,
        6.6053972244262695,
        6.402493953704834,
        6.224047660827637,
        6.175093173980713,
        6.230341911315918
    ],
    "light_sequence": [
        0.0,
        0.0,
        0.0,
        0.0,
        0.0,
        0.0,
        0.0,
        0.0,
        0.0,
        0.0,
        0.0,
        0.0,
        0.0,
        0.0,
        0.0,
        0.0,
        0.0,
        0.0,
        0.0,
        0.0
    ],
    "is_collision_event": false
}