{
    "timestamp": 109.2000016272068,
    "x": 268.11279296875,
    "y": 129.49179077148438,
    "speed": 6.09407676617193,
    "theta": 4.713491439819336,
    "near_node_x": 260.6408996582031,
    "near_node_y": 129.4860382080078,
    "near_command": 4,
    "far_node_x": 253.6409149169922,
    "far_node_y": 129.48291015625,
    "far_command": 4,
    "angle_near": -0.019062587981006532,
    "angle_far": -0.02801489619062541,
    "steer": -0.0008101196144707501,
    "throttle": 0.75,
    "brake": 0.0,
    "is_red_light_present": 0,
    "vehicle_detected_flag": 0,
    "distanse": 25,
    "steer_sequence": [
        -0.0010029784170910716,
        -0.0009049653308466077,
        3.32485833496321e-05,
        -0.0004786657227668911,
        -0.000936221971642226,
        0.0001981078094104305,
        -0.0004019617335870862,
        -0.0008747996180318296,
        0.00020086763834115118,
        -0.0008837433415465057,
        -0.0012859804555773735,
        0.00017080620455089957,
        -0.0004386335494928062,
        -0.001079558627679944,
        0.00026353122666478157,
        -0.00041628562030382454,
        -0.0009544989443384111,
        0.0002570930228102952,
        -0.0008917797240428627,
        -0.0007614910718984902
    ],
    "throttle_sequence": [
        0.75,
        0.75,
        0.75,
        0.75,
        0.75,
        0.48968401551246643,
        0.0,
        0.0,
        0.6860378980636597,
        0.75,
        0.75,
        0.75,
        0.75,
        0.75,
        0.49348020553588867,
        0.0,
        0.0,
        0.6836731433868408,
        0.75,
        0.75
    ],
    "brake_sequence": [
        0.0,
        0.0,
        0.0,
        0.0,
        0.0,
        0.0,
        0.112084299325943,
        0.007608285639435053,
        0.0,
        0.0,
        0.0,
        0.0,
        0.0,
        0.0,
        0.0,
        0.1100689098238945,
        0.01332444604486227,
        0.0,
        0.0,
        0.0
    ],
    "speed_sequence": [
        6.229458332061768,
        6.095137119293213,
        6.092830181121826,
        6.184156894683838,
        6.339958667755127,
        6.537581920623779,
        6.704315185546875,
        6.675387859344482,
        6.483206272125244,
        6.230701923370361,
        6.095547676086426,
        6.092639923095703,
        6.183555603027344,
        6.339076042175293,
        6.53652286529541,
        6.703747749328613,
        6.676961898803711,
        6.483855247497559,
        6.231668949127197,
        6.096776485443115
    ],
    "light_sequence": [
        0.0,
        0.0,
        0.0,
        0.0,
        0.0,
        0.0,
        0.0,
        0.0,
        0.0,
        0.0,
        0.0,
        0.0,
        0.0,
        0.0,
        0.0,
        0.0,
        0.0,
        0.0,
        0.0,
        0.0
    ],
    "is_collision_event": false
}