{
    "timestamp": 107.90000160783529,
    "x": 276.3982238769531,
    "y": 129.49496459960938,
    "speed": 6.675388003099613,
    "theta": 4.713347911834717,
    "near_node_x": 268.6408996582031,
    "near_node_y": 129.48960876464844,
    "near_command": 4,
    "far_node_x": 262.6408996582031,
    "far_node_y": 129.4869384765625,
    "far_command": 4,
    "angle_near": -0.015392377681400018,
    "angle_far": -0.021523923792708267,
    "steer": -0.0008747996180318296,
    "throttle": 0.0,
    "brake": 0.007608285639435053,
    "is_red_light_present": 0,
    "vehicle_detected_flag": 0,
    "distanse": 25,
    "steer_sequence": [
        -0.0001376311556668952,
        3.9629510865779594e-05,
        -0.00046662354725413024,
        -0.00020748810493387282,
        -0.0007367048528976738,
        -0.0006325082504190505,
        -0.00024701262009330094,
        -0.0003408969787415117,
        -0.0006649952265433967,
        -8.853340659698006e-06,
        -0.0006201430223882198,
        -0.00010951123113045469,
        -0.00021744970581494272,
        -0.0010029784170910716,
        -0.0009049653308466077,
        3.32485833496321e-05,
        -0.0004786657227668911,
        -0.000936221971642226,
        0.0001981078094104305,
        -0.0004019617335870862
    ],
    "throttle_sequence": [
        0.49624788761138916,
        0.0,
        0.0,
        0.6823529005050659,
        0.75,
        0.75,
        0.75,
        0.75,
        0.75,
        0.4828561246395111,
        0.0,
        0.0027953460812568665,
        0.6952122449874878,
        0.75,
        0.75,
        0.75,
        0.75,
        0.75,
        0.48968401551246643,
        0.0
    ],
    "brake_sequence": [
        0.0,
        0.10878320038318634,
        0.017566630616784096,
        0.0,
        0.0,
        0.0,
        0.0,
        0.0,
        0.0,
        0.0,
        0.11500802636146545,
        0.0,
        0.0,
        0.0,
        0.0,
        0.0,
        0.0,
        0.0,
        0.0,
        0.112084299325943
    ],
    "speed_sequence": [
        6.535765647888184,
        6.703402996063232,
        6.678150653839111,
        6.4842305183410645,
        6.232278347015381,
        6.097592353820801,
        6.0950398445129395,
        6.186192035675049,
        6.341887950897217,
        6.539436340332031,
        6.705073356628418,
        6.672447204589844,
        6.480628967285156,
        6.229458332061768,
        6.095137119293213,
        6.092830181121826,
        6.184156894683838,
        6.339958667755127,
        6.537581920623779,
        6.704315185546875
    ],
    "light_sequence": [
        0.0,
        0.0,
        0.0,
        0.0,
        0.0,
        0.0,
        0.0,
        0.0,
        0.0,
        0.0,
        0.0,
        0.0,
        0.0,
        0.0,
        0.0,
        0.0,
        0.0,
        0.0,
        0.0,
        0.0
    ],
    "is_collision_event": false
}