{
    "timestamp": 101.90000151842833,
    "x": 314.864501953125,
    "y": 129.35211181640625,
    "speed": 6.402493819759672,
    "theta": 4.686703681945801,
    "near_node_x": 308.6408996582031,
    "near_node_y": 129.5074920654297,
    "near_command": 4,
    "far_node_x": 302.6408996582031,
    "far_node_y": 129.5048065185547,
    "far_command": 4,
    "angle_near": 0.04150269740572887,
    "angle_far": 0.7559787894390434,
    "steer": 0.028650369495153427,
    "throttle": 0.75,
    "brake": 0.0,
    "is_red_light_present": 0,
    "vehicle_detected_flag": 0,
    "distanse": 25,
    "steer_sequence": [
        0.19486138224601746,
        0.09486138820648193,
        -0.005138614680618048,
        0.02717866376042366,
        0.12717866897583008,
        0.05116134136915207,
        0.004191642627120018,
        0.10419164597988129,
        0.04534924402832985,
        0.10016501694917679,
        0.0001650134800001979,
        -0.019711431115865707,
        0.04074407368898392,
        0.11144226789474487,
        0.011442264541983604,
        -0.07097327709197998,
        0.02902672439813614,
        0.07207832485437393,
        -0.027921676635742188,
        -0.03359418362379074
    ],
    "throttle_sequence": [
        0.04440750554203987,
        0.0,
        0.3758806586265564,
        0.75,
        0.75,
        0.75,
        0.75,
        0.75,
        0.47248849272727966,
        0.0,
        0.06249526888132095,
        0.7364934682846069,
        0.75,
        0.75,
        0.75,
        0.75,
        0.75,
        0.3078565001487732,
        0.0,
        0.24273422360420227
    ],
    "brake_sequence": [
        0.0,
        0.30000001192092896,
        0.0,
        0.0,
        0.0,
        0.0,
        0.0,
        0.0,
        0.0,
        0.10766594111919403,
        0.0,
        0.0,
        0.0,
        0.0,
        0.0,
        0.0,
        0.0,
        0.0,
        0.1953914761543274,
        0.0
    ],
    "speed_sequence": [
        6.647572994232178,
        6.729142189025879,
        6.555635452270508,
        6.325080394744873,
        6.173430919647217,
        6.123518466949463,
        6.209691524505615,
        6.360235214233398,
        6.534893989562988,
        6.6994948387146,
        6.647580146789551,
        6.468100070953369,
        6.23955774307251,
        6.127334117889404,
        6.121333599090576,
        6.233057498931885,
        6.384702682495117,
        6.587426662445068,
        6.723610877990723,
        6.6053972244262695
    ],
    "light_sequence": [
        0.0,
        0.0,
        0.0,
        0.0,
        0.0,
        0.0,
        0.0,
        0.0,
        0.0,
        0.0,
        0.0,
        0.0,
        0.0,
        0.0,
        0.0,
        0.0,
        0.0,
        0.0,
        0.0,
        0.0
    ],
    "is_collision_event": false
}