{
    "timestamp": 109.90000163763762,
    "x": 263.5809020996094,
    "y": 129.4896697998047,
    "speed": 6.229922114400748,
    "theta": 4.7134246826171875,
    "near_node_x": 256.6408996582031,
    "near_node_y": 129.4842529296875,
    "near_command": 4,
    "far_node_x": 249.6409149169922,
    "far_node_y": 129.4811248779297,
    "far_command": 4,
    "angle_near": -0.014601026801210167,
    "angle_far": -0.02420089464908215,
    "steer": -0.0007358735310845077,
    "throttle": 0.75,
    "brake": 0.0,
    "is_red_light_present": 0,
    "vehicle_detected_flag": 0,
    "distanse": 25,
    "steer_sequence": [
        -0.0008747996180318296,
        0.00020086763834115118,
        -0.0008837433415465057,
        -0.0012859804555773735,
        0.00017080620455089957,
        -0.0004386335494928062,
        -0.001079558627679944,
        0.00026353122666478157,
        -0.00041628562030382454,
        -0.0009544989443384111,
        0.0002570930228102952,
        -0.0008917797240428627,
        -0.0007614910718984902,
        -0.0008101196144707501,
        9.82586971076671e-06,
        -0.0004266940522938967,
        -0.0010409096721559763,
        0.0002437451621517539,
        -0.000767040066421032,
        -0.00019674145733006299
    ],
    "throttle_sequence": [
        0.0,
        0.6860378980636597,
        0.75,
        0.75,
        0.75,
        0.75,
        0.75,
        0.49348020553588867,
        0.0,
        0.0,
        0.6836731433868408,
        0.75,
        0.75,
        0.75,
        0.75,
        0.75,
        0.48715710639953613,
        0.0,
        0.0,
        0.6879668235778809
    ],
    "brake_sequence": [
        0.007608285639435053,
        0.0,
        0.0,
        0.0,
        0.0,
        0.0,
        0.0,
        0.0,
        0.1100689098238945,
        0.01332444604486227,
        0.0,
        0.0,
        0.0,
        0.0,
        0.0,
        0.0,
        0.0,
        0.11295698583126068,
        0.003777134232223034,
        0.0
    ],
    "speed_sequence": [
        6.675387859344482,
        6.483206272125244,
        6.230701923370361,
        6.095547676086426,
        6.092639923095703,
        6.183555603027344,
        6.339076042175293,
        6.53652286529541,
        6.703747749328613,
        6.676961898803711,
        6.483855247497559,
        6.231668949127197,
        6.096776485443115,
        6.094076633453369,
        6.18511962890625,
        6.340754985809326,
        6.538257598876953,
        6.7045207023620605,
        6.674288272857666,
        6.482647895812988
    ],
    "light_sequence": [
        0.0,
        0.0,
        0.0,
        0.0,
        0.0,
        0.0,
        0.0,
        0.0,
        0.0,
        0.0,
        0.0,
        0.0,
        0.0,
        0.0,
        0.0,
        0.0,
        0.0,
        0.0,
        0.0,
        0.0
    ],
    "is_collision_event": false
}