{
    "timestamp": 116.40000173449516,
    "x": 221.9311065673828,
    "y": 129.47116088867188,
    "speed": 6.137472029231847,
    "theta": 4.713446617126465,
    "near_node_x": 215.6409149169922,
    "near_node_y": 129.46592712402344,
    "near_command": 4,
    "far_node_x": 209.6409149169922,
    "far_node_y": 129.4632568359375,
    "far_command": 4,
    "angle_near": -0.012933046336222739,
    "angle_far": -0.0237581007915472,
    "steer": -0.00042993976967409253,
    "throttle": 0.75,
    "brake": 0.0,
    "is_red_light_present": 0,
    "vehicle_detected_flag": 0,
    "distanse": 25,
    "steer_sequence": [
        -0.0004062193329446018,
        -0.00035775048309005797,
        -0.0010836540022864938,
        8.5362684330903e-05,
        -0.0003027418861165643,
        -0.0010234471410512924,
        0.00018822769925463945,
        -7.148081931518391e-05,
        -0.0010770641965791583,
        -0.00044735282426699996,
        -0.0003381632559467107,
        -0.0010384931229054928,
        4.929520218865946e-05,
        -0.0003002747253049165,
        -0.0009602211066521704,
        0.00014160710270516574,
        -5.4477452067658305e-05,
        -0.0010112278396263719,
        -0.0005440638633444905,
        -0.0003357318928465247
    ],
    "throttle_sequence": [
        0.75,
        0.75,
        0.75,
        0.75,
        0.75,
        0.044520776718854904,
        0.0,
        0.22961677610874176,
        0.75,
        0.75,
        0.75,
        0.75,
        0.75,
        0.75,
        0.0,
        0.0,
        0.21247774362564087,
        0.75,
        0.75,
        0.75
    ],
    "brake_sequence": [
        0.0,
        0.0,
        0.0,
        0.0,
        0.0,
        0.0,
        0.30000001192092896,
        0.0,
        0.0,
        0.0,
        0.0,
        0.0,
        0.0,
        0.0,
        0.007200284395366907,
        0.30000001192092896,
        0.0,
        0.0,
        0.0,
        0.0
    ],
    "speed_sequence": [
        6.163301467895508,
        6.098021507263184,
        6.144899368286133,
        6.2704901695251465,
        6.448863506317139,
        6.660329341888428,
        6.79923677444458,
        6.609120845794678,
        6.3668389320373535,
        6.170361042022705,
        6.107722759246826,
        6.156506538391113,
        6.283408164978027,
        6.462610244750977,
        6.674561023712158,
        6.810864448547363,
        6.613659858703613,
        6.367114543914795,
        6.163101673126221,
        6.093596935272217
    ],
    "light_sequence": [
        0.0,
        0.0,
        0.0,
        0.0,
        0.0,
        0.0,
        0.0,
        0.0,
        0.0,
        0.0,
        0.0,
        0.0,
        0.0,
        0.0,
        0.0,
        0.0,
        0.0,
        0.0,
        0.0,
        0.0
    ],
    "is_collision_event": false
}