{
    "timestamp": 114.20000170171261,
    "x": 236.00900268554688,
    "y": 129.47740173339844,
    "speed": 6.609344422386409,
    "theta": 4.7133378982543945,
    "near_node_x": 229.64093017578125,
    "near_node_y": 129.47218322753906,
    "near_command": 4,
    "far_node_x": 223.6409149169922,
    "far_node_y": 129.46951293945312,
    "far_command": 4,
    "angle_near": -0.007410584892034208,
    "angle_far": -0.01781807603392989,
    "steer": -0.00011453307524789125,
    "throttle": 0.2259250283241272,
    "brake": 0.0,
    "is_red_light_present": 0,
    "vehicle_detected_flag": 0,
    "distanse": 25,
    "steer_sequence": [
        0.00037879549199715257,
        -0.00042274181032553315,
        -0.0010408604284748435,
        0.0002692608686629683,
        -0.0009063303587026894,
        -0.0013633471680805087,
        0.00022469692339655012,
        -0.0004299292922951281,
        -0.0011772670550271869,
        0.0003273251641076058,
        -0.00041435379534959793,
        -0.0010081141954287887,
        0.00017946833395399153,
        -0.0008364433306269348,
        -0.0006338590756058693,
        -0.000801116693764925,
        2.3057580619934015e-05,
        -0.0003756413352675736,
        -0.0009819113183766603,
        0.0002122240257449448
    ],
    "throttle_sequence": [
        0.4687056541442871,
        0.0,
        0.023688804358243942,
        0.7155844569206238,
        0.75,
        0.75,
        0.75,
        0.75,
        0.75,
        0.39306890964508057,
        0.0,
        0.12366897612810135,
        0.75,
        0.75,
        0.75,
        0.75,
        0.75,
        0.746900737285614,
        0.0007127316785044968,
        0.0
    ],
    "brake_sequence": [
        0.0,
        0.12227322906255722,
        0.0,
        0.0,
        0.0,
        0.0,
        0.0,
        0.0,
        0.0,
        0.0,
        0.1669205129146576,
        0.0,
        0.0,
        0.0,
        0.0,
        0.0,
        0.0,
        0.0,
        0.0,
        0.30000001192092896
    ],
    "speed_sequence": [
        6.543355941772461,
        6.707088470458984,
        6.666661262512207,
        6.474982261657715,
        6.231109142303467,
        6.10569429397583,
        6.1099066734313965,
        6.205836296081543,
        6.364681720733643,
        6.564175605773926,
        6.719278335571289,
        6.6387553215026855,
        6.4438157081604,
        6.232779026031494,
        6.146428108215332,
        6.178613662719727,
        6.294042110443115,
        6.465718746185303,
        6.672203540802002,
        6.806224822998047
    ],
    "light_sequence": [
        0.0,
        0.0,
        0.0,
        0.0,
        0.0,
        0.0,
        0.0,
        0.0,
        0.0,
        0.0,
        0.0,
        0.0,
        0.0,
        0.0,
        0.0,
        0.0,
        0.0,
        0.0,
        0.0,
        0.0
    ],
    "is_collision_event": false
}