{
    "timestamp": 112.70000167936087,
    "x": 245.6797637939453,
    "y": 129.48179626464844,
    "speed": 6.105694372174035,
    "theta": 4.713539123535156,
    "near_node_x": 237.64093017578125,
    "near_node_y": 129.47576904296875,
    "near_command": 4,
    "far_node_x": 231.64093017578125,
    "far_node_y": 129.47308349609375,
    "far_command": 4,
    "angle_near": -0.022934399725570286,
    "angle_far": -0.030333807461301352,
    "steer": -0.0013633471680805087,
    "throttle": 0.75,
    "brake": 0.0,
    "is_red_light_present": 0,
    "vehicle_detected_flag": 0,
    "distanse": 25,
    "steer_sequence": [
        -0.0003278175718151033,
        -0.001021277392283082,
        -0.0010827593505382538,
        0.0001391788391629234,
        -0.00048638382577337325,
        -0.0011716641020029783,
        0.0003592968569137156,
        -0.00043860869482159615,
        -0.0010580290108919144,
        0.00030817033257335424,
        -0.0009310352033935487,
        -0.0013761960435658693,
        0.0002272268320666626,
        -0.00042631293763406575,
        -0.0012464839965105057,
        0.00037879549199715257,
        -0.00042274181032553315,
        -0.0010408604284748435,
        0.0002692608686629683,
        -0.0009063303587026894
    ],
    "throttle_sequence": [
        0.6813856363296509,
        0.75,
        0.75,
        0.75,
        0.75,
        0.75,
        0.4798782765865326,
        0.0,
        0.007321098819375038,
        0.6995663642883301,
        0.75,
        0.75,
        0.75,
        0.75,
        0.75,
        0.4687056541442871,
        0.0,
        0.023688804358243942,
        0.7155844569206238,
        0.75
    ],
    "brake_sequence": [
        0.0,
        0.0,
        0.0,
        0.0,
        0.0,
        0.0,
        0.0,
        0.11641824245452881,
        0.0,
        0.0,
        0.0,
        0.0,
        0.0,
        0.0,
        0.0,
        0.0,
        0.12227322906255722,
        0.0,
        0.0,
        0.0
    ],
    "speed_sequence": [
        6.484504699707031,
        6.23270845413208,
        6.0981574058532715,
        6.095707416534424,
        6.186941623687744,
        6.342676639556885,
        6.5402512550354,
        6.705451965332031,
        6.671180248260498,
        6.47941255569458,
        6.2298383712768555,
        6.097436904907227,
        6.096538066864014,
        6.188868999481201,
        6.345330238342285,
        6.543355941772461,
        6.707088470458984,
        6.666661262512207,
        6.474982261657715,
        6.231109142303467
    ],
    "light_sequence": [
        0.0,
        0.0,
        0.0,
        0.0,
        0.0,
        0.0,
        0.0,
        0.0,
        0.0,
        0.0,
        0.0,
        0.0,
        0.0,
        0.0,
        0.0,
        0.0,
        0.0,
        0.0,
        0.0,
        0.0
    ],
    "is_collision_event": false
}