{
    "timestamp": 111.90000166743994,
    "x": 250.82955932617188,
    "y": 129.4842529296875,
    "speed": 6.096537879575549,
    "theta": 4.7134294509887695,
    "near_node_x": 243.6409149169922,
    "near_node_y": 129.4784393310547,
    "near_command": 4,
    "far_node_x": 237.64093017578125,
    "far_node_y": 129.47576904296875,
    "far_command": 4,
    "angle_near": -0.01328632243027307,
    "angle_far": -0.022765727392744343,
    "steer": 0.0002272268320666626,
    "throttle": 0.75,
    "brake": 0.0,
    "is_red_light_present": 0,
    "vehicle_detected_flag": 0,
    "distanse": 25,
    "steer_sequence": [
        -0.0007358735310845077,
        -0.0006935086566954851,
        -0.0011144249001517892,
        0.0001413369463989511,
        -0.00043272378388792276,
        -0.0004876525199506432,
        -0.0007720483699813485,
        0.0001897364272736013,
        -0.0003278175718151033,
        -0.001021277392283082,
        -0.0010827593505382538,
        0.0001391788391629234,
        -0.00048638382577337325,
        -0.0011716641020029783,
        0.0003592968569137156,
        -0.00043860869482159615,
        -0.0010580290108919144,
        0.00030817033257335424,
        -0.0009310352033935487,
        -0.0013761960435658693
    ],
    "throttle_sequence": [
        0.75,
        0.75,
        0.75,
        0.75,
        0.75,
        0.4981880486011505,
        0.0,
        0.0,
        0.6813856363296509,
        0.75,
        0.75,
        0.75,
        0.75,
        0.75,
        0.4798782765865326,
        0.0,
        0.007321098819375038,
        0.6995663642883301,
        0.75,
        0.75
    ],
    "brake_sequence": [
        0.0,
        0.0,
        0.0,
        0.0,
        0.0,
        0.0,
        0.10785435885190964,
        0.020540399476885796,
        0.0,
        0.0,
        0.0,
        0.0,
        0.0,
        0.0,
        0.0,
        0.11641824245452881,
        0.0,
        0.0,
        0.0,
        0.0
    ],
    "speed_sequence": [
        6.229922294616699,
        6.094592094421387,
        6.091551780700684,
        6.18234920501709,
        6.337831020355225,
        6.5352349281311035,
        6.703153610229492,
        6.678982257843018,
        6.484504699707031,
        6.23270845413208,
        6.0981574058532715,
        6.095707416534424,
        6.186941623687744,
        6.342676639556885,
        6.5402512550354,
        6.705451965332031,
        6.671180248260498,
        6.47941255569458,
        6.2298383712768555,
        6.097436904907227
    ],
    "light_sequence": [
        0.0,
        0.0,
        0.0,
        0.0,
        0.0,
        0.0,
        0.0,
        0.0,
        0.0,
        0.0,
        0.0,
        0.0,
        0.0,
        0.0,
        0.0,
        0.0,
        0.0,
        0.0,
        0.0,
        0.0
    ],
    "is_collision_event": false
}