{
    "timestamp": 115.90000172704458,
    "x": 225.11041259765625,
    "y": 129.47259521484375,
    "speed": 6.810864289731862,
    "theta": 4.713330268859863,
    "near_node_x": 217.6409149169922,
    "near_node_y": 129.46682739257812,
    "near_command": 4,
    "far_node_x": 211.6409149169922,
    "far_node_y": 129.46414184570312,
    "far_command": 4,
    "angle_near": -0.009683323245235567,
    "angle_far": -0.017967711576975704,
    "steer": 0.00014160710270516574,
    "throttle": 0.0,
    "brake": 0.30000001192092896,
    "is_red_light_present": 0,
    "vehicle_detected_flag": 0,
    "distanse": 25,
    "steer_sequence": [
        -0.0003756413352675736,
        -0.0009819113183766603,
        0.0002122240257449448,
        -0.00011453307524789125,
        -0.0011200446169823408,
        -0.0004062193329446018,
        -0.00035775048309005797,
        -0.0010836540022864938,
        8.5362684330903e-05,
        -0.0003027418861165643,
        -0.0010234471410512924,
        0.00018822769925463945,
        -7.148081931518391e-05,
        -0.0010770641965791583,
        -0.00044735282426699996,
        -0.0003381632559467107,
        -0.0010384931229054928,
        4.929520218865946e-05,
        -0.0003002747253049165,
        -0.0009602211066521704
    ],
    "throttle_sequence": [
        0.746900737285614,
        0.0007127316785044968,
        0.0,
        0.2259250283241272,
        0.75,
        0.75,
        0.75,
        0.75,
        0.75,
        0.75,
        0.044520776718854904,
        0.0,
        0.22961677610874176,
        0.75,
        0.75,
        0.75,
        0.75,
        0.75,
        0.75,
        0.0
    ],
    "brake_sequence": [
        0.0,
        0.0,
        0.30000001192092896,
        0.0,
        0.0,
        0.0,
        0.0,
        0.0,
        0.0,
        0.0,
        0.0,
        0.30000001192092896,
        0.0,
        0.0,
        0.0,
        0.0,
        0.0,
        0.0,
        0.0,
        0.007200284395366907
    ],
    "speed_sequence": [
        6.465718746185303,
        6.672203540802002,
        6.806224822998047,
        6.609344482421875,
        6.36307430267334,
        6.163301467895508,
        6.098021507263184,
        6.144899368286133,
        6.2704901695251465,
        6.448863506317139,
        6.660329341888428,
        6.79923677444458,
        6.609120845794678,
        6.3668389320373535,
        6.170361042022705,
        6.107722759246826,
        6.156506538391113,
        6.283408164978027,
        6.462610244750977,
        6.674561023712158
    ],
    "light_sequence": [
        0.0,
        0.0,
        0.0,
        0.0,
        0.0,
        0.0,
        0.0,
        0.0,
        0.0,
        0.0,
        0.0,
        0.0,
        0.0,
        0.0,
        0.0,
        0.0,
        0.0,
        0.0,
        0.0,
        0.0
    ],
    "is_collision_event": false
}