{
    "timestamp": 118.20000176131725,
    "x": 210.36463928222656,
    "y": 129.46591186523438,
    "speed": 6.241631363882689,
    "theta": 4.713365077972412,
    "near_node_x": 203.6409149169922,
    "near_node_y": 129.4605712890625,
    "near_command": 4,
    "far_node_x": 197.6409149169922,
    "far_node_y": 129.4578857421875,
    "far_command": 4,
    "angle_near": -0.010411215924342021,
    "angle_far": -0.019778415926134326,
    "steer": -0.0002537578984629363,
    "throttle": 0.75,
    "brake": 0.0,
    "is_red_light_present": 0,
    "vehicle_detected_flag": 0,
    "distanse": 25,
    "steer_sequence": [
        -0.0005440638633444905,
        -0.0003357318928465247,
        -0.00042993976967409253,
        -0.0009960560128092766,
        0.00019181398965884,
        -0.0003219973295927048,
        -0.0011729142861440778,
        0.000493828032631427,
        -0.0002625680644996464,
        -0.0017236288404092193,
        0.00013845818466506898,
        -0.00023518891248386353,
        -0.0012309724697843194,
        0.00026875658659264445,
        -0.00028605599072761834,
        -0.0011822223896160722,
        0.0005072964122518897,
        -0.00034841522574424744,
        -0.0015931924572214484,
        0.00019877827435266227
    ],
    "throttle_sequence": [
        0.75,
        0.75,
        0.75,
        0.75,
        0.75,
        0.08663854002952576,
        0.0,
        0.24719376862049103,
        0.75,
        0.75,
        0.75,
        0.75,
        0.75,
        0.6647112369537354,
        0.0,
        0.0,
        0.5025693774223328,
        0.75,
        0.75,
        0.75
    ],
    "brake_sequence": [
        0.0,
        0.0,
        0.0,
        0.0,
        0.0,
        0.0,
        0.30000001192092896,
        0.0,
        0.0,
        0.0,
        0.0,
        0.0,
        0.0,
        0.0,
        0.025058414787054062,
        0.30000001192092896,
        0.0,
        0.0,
        0.0,
        0.0
    ],
    "speed_sequence": [
        6.163101673126221,
        6.093596935272217,
        6.137472152709961,
        6.260998725891113,
        6.438016414642334,
        6.648702621459961,
        6.788609027862549,
        6.604363918304443,
        6.366737365722656,
        6.1781086921691895,
        6.12261438369751,
        6.176540374755859,
        6.306948184967041,
        6.48836612701416,
        6.679348945617676,
        6.759371280670166,
        6.533183574676514,
        6.285240650177002,
        6.152286529541016,
        6.150100231170654
    ],
    "light_sequence": [
        0.0,
        0.0,
        0.0,
        0.0,
        0.0,
        0.0,
        0.0,
        0.0,
        0.0,
        0.0,
        0.0,
        0.0,
        0.0,
        0.0,
        0.0,
        0.0,
        0.0,
        0.0,
        0.0,
        0.0
    ],
    "is_collision_event": false
}