{
    "timestamp": 118.5000017657876,
    "x": 208.40264892578125,
    "y": 129.4649658203125,
    "speed": 6.738442384515555,
    "theta": 4.713343620300293,
    "near_node_x": 201.64093017578125,
    "near_node_y": 129.45968627929688,
    "near_command": 4,
    "far_node_x": 195.6409454345703,
    "far_node_y": 129.45700073242188,
    "far_command": 4,
    "angle_near": -0.009982011360564196,
    "angle_far": -0.018957895352728998,
    "steer": -0.00038472955930046737,
    "throttle": 0.0,
    "brake": 0.239349827170372,
    "is_red_light_present": 0,
    "vehicle_detected_flag": 0,
    "distanse": 25,
    "steer_sequence": [
        -0.0009960560128092766,
        0.00019181398965884,
        -0.0003219973295927048,
        -0.0011729142861440778,
        0.000493828032631427,
        -0.0002625680644996464,
        -0.0017236288404092193,
        0.00013845818466506898,
        -0.00023518891248386353,
        -0.0012309724697843194,
        0.00026875658659264445,
        -0.00028605599072761834,
        -0.0011822223896160722,
        0.0005072964122518897,
        -0.00034841522574424744,
        -0.0015931924572214484,
        0.00019877827435266227,
        -0.0002537578984629363,
        -0.0011841643135994673,
        0.00029775971779599786
    ],
    "throttle_sequence": [
        0.75,
        0.75,
        0.08663854002952576,
        0.0,
        0.24719376862049103,
        0.75,
        0.75,
        0.75,
        0.75,
        0.75,
        0.6647112369537354,
        0.0,
        0.0,
        0.5025693774223328,
        0.75,
        0.75,
        0.75,
        0.75,
        0.75,
        0.27911338210105896
    ],
    "brake_sequence": [
        0.0,
        0.0,
        0.0,
        0.30000001192092896,
        0.0,
        0.0,
        0.0,
        0.0,
        0.0,
        0.0,
        0.0,
        0.025058414787054062,
        0.30000001192092896,
        0.0,
        0.0,
        0.0,
        0.0,
        0.0,
        0.0,
        0.0
    ],
    "speed_sequence": [
        6.260998725891113,
        6.438016414642334,
        6.648702621459961,
        6.788609027862549,
        6.604363918304443,
        6.366737365722656,
        6.1781086921691895,
        6.12261438369751,
        6.176540374755859,
        6.306948184967041,
        6.48836612701416,
        6.679348945617676,
        6.759371280670166,
        6.533183574676514,
        6.285240650177002,
        6.152286529541016,
        6.150100231170654,
        6.241631507873535,
        6.397502899169922,
        6.595059394836426
    ],
    "light_sequence": [
        0.0,
        0.0,
        0.0,
        0.0,
        0.0,
        0.0,
        0.0,
        0.0,
        0.0,
        0.0,
        0.0,
        0.0,
        0.0,
        0.0,
        0.0,
        0.0,
        0.0,
        0.0,
        0.0,
        0.0
    ],
    "is_collision_event": false
}