{
    "timestamp": 117.20000174641609,
    "x": 216.7660675048828,
    "y": 129.46876525878906,
    "speed": 6.122614169468875,
    "theta": 4.713390350341797,
    "near_node_x": 209.6409149169922,
    "near_node_y": 129.4632568359375,
    "near_command": 4,
    "far_node_x": 203.6409149169922,
    "far_node_y": 129.4605712890625,
    "far_command": 4,
    "angle_near": -0.013059825868104153,
    "angle_far": -0.021585446585760455,
    "steer": 0.00013845818466506898,
    "throttle": 0.75,
    "brake": 0.0,
    "is_red_light_present": 0,
    "vehicle_detected_flag": 0,
    "distanse": 25,
    "steer_sequence": [
        -0.0010770641965791583,
        -0.00044735282426699996,
        -0.0003381632559467107,
        -0.0010384931229054928,
        4.929520218865946e-05,
        -0.0003002747253049165,
        -0.0009602211066521704,
        0.00014160710270516574,
        -5.4477452067658305e-05,
        -0.0010112278396263719,
        -0.0005440638633444905,
        -0.0003357318928465247,
        -0.00042993976967409253,
        -0.0009960560128092766,
        0.00019181398965884,
        -0.0003219973295927048,
        -0.0011729142861440778,
        0.000493828032631427,
        -0.0002625680644996464,
        -0.0017236288404092193
    ],
    "throttle_sequence": [
        0.75,
        0.75,
        0.75,
        0.75,
        0.75,
        0.75,
        0.0,
        0.0,
        0.21247774362564087,
        0.75,
        0.75,
        0.75,
        0.75,
        0.75,
        0.75,
        0.08663854002952576,
        0.0,
        0.24719376862049103,
        0.75,
        0.75
    ],
    "brake_sequence": [
        0.0,
        0.0,
        0.0,
        0.0,
        0.0,
        0.0,
        0.007200284395366907,
        0.30000001192092896,
        0.0,
        0.0,
        0.0,
        0.0,
        0.0,
        0.0,
        0.0,
        0.0,
        0.30000001192092896,
        0.0,
        0.0,
        0.0
    ],
    "speed_sequence": [
        6.3668389320373535,
        6.170361042022705,
        6.107722759246826,
        6.156506538391113,
        6.283408164978027,
        6.462610244750977,
        6.674561023712158,
        6.810864448547363,
        6.613659858703613,
        6.367114543914795,
        6.163101673126221,
        6.093596935272217,
        6.137472152709961,
        6.260998725891113,
        6.438016414642334,
        6.648702621459961,
        6.788609027862549,
        6.604363918304443,
        6.366737365722656,
        6.1781086921691895
    ],
    "light_sequence": [
        0.0,
        0.0,
        0.0,
        0.0,
        0.0,
        0.0,
        0.0,
        0.0,
        0.0,
        0.0,
        0.0,
        0.0,
        0.0,
        0.0,
        0.0,
        0.0,
        0.0,
        0.0,
        0.0,
        0.0
    ],
    "is_collision_event": false
}