{
    "timestamp": 119.90000178664923,
    "x": 199.43614196777344,
    "y": 129.46116638183594,
    "speed": 6.225385458585963,
    "theta": 4.713512897491455,
    "near_node_x": 191.6409454345703,
    "near_node_y": 129.45521545410156,
    "near_command": 4,
    "far_node_x": 185.6409454345703,
    "far_node_y": 129.45252990722656,
    "far_command": 4,
    "angle_near": -0.02066353793008798,
    "angle_far": -0.028533692472628745,
    "steer": -0.001290240790694952,
    "throttle": 0.75,
    "brake": 0.0,
    "is_red_light_present": 0,
    "vehicle_detected_flag": 0,
    "distanse": 25,
    "steer_sequence": [
        -0.00034841522574424744,
        -0.0015931924572214484,
        0.00019877827435266227,
        -0.0002537578984629363,
        -0.0011841643135994673,
        0.00029775971779599786,
        -0.00038472955930046737,
        -0.0007978418143466115,
        9.450025390833616e-05,
        -0.0008200370357371867,
        -0.00048772210720926523,
        -0.0007762114983052015,
        1.959772635018453e-05,
        -0.0003168910916429013,
        -0.0010734396055340767,
        0.0003194534801878035,
        -0.0003238309873268008,
        -0.00167406618129462,
        -1.63747990882257e-05,
        -0.000250199344009161
    ],
    "throttle_sequence": [
        0.75,
        0.75,
        0.75,
        0.75,
        0.75,
        0.27911338210105896,
        0.0,
        0.241959348320961,
        0.75,
        0.75,
        0.75,
        0.75,
        0.75,
        0.45973849296569824,
        0.0,
        0.04411838576197624,
        0.7312684655189514,
        0.75,
        0.75,
        0.75
    ],
    "brake_sequence": [
        0.0,
        0.0,
        0.0,
        0.0,
        0.0,
        0.0,
        0.239349827170372,
        0.0,
        0.0,
        0.0,
        0.0,
        0.0,
        0.0,
        0.0,
        0.09904471784830093,
        0.0,
        0.0,
        0.0,
        0.0,
        0.0
    ],
    "speed_sequence": [
        6.285240650177002,
        6.152286529541016,
        6.150100231170654,
        6.241631507873535,
        6.397502899169922,
        6.595059394836426,
        6.738442420959473,
        6.604960918426514,
        6.395514011383057,
        6.2175397872924805,
        6.16888427734375,
        6.227715015411377,
        6.361467361450195,
        6.544970989227295,
        6.699419021606445,
        6.659506320953369,
        6.469327926635742,
        6.232275485992432,
        6.11510705947876,
        6.125300884246826
    ],
    "light_sequence": [
        0.0,
        0.0,
        0.0,
        0.0,
        0.0,
        0.0,
        0.0,
        0.0,
        0.0,
        0.0,
        0.0,
        0.0,
        0.0,
        0.0,
        0.0,
        0.0,
        0.0,
        0.0,
        0.0,
        0.0
    ],
    "is_collision_event": false
}