{
    "timestamp": 119.40000177919865,
    "x": 202.58377075195312,
    "y": 129.46243286132812,
    "speed": 6.6595064139563345,
    "theta": 4.713319778442383,
    "near_node_x": 195.6409454345703,
    "near_node_y": 129.45700073242188,
    "near_command": 4,
    "far_node_x": 189.6409149169922,
    "far_node_y": 129.45431518554688,
    "far_command": 4,
    "angle_near": -0.008482724796939898,
    "angle_far": -0.017375909307200482,
    "steer": 0.0003194534801878035,
    "throttle": 0.04411838576197624,
    "brake": 0.0,
    "is_red_light_present": 0,
    "vehicle_detected_flag": 0,
    "distanse": 25,
    "steer_sequence": [
        -0.0012309724697843194,
        0.00026875658659264445,
        -0.00028605599072761834,
        -0.0011822223896160722,
        0.0005072964122518897,
        -0.00034841522574424744,
        -0.0015931924572214484,
        0.00019877827435266227,
        -0.0002537578984629363,
        -0.0011841643135994673,
        0.00029775971779599786,
        -0.00038472955930046737,
        -0.0007978418143466115,
        9.450025390833616e-05,
        -0.0008200370357371867,
        -0.00048772210720926523,
        -0.0007762114983052015,
        1.959772635018453e-05,
        -0.0003168910916429013,
        -0.0010734396055340767
    ],
    "throttle_sequence": [
        0.75,
        0.6647112369537354,
        0.0,
        0.0,
        0.5025693774223328,
        0.75,
        0.75,
        0.75,
        0.75,
        0.75,
        0.27911338210105896,
        0.0,
        0.241959348320961,
        0.75,
        0.75,
        0.75,
        0.75,
        0.75,
        0.45973849296569824,
        0.0
    ],
    "brake_sequence": [
        0.0,
        0.0,
        0.025058414787054062,
        0.30000001192092896,
        0.0,
        0.0,
        0.0,
        0.0,
        0.0,
        0.0,
        0.0,
        0.239349827170372,
        0.0,
        0.0,
        0.0,
        0.0,
        0.0,
        0.0,
        0.0,
        0.09904471784830093
    ],
    "speed_sequence": [
        6.306948184967041,
        6.48836612701416,
        6.679348945617676,
        6.759371280670166,
        6.533183574676514,
        6.285240650177002,
        6.152286529541016,
        6.150100231170654,
        6.241631507873535,
        6.397502899169922,
        6.595059394836426,
        6.738442420959473,
        6.604960918426514,
        6.395514011383057,
        6.2175397872924805,
        6.16888427734375,
        6.227715015411377,
        6.361467361450195,
        6.544970989227295,
        6.699419021606445
    ],
    "light_sequence": [
        0.0,
        0.0,
        0.0,
        0.0,
        0.0,
        0.0,
        0.0,
        0.0,
        0.0,
        0.0,
        0.0,
        0.0,
        0.0,
        0.0,
        0.0,
        0.0,
        0.0,
        0.0,
        0.0,
        0.0
    ],
    "is_collision_event": false
}