{
    "timestamp": 111.10000165551901,
    "x": 255.9732208251953,
    "y": 129.4865264892578,
    "speed": 6.186941430540336,
    "theta": 4.713472843170166,
    "near_node_x": 249.6409149169922,
    "near_node_y": 129.4811248779297,
    "near_command": 4,
    "far_node_x": 243.6409149169922,
    "far_node_y": 129.4784393310547,
    "far_command": 4,
    "angle_near": -0.013220386505517608,
    "angle_far": -0.024522214467439712,
    "steer": -0.00048638382577337325,
    "throttle": 0.75,
    "brake": 0.0,
    "is_red_light_present": 0,
    "vehicle_detected_flag": 0,
    "distanse": 25,
    "steer_sequence": [
        -0.0007614910718984902,
        -0.0008101196144707501,
        9.82586971076671e-06,
        -0.0004266940522938967,
        -0.0010409096721559763,
        0.0002437451621517539,
        -0.000767040066421032,
        -0.00019674145733006299,
        -0.0007358735310845077,
        -0.0006935086566954851,
        -0.0011144249001517892,
        0.0001413369463989511,
        -0.00043272378388792276,
        -0.0004876525199506432,
        -0.0007720483699813485,
        0.0001897364272736013,
        -0.0003278175718151033,
        -0.001021277392283082,
        -0.0010827593505382538,
        0.0001391788391629234
    ],
    "throttle_sequence": [
        0.75,
        0.75,
        0.75,
        0.75,
        0.48715710639953613,
        0.0,
        0.0,
        0.6879668235778809,
        0.75,
        0.75,
        0.75,
        0.75,
        0.75,
        0.4981880486011505,
        0.0,
        0.0,
        0.6813856363296509,
        0.75,
        0.75,
        0.75
    ],
    "brake_sequence": [
        0.0,
        0.0,
        0.0,
        0.0,
        0.0,
        0.11295698583126068,
        0.003777134232223034,
        0.0,
        0.0,
        0.0,
        0.0,
        0.0,
        0.0,
        0.0,
        0.10785435885190964,
        0.020540399476885796,
        0.0,
        0.0,
        0.0,
        0.0
    ],
    "speed_sequence": [
        6.096776485443115,
        6.094076633453369,
        6.18511962890625,
        6.340754985809326,
        6.538257598876953,
        6.7045207023620605,
        6.674288272857666,
        6.482647895812988,
        6.229922294616699,
        6.094592094421387,
        6.091551780700684,
        6.18234920501709,
        6.337831020355225,
        6.5352349281311035,
        6.703153610229492,
        6.678982257843018,
        6.484504699707031,
        6.23270845413208,
        6.0981574058532715,
        6.095707416534424
    ],
    "light_sequence": [
        0.0,
        0.0,
        0.0,
        0.0,
        0.0,
        0.0,
        0.0,
        0.0,
        0.0,
        0.0,
        0.0,
        0.0,
        0.0,
        0.0,
        0.0,
        0.0,
        0.0,
        0.0,
        0.0,
        0.0
    ],
    "is_collision_event": false
}