{
    "timestamp": 114.50000170618296,
    "x": 234.1191864013672,
    "y": 129.47659301757812,
    "speed": 6.098021716534321,
    "theta": 4.71343469619751,
    "near_node_x": 227.6409149169922,
    "near_node_y": 129.47129821777344,
    "near_command": 4,
    "far_node_x": 221.6409149169922,
    "far_node_y": 129.46861267089844,
    "far_command": 4,
    "angle_near": -0.013080614260133787,
    "angle_far": -0.02326649882477378,
    "steer": -0.00035775048309005797,
    "throttle": 0.75,
    "brake": 0.0,
    "is_red_light_present": 0,
    "vehicle_detected_flag": 0,
    "distanse": 25,
    "steer_sequence": [
        0.0002692608686629683,
        -0.0009063303587026894,
        -0.0013633471680805087,
        0.00022469692339655012,
        -0.0004299292922951281,
        -0.0011772670550271869,
        0.0003273251641076058,
        -0.00041435379534959793,
        -0.0010081141954287887,
        0.00017946833395399153,
        -0.0008364433306269348,
        -0.0006338590756058693,
        -0.000801116693764925,
        2.3057580619934015e-05,
        -0.0003756413352675736,
        -0.0009819113183766603,
        0.0002122240257449448,
        -0.00011453307524789125,
        -0.0011200446169823408,
        -0.0004062193329446018
    ],
    "throttle_sequence": [
        0.7155844569206238,
        0.75,
        0.75,
        0.75,
        0.75,
        0.75,
        0.39306890964508057,
        0.0,
        0.12366897612810135,
        0.75,
        0.75,
        0.75,
        0.75,
        0.75,
        0.746900737285614,
        0.0007127316785044968,
        0.0,
        0.2259250283241272,
        0.75,
        0.75
    ],
    "brake_sequence": [
        0.0,
        0.0,
        0.0,
        0.0,
        0.0,
        0.0,
        0.0,
        0.1669205129146576,
        0.0,
        0.0,
        0.0,
        0.0,
        0.0,
        0.0,
        0.0,
        0.0,
        0.30000001192092896,
        0.0,
        0.0,
        0.0
    ],
    "speed_sequence": [
        6.474982261657715,
        6.231109142303467,
        6.10569429397583,
        6.1099066734313965,
        6.205836296081543,
        6.364681720733643,
        6.564175605773926,
        6.719278335571289,
        6.6387553215026855,
        6.4438157081604,
        6.232779026031494,
        6.146428108215332,
        6.178613662719727,
        6.294042110443115,
        6.465718746185303,
        6.672203540802002,
        6.806224822998047,
        6.609344482421875,
        6.36307430267334,
        6.163301467895508
    ],
    "light_sequence": [
        0.0,
        0.0,
        0.0,
        0.0,
        0.0,
        0.0,
        0.0,
        0.0,
        0.0,
        0.0,
        0.0,
        0.0,
        0.0,
        0.0,
        0.0,
        0.0,
        0.0,
        0.0,
        0.0,
        0.0
    ],
    "is_collision_event": false
}