{
    "timestamp": 117.60000175237656,
    "x": 214.21290588378906,
    "y": 129.4676513671875,
    "speed": 6.6793490509524895,
    "theta": 4.713362216949463,
    "near_node_x": 207.6409149169922,
    "near_node_y": 129.4623565673828,
    "near_command": 4,
    "far_node_x": 201.64093017578125,
    "far_node_y": 129.45968627929688,
    "far_command": 4,
    "angle_near": -0.009595661738752809,
    "angle_far": -0.019456403052774674,
    "steer": -0.00028605599072761834,
    "throttle": 0.0,
    "brake": 0.025058414787054062,
    "is_red_light_present": 0,
    "vehicle_detected_flag": 0,
    "distanse": 25,
    "steer_sequence": [
        4.929520218865946e-05,
        -0.0003002747253049165,
        -0.0009602211066521704,
        0.00014160710270516574,
        -5.4477452067658305e-05,
        -0.0010112278396263719,
        -0.0005440638633444905,
        -0.0003357318928465247,
        -0.00042993976967409253,
        -0.0009960560128092766,
        0.00019181398965884,
        -0.0003219973295927048,
        -0.0011729142861440778,
        0.000493828032631427,
        -0.0002625680644996464,
        -0.0017236288404092193,
        0.00013845818466506898,
        -0.00023518891248386353,
        -0.0012309724697843194,
        0.00026875658659264445
    ],
    "throttle_sequence": [
        0.75,
        0.75,
        0.0,
        0.0,
        0.21247774362564087,
        0.75,
        0.75,
        0.75,
        0.75,
        0.75,
        0.75,
        0.08663854002952576,
        0.0,
        0.24719376862049103,
        0.75,
        0.75,
        0.75,
        0.75,
        0.75,
        0.6647112369537354
    ],
    "brake_sequence": [
        0.0,
        0.0,
        0.007200284395366907,
        0.30000001192092896,
        0.0,
        0.0,
        0.0,
        0.0,
        0.0,
        0.0,
        0.0,
        0.0,
        0.30000001192092896,
        0.0,
        0.0,
        0.0,
        0.0,
        0.0,
        0.0,
        0.0
    ],
    "speed_sequence": [
        6.283408164978027,
        6.462610244750977,
        6.674561023712158,
        6.810864448547363,
        6.613659858703613,
        6.367114543914795,
        6.163101673126221,
        6.093596935272217,
        6.137472152709961,
        6.260998725891113,
        6.438016414642334,
        6.648702621459961,
        6.788609027862549,
        6.604363918304443,
        6.366737365722656,
        6.1781086921691895,
        6.12261438369751,
        6.176540374755859,
        6.306948184967041,
        6.48836612701416
    ],
    "light_sequence": [
        0.0,
        0.0,
        0.0,
        0.0,
        0.0,
        0.0,
        0.0,
        0.0,
        0.0,
        0.0,
        0.0,
        0.0,
        0.0,
        0.0,
        0.0,
        0.0,
        0.0,
        0.0,
        0.0,
        0.0
    ],
    "is_collision_event": false
}