{
    "timestamp": 115.20000171661377,
    "x": 229.5782928466797,
    "y": 129.4743194580078,
    "speed": 6.366839018781499,
    "theta": 4.713371753692627,
    "near_node_x": 221.6409149169922,
    "near_node_y": 129.46861267089844,
    "near_command": 4,
    "far_node_x": 215.6409149169922,
    "far_node_y": 129.46592712402344,
    "far_command": 4,
    "angle_near": -0.015108768337401834,
    "angle_far": -0.021802661893249857,
    "steer": -0.0010770641965791583,
    "throttle": 0.75,
    "brake": 0.0,
    "is_red_light_present": 0,
    "vehicle_detected_flag": 0,
    "distanse": 25,
    "steer_sequence": [
        -0.00041435379534959793,
        -0.0010081141954287887,
        0.00017946833395399153,
        -0.0008364433306269348,
        -0.0006338590756058693,
        -0.000801116693764925,
        2.3057580619934015e-05,
        -0.0003756413352675736,
        -0.0009819113183766603,
        0.0002122240257449448,
        -0.00011453307524789125,
        -0.0011200446169823408,
        -0.0004062193329446018,
        -0.00035775048309005797,
        -0.0010836540022864938,
        8.5362684330903e-05,
        -0.0003027418861165643,
        -0.0010234471410512924,
        0.00018822769925463945,
        -7.148081931518391e-05
    ],
    "throttle_sequence": [
        0.0,
        0.12366897612810135,
        0.75,
        0.75,
        0.75,
        0.75,
        0.75,
        0.746900737285614,
        0.0007127316785044968,
        0.0,
        0.2259250283241272,
        0.75,
        0.75,
        0.75,
        0.75,
        0.75,
        0.75,
        0.044520776718854904,
        0.0,
        0.22961677610874176
    ],
    "brake_sequence": [
        0.1669205129146576,
        0.0,
        0.0,
        0.0,
        0.0,
        0.0,
        0.0,
        0.0,
        0.0,
        0.30000001192092896,
        0.0,
        0.0,
        0.0,
        0.0,
        0.0,
        0.0,
        0.0,
        0.0,
        0.30000001192092896,
        0.0
    ],
    "speed_sequence": [
        6.719278335571289,
        6.6387553215026855,
        6.4438157081604,
        6.232779026031494,
        6.146428108215332,
        6.178613662719727,
        6.294042110443115,
        6.465718746185303,
        6.672203540802002,
        6.806224822998047,
        6.609344482421875,
        6.36307430267334,
        6.163301467895508,
        6.098021507263184,
        6.144899368286133,
        6.2704901695251465,
        6.448863506317139,
        6.660329341888428,
        6.79923677444458,
        6.609120845794678
    ],
    "light_sequence": [
        0.0,
        0.0,
        0.0,
        0.0,
        0.0,
        0.0,
        0.0,
        0.0,
        0.0,
        0.0,
        0.0,
        0.0,
        0.0,
        0.0,
        0.0,
        0.0,
        0.0,
        0.0,
        0.0,
        0.0
    ],
    "is_collision_event": false
}