{
    "timestamp": 124.1000018492341,
    "x": 172.42837524414062,
    "y": 129.44903564453125,
    "speed": 6.114855850606735,
    "theta": 4.71341609954834,
    "near_node_x": 165.6409149169922,
    "near_node_y": 129.44358825683594,
    "near_command": 4,
    "far_node_x": 159.6409149169922,
    "far_node_y": 129.44091796875,
    "far_command": 4,
    "angle_near": -0.012873899031372824,
    "angle_far": -0.022485323466128894,
    "steer": -0.0003196404140908271,
    "throttle": 0.75,
    "brake": 0.0,
    "is_red_light_present": 0,
    "vehicle_detected_flag": 0,
    "distanse": 25,
    "steer_sequence": [
        -0.00019898002210538834,
        -0.0007531290757469833,
        -0.0006523022893816233,
        -0.0008894232450984418,
        2.0632040104828775e-05,
        -0.0004038170736748725,
        -0.0010373402619734406,
        0.00021929309878032655,
        -0.0002211068058386445,
        -0.0011538024991750717,
        -0.0003556313458830118,
        -0.00040140424971468747,
        -0.0011322401696816087,
        0.0001131070894189179,
        -0.00032096027280204,
        -0.001022948999889195,
        0.0001801571634132415,
        -8.850868471199647e-05,
        -0.001050370978191495,
        -0.00047568121226504445
    ],
    "throttle_sequence": [
        0.7129978537559509,
        0.75,
        0.75,
        0.75,
        0.75,
        0.75,
        0.40563055872917175,
        0.0,
        0.10807433724403381,
        0.75,
        0.75,
        0.75,
        0.75,
        0.75,
        0.75,
        0.05352088809013367,
        0.0,
        0.24467186629772186,
        0.75,
        0.75
    ],
    "brake_sequence": [
        0.0,
        0.0,
        0.0,
        0.0,
        0.0,
        0.0,
        0.0,
        0.15901803970336914,
        0.0,
        0.0,
        0.0,
        0.0,
        0.0,
        0.0,
        0.0,
        0.0,
        0.30000001192092896,
        0.0,
        0.0,
        0.0
    ],
    "speed_sequence": [
        6.475668430328369,
        6.230855941772461,
        6.104297161102295,
        6.107672214508057,
        6.202988624572754,
        6.361466407775879,
        6.560720443725586,
        6.717117786407471,
        6.643111228942871,
        6.449007987976074,
        6.233017921447754,
        6.140933990478516,
        6.169036388397217,
        6.2816314697265625,
        6.451476097106934,
        6.657665729522705,
        6.794146537780762,
        6.604295253753662,
        6.3634514808654785,
        6.172317981719971
    ],
    "light_sequence": [
        0.0,
        0.0,
        0.0,
        0.0,
        0.0,
        0.0,
        0.0,
        0.0,
        0.0,
        0.0,
        0.0,
        0.0,
        0.0,
        0.0,
        0.0,
        0.0,
        0.0,
        0.0,
        0.0,
        0.0
    ],
    "is_collision_event": false
}