{
    "timestamp": 124.60000185668468,
    "x": 169.2003631591797,
    "y": 129.44757080078125,
    "speed": 6.781796785728612,
    "theta": 4.713356018066406,
    "near_node_x": 161.6409149169922,
    "near_node_y": 129.44180297851562,
    "near_command": 4,
    "far_node_x": 155.6409149169922,
    "far_node_y": 129.4391326904297,
    "far_command": 4,
    "angle_near": -0.011685091235962135,
    "angle_far": -0.019746047382032974,
    "steer": -0.00016160821542143822,
    "throttle": 0.0,
    "brake": 0.30000001192092896,
    "is_red_light_present": 0,
    "vehicle_detected_flag": 0,
    "distanse": 25,
    "steer_sequence": [
        -0.0004038170736748725,
        -0.0010373402619734406,
        0.00021929309878032655,
        -0.0002211068058386445,
        -0.0011538024991750717,
        -0.0003556313458830118,
        -0.00040140424971468747,
        -0.0011322401696816087,
        0.0001131070894189179,
        -0.00032096027280204,
        -0.001022948999889195,
        0.0001801571634132415,
        -8.850868471199647e-05,
        -0.001050370978191495,
        -0.00047568121226504445,
        -0.0003196404140908271,
        -0.0004385511274449527,
        -0.0009937465656548738,
        0.0002160038857255131,
        -0.0008767202380113304
    ],
    "throttle_sequence": [
        0.75,
        0.40563055872917175,
        0.0,
        0.10807433724403381,
        0.75,
        0.75,
        0.75,
        0.75,
        0.75,
        0.75,
        0.05352088809013367,
        0.0,
        0.24467186629772186,
        0.75,
        0.75,
        0.75,
        0.75,
        0.75,
        0.703766405582428,
        0.0
    ],
    "brake_sequence": [
        0.0,
        0.0,
        0.15901803970336914,
        0.0,
        0.0,
        0.0,
        0.0,
        0.0,
        0.0,
        0.0,
        0.0,
        0.30000001192092896,
        0.0,
        0.0,
        0.0,
        0.0,
        0.0,
        0.0,
        0.0,
        0.020891554653644562
    ],
    "speed_sequence": [
        6.361466407775879,
        6.560720443725586,
        6.717117786407471,
        6.643111228942871,
        6.449007987976074,
        6.233017921447754,
        6.140933990478516,
        6.169036388397217,
        6.2816314697265625,
        6.451476097106934,
        6.657665729522705,
        6.794146537780762,
        6.604295253753662,
        6.3634514808654785,
        6.172317981719971,
        6.114855766296387,
        6.167323589324951,
        6.296760082244873,
        6.477566242218018,
        6.678275108337402
    ],
    "light_sequence": [
        0.0,
        0.0,
        0.0,
        0.0,
        0.0,
        0.0,
        0.0,
        0.0,
        0.0,
        0.0,
        0.0,
        0.0,
        0.0,
        0.0,
        0.0,
        0.0,
        0.0,
        0.0,
        0.0,
        0.0
    ],
    "is_collision_event": false
}