{
    "timestamp": 121.20000180602074,
    "x": 190.99880981445312,
    "y": 129.45726013183594,
    "speed": 6.484743688524217,
    "theta": 4.713317394256592,
    "near_node_x": 183.6409149169922,
    "near_node_y": 129.45162963867188,
    "near_command": 4,
    "far_node_x": 177.6409149169922,
    "far_node_y": 129.44895935058594,
    "far_command": 4,
    "angle_near": -0.009343974845299242,
    "angle_far": -0.017584115389620836,
    "steer": 0.00022333116794470698,
    "throttle": 0.6756184697151184,
    "brake": 0.0,
    "is_red_light_present": 0,
    "vehicle_detected_flag": 0,
    "distanse": 25,
    "steer_sequence": [
        -0.0003168910916429013,
        -0.0010734396055340767,
        0.0003194534801878035,
        -0.0003238309873268008,
        -0.00167406618129462,
        -1.63747990882257e-05,
        -0.000250199344009161,
        -0.001290240790694952,
        0.0002463186683598906,
        -0.00027690044953487813,
        -0.0012658295454457402,
        0.0005146713810972869,
        -0.0003639291680883616,
        -0.0016855529975146055,
        0.00015465935575775802,
        -0.0002490030601620674,
        -0.0012491897214204073,
        0.0003053370164707303,
        -0.00034355404204688966,
        -0.0010873812716454268
    ],
    "throttle_sequence": [
        0.45973849296569824,
        0.0,
        0.04411838576197624,
        0.7312684655189514,
        0.75,
        0.75,
        0.75,
        0.75,
        0.75,
        0.3059004843235016,
        0.0,
        0.21484193205833435,
        0.75,
        0.75,
        0.75,
        0.75,
        0.75,
        0.5128548741340637,
        0.0,
        0.0
    ],
    "brake_sequence": [
        0.0,
        0.09904471784830093,
        0.0,
        0.0,
        0.0,
        0.0,
        0.0,
        0.0,
        0.0,
        0.0,
        0.2266434133052826,
        0.0,
        0.0,
        0.0,
        0.0,
        0.0,
        0.0,
        0.0,
        0.07034134119749069,
        0.03647114336490631
    ],
    "speed_sequence": [
        6.544970989227295,
        6.699419021606445,
        6.659506320953369,
        6.469327926635742,
        6.232275485992432,
        6.11510705947876,
        6.125300884246826,
        6.225385665893555,
        6.386995792388916,
        6.588207721710205,
        6.735648155212402,
        6.61325740814209,
        6.407314777374268,
        6.2221245765686035,
        6.165754318237305,
        6.2191667556762695,
        6.349197864532471,
        6.530300617218018,
        6.691524982452393,
        6.681895732879639
    ],
    "light_sequence": [
        0.0,
        0.0,
        0.0,
        0.0,
        0.0,
        0.0,
        0.0,
        0.0,
        0.0,
        0.0,
        0.0,
        0.0,
        0.0,
        0.0,
        0.0,
        0.0,
        0.0,
        0.0,
        0.0,
        0.0
    ],
    "is_collision_event": false
}