{
    "timestamp": 122.60000182688236,
    "x": 182.1182403564453,
    "y": 129.4535369873047,
    "speed": 6.361466626530067,
    "theta": 4.713451385498047,
    "near_node_x": 175.6409149169922,
    "near_node_y": 129.44805908203125,
    "near_command": 4,
    "far_node_x": 169.6409149169922,
    "far_node_y": 129.4453887939453,
    "far_command": 4,
    "angle_near": -0.012423990149024703,
    "angle_far": -0.023462860866663268,
    "steer": -0.0004038170736748725,
    "throttle": 0.75,
    "brake": 0.0,
    "is_red_light_present": 0,
    "vehicle_detected_flag": 0,
    "distanse": 25,
    "steer_sequence": [
        0.00015465935575775802,
        -0.0002490030601620674,
        -0.0012491897214204073,
        0.0003053370164707303,
        -0.00034355404204688966,
        -0.0010873812716454268,
        0.00022333116794470698,
        -0.0007788775255903602,
        -0.0007893756846897304,
        -0.0008575766114518046,
        6.126719381427392e-05,
        -0.00045464132563211024,
        -0.001037861336953938,
        0.00026658709975890815,
        -0.0007997294305823743,
        -0.00019898002210538834,
        -0.0007531290757469833,
        -0.0006523022893816233,
        -0.0008894232450984418,
        2.0632040104828775e-05
    ],
    "throttle_sequence": [
        0.75,
        0.75,
        0.75,
        0.5128548741340637,
        0.0,
        0.0,
        0.6756184697151184,
        0.75,
        0.75,
        0.75,
        0.75,
        0.75,
        0.4706033766269684,
        0.0,
        0.02101062797009945,
        0.7129978537559509,
        0.75,
        0.75,
        0.75,
        0.75
    ],
    "brake_sequence": [
        0.0,
        0.0,
        0.0,
        0.0,
        0.07034134119749069,
        0.03647114336490631,
        0.0,
        0.0,
        0.0,
        0.0,
        0.0,
        0.0,
        0.0,
        0.12080558389425278,
        0.0,
        0.0,
        0.0,
        0.0,
        0.0,
        0.0
    ],
    "speed_sequence": [
        6.165754318237305,
        6.2191667556762695,
        6.349197864532471,
        6.530300617218018,
        6.691524982452393,
        6.681895732879639,
        6.484743595123291,
        6.233633995056152,
        6.09967041015625,
        6.097654342651367,
        6.189182281494141,
        6.345139980316162,
        6.54283332824707,
        6.706657886505127,
        6.6673479080200195,
        6.475668430328369,
        6.230855941772461,
        6.104297161102295,
        6.107672214508057,
        6.202988624572754
    ],
    "light_sequence": [
        0.0,
        0.0,
        0.0,
        0.0,
        0.0,
        0.0,
        0.0,
        0.0,
        0.0,
        0.0,
        0.0,
        0.0,
        0.0,
        0.0,
        0.0,
        0.0,
        0.0,
        0.0,
        0.0,
        0.0
    ],
    "is_collision_event": false
}