{
    "timestamp": 123.80000184476376,
    "x": 174.31985473632812,
    "y": 129.44984436035156,
    "speed": 6.604295368155428,
    "theta": 4.713321208953857,
    "near_node_x": 167.6409149169922,
    "near_node_y": 129.44448852539062,
    "near_command": 4,
    "far_node_x": 161.6409149169922,
    "far_node_y": 129.44180297851562,
    "far_command": 4,
    "angle_near": -0.007461652114607611,
    "angle_far": -0.017068290874710564,
    "steer": -8.850868471199647e-05,
    "throttle": 0.24467186629772186,
    "brake": 0.0,
    "is_red_light_present": 0,
    "vehicle_detected_flag": 0,
    "distanse": 25,
    "steer_sequence": [
        -0.001037861336953938,
        0.00026658709975890815,
        -0.0007997294305823743,
        -0.00019898002210538834,
        -0.0007531290757469833,
        -0.0006523022893816233,
        -0.0008894232450984418,
        2.0632040104828775e-05,
        -0.0004038170736748725,
        -0.0010373402619734406,
        0.00021929309878032655,
        -0.0002211068058386445,
        -0.0011538024991750717,
        -0.0003556313458830118,
        -0.00040140424971468747,
        -0.0011322401696816087,
        0.0001131070894189179,
        -0.00032096027280204,
        -0.001022948999889195,
        0.0001801571634132415
    ],
    "throttle_sequence": [
        0.4706033766269684,
        0.0,
        0.02101062797009945,
        0.7129978537559509,
        0.75,
        0.75,
        0.75,
        0.75,
        0.75,
        0.40563055872917175,
        0.0,
        0.10807433724403381,
        0.75,
        0.75,
        0.75,
        0.75,
        0.75,
        0.75,
        0.05352088809013367,
        0.0
    ],
    "brake_sequence": [
        0.0,
        0.12080558389425278,
        0.0,
        0.0,
        0.0,
        0.0,
        0.0,
        0.0,
        0.0,
        0.0,
        0.15901803970336914,
        0.0,
        0.0,
        0.0,
        0.0,
        0.0,
        0.0,
        0.0,
        0.0,
        0.30000001192092896
    ],
    "speed_sequence": [
        6.54283332824707,
        6.706657886505127,
        6.6673479080200195,
        6.475668430328369,
        6.230855941772461,
        6.104297161102295,
        6.107672214508057,
        6.202988624572754,
        6.361466407775879,
        6.560720443725586,
        6.717117786407471,
        6.643111228942871,
        6.449007987976074,
        6.233017921447754,
        6.140933990478516,
        6.169036388397217,
        6.2816314697265625,
        6.451476097106934,
        6.657665729522705,
        6.794146537780762
    ],
    "light_sequence": [
        0.0,
        0.0,
        0.0,
        0.0,
        0.0,
        0.0,
        0.0,
        0.0,
        0.0,
        0.0,
        0.0,
        0.0,
        0.0,
        0.0,
        0.0,
        0.0,
        0.0,
        0.0,
        0.0,
        0.0
    ],
    "is_collision_event": false
}