{
    "timestamp": 126.50000188499689,
    "x": 156.9448699951172,
    "y": 129.44192504882812,
    "speed": 6.363409926292565,
    "theta": 4.713274002075195,
    "near_node_x": 149.6409149169922,
    "near_node_y": 129.4364471435547,
    "near_command": 4,
    "far_node_x": 143.64093017578125,
    "far_node_y": 129.4337615966797,
    "far_command": 4,
    "angle_near": -0.0077446283585352335,
    "angle_far": -0.015558624113544991,
    "steer": 0.0002833251201082021,
    "throttle": 0.75,
    "brake": 0.0,
    "is_red_light_present": 0,
    "vehicle_detected_flag": 0,
    "distanse": 25,
    "steer_sequence": [
        -0.0008767202380113304,
        -0.00016160821542143822,
        0.00010635685612214729,
        -0.0005430984892882407,
        -0.001376685919240117,
        0.0001478195918025449,
        -0.0003414209350012243,
        -0.0011606133775785565,
        0.0003216272743884474,
        -0.00040583222289569676,
        -0.0009703219402581453,
        0.00019090613932348788,
        -0.0008504801662638783,
        -0.0012254919856786728,
        0.00021102404571138322,
        -0.00040477386210113764,
        -0.0011452807812020183,
        0.0003703203983604908,
        -0.000447824684670195,
        -0.0009036267874762416
    ],
    "throttle_sequence": [
        0.0,
        0.0,
        0.37808486819267273,
        0.75,
        0.75,
        0.75,
        0.75,
        0.75,
        0.4148104190826416,
        0.0,
        0.10200677812099457,
        0.75,
        0.75,
        0.75,
        0.75,
        0.75,
        0.75,
        0.07375866919755936,
        0.0,
        0.25269126892089844
    ],
    "brake_sequence": [
        0.020891554653644562,
        0.30000001192092896,
        0.0,
        0.0,
        0.0,
        0.0,
        0.0,
        0.0,
        0.0,
        0.13889631628990173,
        0.0,
        0.0,
        0.0,
        0.0,
        0.0,
        0.0,
        0.0,
        0.0,
        0.30000001192092896,
        0.0
    ],
    "speed_sequence": [
        6.678275108337402,
        6.781796932220459,
        6.567739486694336,
        6.3233137130737305,
        6.166783809661865,
        6.143498420715332,
        6.220184803009033,
        6.366085052490234,
        6.557368755340576,
        6.7105817794799805,
        6.643772602081299,
        6.451241493225098,
        6.233419895172119,
        6.139134883880615,
        6.165688514709473,
        6.2772321701049805,
        6.446346759796143,
        6.652109622955322,
        6.789103031158447,
        6.602127552032471
    ],
    "light_sequence": [
        0.0,
        0.0,
        0.0,
        0.0,
        0.0,
        0.0,
        0.0,
        0.0,
        0.0,
        0.0,
        0.0,
        0.0,
        0.0,
        0.0,
        0.0,
        0.0,
        0.0,
        0.0,
        0.0,
        0.0
    ],
    "is_collision_event": false
}