{
    "timestamp": 129.0000019222498,
    "x": 140.86122131347656,
    "y": 129.43478393554688,
    "speed": 6.468001038221139,
    "theta": 4.713308334350586,
    "near_node_x": 133.6409454345703,
    "near_node_y": 129.42929077148438,
    "near_command": 4,
    "far_node_x": 127.64093780517578,
    "far_node_y": 129.42662048339844,
    "far_command": 4,
    "angle_near": -0.009078961871862997,
    "angle_far": -0.01728958598444463,
    "steer": 0.00019723402510862797,
    "throttle": 0.7360749244689941,
    "brake": 0.0,
    "is_red_light_present": 0,
    "vehicle_detected_flag": 1,
    "distanse": 18.556987762451172,
    "steer_sequence": [
        -0.0010727735934779048,
        0.0003373168292455375,
        -0.00042934430530294776,
        -0.0007813905831426382,
        0.00012010946375085041,
        -0.0008332494762726128,
        -0.00043505305075086653,
        -0.000771260354667902,
        1.760648410709109e-05,
        -0.0003046046767849475,
        -0.0010459527838975191,
        0.00041795038850978017,
        -0.00034501010668464005,
        -0.001626621000468731,
        0.00015867371985223144,
        -0.00025065866066142917,
        -0.001219336874783039,
        0.0002835611521732062,
        -0.0003416965191718191,
        -0.0010160201927646995
    ],
    "throttle_sequence": [
        0.6614561080932617,
        0.0,
        0.0,
        0.5128619074821472,
        0.75,
        0.75,
        0.75,
        0.75,
        0.75,
        0.27457159757614136,
        0.0,
        0.24506336450576782,
        0.75,
        0.75,
        0.75,
        0.75,
        0.75,
        0.45636242628097534,
        0.0,
        0.049087267369031906
    ],
    "brake_sequence": [
        0.0,
        0.02601557783782482,
        0.30000001192092896,
        0.0,
        0.0,
        0.0,
        0.0,
        0.0,
        0.0,
        0.0,
        0.24318653345108032,
        0.0,
        0.0,
        0.0,
        0.0,
        0.0,
        0.0,
        0.0,
        0.10113005340099335,
        0.0
    ],
    "speed_sequence": [
        6.489260196685791,
        6.679621696472168,
        6.757612228393555,
        6.530355930328369,
        6.282015800476074,
        6.150500774383545,
        6.14955472946167,
        6.241940975189209,
        6.398401260375977,
        6.596339225769043,
        6.739523410797119,
        6.604116439819336,
        6.393828868865967,
        6.216517925262451,
        6.168646335601807,
        6.228046894073486,
        6.362173080444336,
        6.545902729034424,
        6.699995517730713,
        6.6581315994262695
    ],
    "light_sequence": [
        0.0,
        0.0,
        0.0,
        0.0,
        0.0,
        0.0,
        0.0,
        0.0,
        0.0,
        0.0,
        0.0,
        0.0,
        0.0,
        0.0,
        0.0,
        0.0,
        0.0,
        0.0,
        0.0,
        0.0
    ],
    "is_collision_event": false
}