{
    "timestamp": 128.30000191181898,
    "x": 145.38563537597656,
    "y": 129.4366912841797,
    "speed": 6.216517890677947,
    "theta": 4.713479995727539,
    "near_node_x": 137.64093017578125,
    "near_node_y": 129.43109130859375,
    "near_command": 4,
    "far_node_x": 131.64093017578125,
    "far_node_y": 129.42840576171875,
    "far_command": 4,
    "angle_near": -0.021075941303656174,
    "angle_far": -0.02796609469599922,
    "steer": -0.001626621000468731,
    "throttle": 0.75,
    "brake": 0.0,
    "is_red_light_present": 0,
    "vehicle_detected_flag": 1,
    "distanse": 21.95609474182129,
    "steer_sequence": [
        -0.000447824684670195,
        -0.0009036267874762416,
        0.0002833251201082021,
        -0.0009148590033873916,
        -0.0011220165761187673,
        0.0002411980094620958,
        -0.00045085305464453995,
        -0.0010727735934779048,
        0.0003373168292455375,
        -0.00042934430530294776,
        -0.0007813905831426382,
        0.00012010946375085041,
        -0.0008332494762726128,
        -0.00043505305075086653,
        -0.000771260354667902,
        1.760648410709109e-05,
        -0.0003046046767849475,
        -0.0010459527838975191,
        0.00041795038850978017,
        -0.00034501010668464005
    ],
    "throttle_sequence": [
        0.0,
        0.25269126892089844,
        0.75,
        0.75,
        0.75,
        0.75,
        0.75,
        0.6614561080932617,
        0.0,
        0.0,
        0.5128619074821472,
        0.75,
        0.75,
        0.75,
        0.75,
        0.75,
        0.27457159757614136,
        0.0,
        0.24506336450576782,
        0.75
    ],
    "brake_sequence": [
        0.30000001192092896,
        0.0,
        0.0,
        0.0,
        0.0,
        0.0,
        0.0,
        0.0,
        0.02601557783782482,
        0.30000001192092896,
        0.0,
        0.0,
        0.0,
        0.0,
        0.0,
        0.0,
        0.0,
        0.24318653345108032,
        0.0,
        0.0
    ],
    "speed_sequence": [
        6.789103031158447,
        6.602127552032471,
        6.363409996032715,
        6.1758341789245605,
        6.121607303619385,
        6.176402568817139,
        6.307448387145996,
        6.489260196685791,
        6.679621696472168,
        6.757612228393555,
        6.530355930328369,
        6.282015800476074,
        6.150500774383545,
        6.14955472946167,
        6.241940975189209,
        6.398401260375977,
        6.596339225769043,
        6.739523410797119,
        6.604116439819336,
        6.393828868865967
    ],
    "light_sequence": [
        0.0,
        0.0,
        0.0,
        0.0,
        0.0,
        0.0,
        0.0,
        0.0,
        0.0,
        0.0,
        0.0,
        0.0,
        0.0,
        0.0,
        0.0,
        0.0,
        0.0,
        0.0,
        0.0,
        0.0
    ],
    "is_collision_event": false
}