{
    "timestamp": 120.50000179558992,
    "x": 195.52203369140625,
    "y": 129.4591522216797,
    "speed": 6.222124350681063,
    "theta": 4.713499069213867,
    "near_node_x": 187.6409149169922,
    "near_node_y": 129.45343017578125,
    "near_command": 4,
    "far_node_x": 181.6409454345703,
    "far_node_y": 129.45074462890625,
    "far_command": 4,
    "angle_near": -0.022012070139388492,
    "angle_far": -0.028908073328635535,
    "steer": -0.0016855529975146055,
    "throttle": 0.75,
    "brake": 0.0,
    "is_red_light_present": 0,
    "vehicle_detected_flag": 0,
    "distanse": 25,
    "steer_sequence": [
        -0.00038472955930046737,
        -0.0007978418143466115,
        9.450025390833616e-05,
        -0.0008200370357371867,
        -0.00048772210720926523,
        -0.0007762114983052015,
        1.959772635018453e-05,
        -0.0003168910916429013,
        -0.0010734396055340767,
        0.0003194534801878035,
        -0.0003238309873268008,
        -0.00167406618129462,
        -1.63747990882257e-05,
        -0.000250199344009161,
        -0.001290240790694952,
        0.0002463186683598906,
        -0.00027690044953487813,
        -0.0012658295454457402,
        0.0005146713810972869,
        -0.0003639291680883616
    ],
    "throttle_sequence": [
        0.0,
        0.241959348320961,
        0.75,
        0.75,
        0.75,
        0.75,
        0.75,
        0.45973849296569824,
        0.0,
        0.04411838576197624,
        0.7312684655189514,
        0.75,
        0.75,
        0.75,
        0.75,
        0.75,
        0.3059004843235016,
        0.0,
        0.21484193205833435,
        0.75
    ],
    "brake_sequence": [
        0.239349827170372,
        0.0,
        0.0,
        0.0,
        0.0,
        0.0,
        0.0,
        0.0,
        0.09904471784830093,
        0.0,
        0.0,
        0.0,
        0.0,
        0.0,
        0.0,
        0.0,
        0.0,
        0.2266434133052826,
        0.0,
        0.0
    ],
    "speed_sequence": [
        6.738442420959473,
        6.604960918426514,
        6.395514011383057,
        6.2175397872924805,
        6.16888427734375,
        6.227715015411377,
        6.361467361450195,
        6.544970989227295,
        6.699419021606445,
        6.659506320953369,
        6.469327926635742,
        6.232275485992432,
        6.11510705947876,
        6.125300884246826,
        6.225385665893555,
        6.386995792388916,
        6.588207721710205,
        6.735648155212402,
        6.61325740814209,
        6.407314777374268
    ],
    "light_sequence": [
        0.0,
        0.0,
        0.0,
        0.0,
        0.0,
        0.0,
        0.0,
        0.0,
        0.0,
        0.0,
        0.0,
        0.0,
        0.0,
        0.0,
        0.0,
        0.0,
        0.0,
        0.0,
        0.0,
        0.0
    ],
    "is_collision_event": false
}