{
    "timestamp": 128.80000191926956,
    "x": 142.1912384033203,
    "y": 129.4354248046875,
    "speed": 6.699995681507595,
    "theta": 4.7133612632751465,
    "near_node_x": 135.64096069335938,
    "near_node_y": 129.43019104003906,
    "near_command": 4,
    "far_node_x": 129.64096069335938,
    "far_node_y": 129.42750549316406,
    "far_command": 4,
    "angle_near": -0.009935542105695607,
    "angle_far": -0.019561645550230537,
    "steer": -0.0003416965191718191,
    "throttle": 0.0,
    "brake": 0.10113005340099335,
    "is_red_light_present": 0,
    "vehicle_detected_flag": 1,
    "distanse": 19.466411590576172,
    "steer_sequence": [
        0.0002411980094620958,
        -0.00045085305464453995,
        -0.0010727735934779048,
        0.0003373168292455375,
        -0.00042934430530294776,
        -0.0007813905831426382,
        0.00012010946375085041,
        -0.0008332494762726128,
        -0.00043505305075086653,
        -0.000771260354667902,
        1.760648410709109e-05,
        -0.0003046046767849475,
        -0.0010459527838975191,
        0.00041795038850978017,
        -0.00034501010668464005,
        -0.001626621000468731,
        0.00015867371985223144,
        -0.00025065866066142917,
        -0.001219336874783039,
        0.0002835611521732062
    ],
    "throttle_sequence": [
        0.75,
        0.75,
        0.6614561080932617,
        0.0,
        0.0,
        0.5128619074821472,
        0.75,
        0.75,
        0.75,
        0.75,
        0.75,
        0.27457159757614136,
        0.0,
        0.24506336450576782,
        0.75,
        0.75,
        0.75,
        0.75,
        0.75,
        0.45636242628097534
    ],
    "brake_sequence": [
        0.0,
        0.0,
        0.0,
        0.02601557783782482,
        0.30000001192092896,
        0.0,
        0.0,
        0.0,
        0.0,
        0.0,
        0.0,
        0.0,
        0.24318653345108032,
        0.0,
        0.0,
        0.0,
        0.0,
        0.0,
        0.0,
        0.0
    ],
    "speed_sequence": [
        6.176402568817139,
        6.307448387145996,
        6.489260196685791,
        6.679621696472168,
        6.757612228393555,
        6.530355930328369,
        6.282015800476074,
        6.150500774383545,
        6.14955472946167,
        6.241940975189209,
        6.398401260375977,
        6.596339225769043,
        6.739523410797119,
        6.604116439819336,
        6.393828868865967,
        6.216517925262451,
        6.168646335601807,
        6.228046894073486,
        6.362173080444336,
        6.545902729034424
    ],
    "light_sequence": [
        0.0,
        0.0,
        0.0,
        0.0,
        0.0,
        0.0,
        0.0,
        0.0,
        0.0,
        0.0,
        0.0,
        0.0,
        0.0,
        0.0,
        0.0,
        0.0,
        0.0,
        0.0,
        0.0,
        0.0
    ],
    "is_collision_event": false
}