{
    "timestamp": 127.30000189691782,
    "x": 151.80325317382812,
    "y": 129.4396514892578,
    "speed": 6.530355800780096,
    "theta": 4.713359355926514,
    "near_node_x": 143.64093017578125,
    "near_node_y": 129.4337615966797,
    "near_command": 4,
    "far_node_x": 137.64093017578125,
    "far_node_y": 129.43109130859375,
    "far_command": 4,
    "angle_near": -0.01424838066570748,
    "angle_far": -0.020961252257788672,
    "steer": -0.0007813905831426382,
    "throttle": 0.5128619074821472,
    "brake": 0.0,
    "is_red_light_present": 0,
    "vehicle_detected_flag": 0,
    "distanse": 25,
    "steer_sequence": [
        0.0003216272743884474,
        -0.00040583222289569676,
        -0.0009703219402581453,
        0.00019090613932348788,
        -0.0008504801662638783,
        -0.0012254919856786728,
        0.00021102404571138322,
        -0.00040477386210113764,
        -0.0011452807812020183,
        0.0003703203983604908,
        -0.000447824684670195,
        -0.0009036267874762416,
        0.0002833251201082021,
        -0.0009148590033873916,
        -0.0011220165761187673,
        0.0002411980094620958,
        -0.00045085305464453995,
        -0.0010727735934779048,
        0.0003373168292455375,
        -0.00042934430530294776
    ],
    "throttle_sequence": [
        0.4148104190826416,
        0.0,
        0.10200677812099457,
        0.75,
        0.75,
        0.75,
        0.75,
        0.75,
        0.75,
        0.07375866919755936,
        0.0,
        0.25269126892089844,
        0.75,
        0.75,
        0.75,
        0.75,
        0.75,
        0.6614561080932617,
        0.0,
        0.0
    ],
    "brake_sequence": [
        0.0,
        0.13889631628990173,
        0.0,
        0.0,
        0.0,
        0.0,
        0.0,
        0.0,
        0.0,
        0.0,
        0.30000001192092896,
        0.0,
        0.0,
        0.0,
        0.0,
        0.0,
        0.0,
        0.0,
        0.02601557783782482,
        0.30000001192092896
    ],
    "speed_sequence": [
        6.557368755340576,
        6.7105817794799805,
        6.643772602081299,
        6.451241493225098,
        6.233419895172119,
        6.139134883880615,
        6.165688514709473,
        6.2772321701049805,
        6.446346759796143,
        6.652109622955322,
        6.789103031158447,
        6.602127552032471,
        6.363409996032715,
        6.1758341789245605,
        6.121607303619385,
        6.176402568817139,
        6.307448387145996,
        6.489260196685791,
        6.679621696472168,
        6.757612228393555
    ],
    "light_sequence": [
        0.0,
        0.0,
        0.0,
        0.0,
        0.0,
        0.0,
        0.0,
        0.0,
        0.0,
        0.0,
        0.0,
        0.0,
        0.0,
        0.0,
        0.0,
        0.0,
        0.0,
        0.0,
        0.0,
        0.0
    ],
    "is_collision_event": false
}