{
    "timestamp": 126.20000188052654,
    "x": 158.94351196289062,
    "y": 129.44305419921875,
    "speed": 6.6521097948076395,
    "theta": 4.7133331298828125,
    "near_node_x": 151.6409149169922,
    "near_node_y": 129.4373321533203,
    "near_command": 4,
    "far_node_x": 145.64096069335938,
    "far_node_y": 129.43466186523438,
    "far_command": 4,
    "angle_near": -0.009195235668692082,
    "angle_far": -0.01794324297756648,
    "steer": 0.0003703203983604908,
    "throttle": 0.07375866919755936,
    "brake": 0.0,
    "is_red_light_present": 0,
    "vehicle_detected_flag": 0,
    "distanse": 25,
    "steer_sequence": [
        -0.0004385511274449527,
        -0.0009937465656548738,
        0.0002160038857255131,
        -0.0008767202380113304,
        -0.00016160821542143822,
        0.00010635685612214729,
        -0.0005430984892882407,
        -0.001376685919240117,
        0.0001478195918025449,
        -0.0003414209350012243,
        -0.0011606133775785565,
        0.0003216272743884474,
        -0.00040583222289569676,
        -0.0009703219402581453,
        0.00019090613932348788,
        -0.0008504801662638783,
        -0.0012254919856786728,
        0.00021102404571138322,
        -0.00040477386210113764,
        -0.0011452807812020183
    ],
    "throttle_sequence": [
        0.75,
        0.75,
        0.703766405582428,
        0.0,
        0.0,
        0.37808486819267273,
        0.75,
        0.75,
        0.75,
        0.75,
        0.75,
        0.4148104190826416,
        0.0,
        0.10200677812099457,
        0.75,
        0.75,
        0.75,
        0.75,
        0.75,
        0.75
    ],
    "brake_sequence": [
        0.0,
        0.0,
        0.0,
        0.020891554653644562,
        0.30000001192092896,
        0.0,
        0.0,
        0.0,
        0.0,
        0.0,
        0.0,
        0.0,
        0.13889631628990173,
        0.0,
        0.0,
        0.0,
        0.0,
        0.0,
        0.0,
        0.0
    ],
    "speed_sequence": [
        6.167323589324951,
        6.296760082244873,
        6.477566242218018,
        6.678275108337402,
        6.781796932220459,
        6.567739486694336,
        6.3233137130737305,
        6.166783809661865,
        6.143498420715332,
        6.220184803009033,
        6.366085052490234,
        6.557368755340576,
        6.7105817794799805,
        6.643772602081299,
        6.451241493225098,
        6.233419895172119,
        6.139134883880615,
        6.165688514709473,
        6.2772321701049805,
        6.446346759796143
    ],
    "light_sequence": [
        0.0,
        0.0,
        0.0,
        0.0,
        0.0,
        0.0,
        0.0,
        0.0,
        0.0,
        0.0,
        0.0,
        0.0,
        0.0,
        0.0,
        0.0,
        0.0,
        0.0,
        0.0,
        0.0,
        0.0
    ],
    "is_collision_event": false
}