{
    "timestamp": 123.00000183284283,
    "x": 179.47100830078125,
    "y": 129.4520721435547,
    "speed": 6.449008123690145,
    "theta": 4.71342658996582,
    "near_node_x": 171.6409149169922,
    "near_node_y": 129.44627380371094,
    "near_command": 4,
    "far_node_x": 165.6409149169922,
    "far_node_y": 129.44358825683594,
    "far_command": 4,
    "angle_near": -0.01701629868179981,
    "angle_far": -0.024297625948776422,
    "steer": -0.0011538024991750717,
    "throttle": 0.75,
    "brake": 0.0,
    "is_red_light_present": 0,
    "vehicle_detected_flag": 0,
    "distanse": 25,
    "steer_sequence": [
        -0.00034355404204688966,
        -0.0010873812716454268,
        0.00022333116794470698,
        -0.0007788775255903602,
        -0.0007893756846897304,
        -0.0008575766114518046,
        6.126719381427392e-05,
        -0.00045464132563211024,
        -0.001037861336953938,
        0.00026658709975890815,
        -0.0007997294305823743,
        -0.00019898002210538834,
        -0.0007531290757469833,
        -0.0006523022893816233,
        -0.0008894232450984418,
        2.0632040104828775e-05,
        -0.0004038170736748725,
        -0.0010373402619734406,
        0.00021929309878032655,
        -0.0002211068058386445
    ],
    "throttle_sequence": [
        0.0,
        0.0,
        0.6756184697151184,
        0.75,
        0.75,
        0.75,
        0.75,
        0.75,
        0.4706033766269684,
        0.0,
        0.02101062797009945,
        0.7129978537559509,
        0.75,
        0.75,
        0.75,
        0.75,
        0.75,
        0.40563055872917175,
        0.0,
        0.10807433724403381
    ],
    "brake_sequence": [
        0.07034134119749069,
        0.03647114336490631,
        0.0,
        0.0,
        0.0,
        0.0,
        0.0,
        0.0,
        0.0,
        0.12080558389425278,
        0.0,
        0.0,
        0.0,
        0.0,
        0.0,
        0.0,
        0.0,
        0.0,
        0.15901803970336914,
        0.0
    ],
    "speed_sequence": [
        6.691524982452393,
        6.681895732879639,
        6.484743595123291,
        6.233633995056152,
        6.09967041015625,
        6.097654342651367,
        6.189182281494141,
        6.345139980316162,
        6.54283332824707,
        6.706657886505127,
        6.6673479080200195,
        6.475668430328369,
        6.230855941772461,
        6.104297161102295,
        6.107672214508057,
        6.202988624572754,
        6.361466407775879,
        6.560720443725586,
        6.717117786407471,
        6.643111228942871
    ],
    "light_sequence": [
        0.0,
        0.0,
        0.0,
        0.0,
        0.0,
        0.0,
        0.0,
        0.0,
        0.0,
        0.0,
        0.0,
        0.0,
        0.0,
        0.0,
        0.0,
        0.0,
        0.0,
        0.0,
        0.0,
        0.0
    ],
    "is_collision_event": false
}