{
    "timestamp": 125.20000186562538,
    "x": 165.38819885253906,
    "y": 129.4457550048828,
    "speed": 6.366085089324525,
    "theta": 4.713454723358154,
    "near_node_x": 157.6409149169922,
    "near_node_y": 129.4400177001953,
    "near_command": 4,
    "far_node_x": 151.6409149169922,
    "far_node_y": 129.4373321533203,
    "far_command": 4,
    "angle_near": -0.018626102751036048,
    "angle_far": -0.025952216532057815,
    "steer": -0.0011606133775785565,
    "throttle": 0.75,
    "brake": 0.0,
    "is_red_light_present": 0,
    "vehicle_detected_flag": 0,
    "distanse": 25,
    "steer_sequence": [
        -0.00040140424971468747,
        -0.0011322401696816087,
        0.0001131070894189179,
        -0.00032096027280204,
        -0.001022948999889195,
        0.0001801571634132415,
        -8.850868471199647e-05,
        -0.001050370978191495,
        -0.00047568121226504445,
        -0.0003196404140908271,
        -0.0004385511274449527,
        -0.0009937465656548738,
        0.0002160038857255131,
        -0.0008767202380113304,
        -0.00016160821542143822,
        0.00010635685612214729,
        -0.0005430984892882407,
        -0.001376685919240117,
        0.0001478195918025449,
        -0.0003414209350012243
    ],
    "throttle_sequence": [
        0.75,
        0.75,
        0.75,
        0.75,
        0.05352088809013367,
        0.0,
        0.24467186629772186,
        0.75,
        0.75,
        0.75,
        0.75,
        0.75,
        0.703766405582428,
        0.0,
        0.0,
        0.37808486819267273,
        0.75,
        0.75,
        0.75,
        0.75
    ],
    "brake_sequence": [
        0.0,
        0.0,
        0.0,
        0.0,
        0.0,
        0.30000001192092896,
        0.0,
        0.0,
        0.0,
        0.0,
        0.0,
        0.0,
        0.0,
        0.020891554653644562,
        0.30000001192092896,
        0.0,
        0.0,
        0.0,
        0.0,
        0.0
    ],
    "speed_sequence": [
        6.140933990478516,
        6.169036388397217,
        6.2816314697265625,
        6.451476097106934,
        6.657665729522705,
        6.794146537780762,
        6.604295253753662,
        6.3634514808654785,
        6.172317981719971,
        6.114855766296387,
        6.167323589324951,
        6.296760082244873,
        6.477566242218018,
        6.678275108337402,
        6.781796932220459,
        6.567739486694336,
        6.3233137130737305,
        6.166783809661865,
        6.143498420715332,
        6.220184803009033
    ],
    "light_sequence": [
        0.0,
        0.0,
        0.0,
        0.0,
        0.0,
        0.0,
        0.0,
        0.0,
        0.0,
        0.0,
        0.0,
        0.0,
        0.0,
        0.0,
        0.0,
        0.0,
        0.0,
        0.0,
        0.0,
        0.0
    ],
    "is_collision_event": false
}