{
    "timestamp": 121.50000181049109,
    "x": 189.13291931152344,
    "y": 129.45657348632812,
    "speed": 6.097654550962439,
    "theta": 4.713506698608398,
    "near_node_x": 181.6409454345703,
    "near_node_y": 129.45074462890625,
    "near_command": 4,
    "far_node_x": 175.6409149169922,
    "far_node_y": 129.44805908203125,
    "far_command": 4,
    "angle_near": -0.019471616442328785,
    "angle_far": -0.027890837655435752,
    "steer": -0.0008575766114518046,
    "throttle": 0.75,
    "brake": 0.0,
    "is_red_light_present": 0,
    "vehicle_detected_flag": 0,
    "distanse": 25,
    "steer_sequence": [
        -0.0003238309873268008,
        -0.00167406618129462,
        -1.63747990882257e-05,
        -0.000250199344009161,
        -0.001290240790694952,
        0.0002463186683598906,
        -0.00027690044953487813,
        -0.0012658295454457402,
        0.0005146713810972869,
        -0.0003639291680883616,
        -0.0016855529975146055,
        0.00015465935575775802,
        -0.0002490030601620674,
        -0.0012491897214204073,
        0.0003053370164707303,
        -0.00034355404204688966,
        -0.0010873812716454268,
        0.00022333116794470698,
        -0.0007788775255903602,
        -0.0007893756846897304
    ],
    "throttle_sequence": [
        0.7312684655189514,
        0.75,
        0.75,
        0.75,
        0.75,
        0.75,
        0.3059004843235016,
        0.0,
        0.21484193205833435,
        0.75,
        0.75,
        0.75,
        0.75,
        0.75,
        0.5128548741340637,
        0.0,
        0.0,
        0.6756184697151184,
        0.75,
        0.75
    ],
    "brake_sequence": [
        0.0,
        0.0,
        0.0,
        0.0,
        0.0,
        0.0,
        0.0,
        0.2266434133052826,
        0.0,
        0.0,
        0.0,
        0.0,
        0.0,
        0.0,
        0.0,
        0.07034134119749069,
        0.03647114336490631,
        0.0,
        0.0,
        0.0
    ],
    "speed_sequence": [
        6.469327926635742,
        6.232275485992432,
        6.11510705947876,
        6.125300884246826,
        6.225385665893555,
        6.386995792388916,
        6.588207721710205,
        6.735648155212402,
        6.61325740814209,
        6.407314777374268,
        6.2221245765686035,
        6.165754318237305,
        6.2191667556762695,
        6.349197864532471,
        6.530300617218018,
        6.691524982452393,
        6.681895732879639,
        6.484743595123291,
        6.233633995056152,
        6.09967041015625
    ],
    "light_sequence": [
        0.0,
        0.0,
        0.0,
        0.0,
        0.0,
        0.0,
        0.0,
        0.0,
        0.0,
        0.0,
        0.0,
        0.0,
        0.0,
        0.0,
        0.0,
        0.0,
        0.0,
        0.0,
        0.0,
        0.0
    ],
    "is_collision_event": false
}