{
    "timestamp": 129.7000019326806,
    "x": 136.40975952148438,
    "y": 129.4329376220703,
    "speed": 6.740075230913904,
    "theta": 4.713381767272949,
    "near_node_x": 129.64096069335938,
    "near_node_y": 129.42750549316406,
    "near_command": 4,
    "far_node_x": 123.64093780517578,
    "far_node_y": 129.42483520507812,
    "far_command": 4,
    "angle_near": -0.010909197654635137,
    "angle_far": -0.020533613829287655,
    "steer": -0.0004512844025157392,
    "throttle": 0.0,
    "brake": 0.24280983209609985,
    "is_red_light_present": 0,
    "vehicle_detected_flag": 1,
    "distanse": 14.13617992401123,
    "steer_sequence": [
        -0.000771260354667902,
        1.760648410709109e-05,
        -0.0003046046767849475,
        -0.0010459527838975191,
        0.00041795038850978017,
        -0.00034501010668464005,
        -0.001626621000468731,
        0.00015867371985223144,
        -0.00025065866066142917,
        -0.001219336874783039,
        0.0002835611521732062,
        -0.0003416965191718191,
        -0.0010160201927646995,
        0.00019723402510862797,
        -0.0008524828590452671,
        -0.001301486510783434,
        0.00020214625692460686,
        -0.00042864616261795163,
        -0.001144264591857791,
        0.0003318495291750878
    ],
    "throttle_sequence": [
        0.75,
        0.75,
        0.27457159757614136,
        0.0,
        0.24506336450576782,
        0.75,
        0.75,
        0.75,
        0.75,
        0.75,
        0.45636242628097534,
        0.0,
        0.049087267369031906,
        0.7360749244689941,
        0.75,
        0.75,
        0.75,
        0.75,
        0.75,
        0.2842079699039459
    ],
    "brake_sequence": [
        0.0,
        0.0,
        0.0,
        0.24318653345108032,
        0.0,
        0.0,
        0.0,
        0.0,
        0.0,
        0.0,
        0.0,
        0.10113005340099335,
        0.0,
        0.0,
        0.0,
        0.0,
        0.0,
        0.0,
        0.0,
        0.0
    ],
    "speed_sequence": [
        6.241940975189209,
        6.398401260375977,
        6.596339225769043,
        6.739523410797119,
        6.604116439819336,
        6.393828868865967,
        6.216517925262451,
        6.168646335601807,
        6.228046894073486,
        6.362173080444336,
        6.545902729034424,
        6.699995517730713,
        6.6581315994262695,
        6.468000888824463,
        6.232698917388916,
        6.117551803588867,
        6.1291728019714355,
        6.230298042297363,
        6.392579555511475,
        6.594175815582275
    ],
    "light_sequence": [
        0.0,
        0.0,
        0.0,
        0.0,
        0.0,
        0.0,
        0.0,
        0.0,
        0.0,
        0.0,
        0.0,
        0.0,
        0.0,
        0.0,
        0.0,
        0.0,
        0.0,
        0.0,
        0.0,
        0.0
    ],
    "is_collision_event": false
}