{
    "timestamp": 132.40000197291374,
    "x": 129.97286987304688,
    "y": 129.42877197265625,
    "speed": 0.0,
    "theta": 4.712775230407715,
    "near_node_x": 127.64093780517578,
    "near_node_y": 129.42662048339844,
    "near_command": 4,
    "far_node_x": 121.64093780517578,
    "far_node_y": 129.42393493652344,
    "far_command": 4,
    "angle_near": 0.030737464725512073,
    "angle_far": 0.011137796319792568,
    "steer": 0.0,
    "throttle": 0.0,
    "brake": 0.5,
    "is_red_light_present": 0,
    "vehicle_detected_flag": 1,
    "distanse": 8.352417945861816,
    "steer_sequence": [
        0.0,
        0.0,
        0.0,
        0.0,
        0.0,
        0.0,
        0.0,
        0.0,
        0.0,
        0.0,
        0.0,
        0.0,
        0.0,
        0.0,
        0.0,
        0.0,
        0.0,
        0.0,
        0.0,
        0.0
    ],
    "throttle_sequence": [
        0.0,
        0.0,
        0.0,
        0.0,
        0.0,
        0.0,
        0.0,
        0.0,
        0.0,
        0.0,
        0.0,
        0.0,
        0.0,
        0.0,
        0.0,
        0.0,
        0.0,
        0.0,
        0.0,
        0.0
    ],
    "brake_sequence": [
        0.5,
        0.5,
        0.5,
        0.5,
        0.5,
        0.5,
        0.5,
        0.5,
        0.5,
        0.5,
        0.5,
        0.5,
        0.5,
        0.5,
        0.5,
        0.5,
        0.5,
        0.5,
        0.5,
        0.5
    ],
    "speed_sequence": [
        5.437620162963867,
        4.48370885848999,
        3.6394331455230713,
        2.986224889755249,
        2.4673638343811035,
        2.052060127258301,
        1.6767438650131226,
        1.317104458808899,
        0.00671585276722908,
        -0.007233958225697279,
        -0.006616574712097645,
        -0.003815234871581197,
        -0.0017677635187283158,
        -0.0006940393941476941,
        0.0,
        0.0,
        0.0,
        0.0,
        0.0,
        0.0
    ],
    "light_sequence": [
        0.0,
        0.0,
        0.0,
        0.0,
        0.0,
        0.0,
        0.0,
        0.0,
        0.0,
        0.0,
        0.0,
        0.0,
        0.0,
        0.0,
        0.0,
        0.0,
        0.0,
        0.0,
        0.0,
        0.0
    ],
    "is_collision_event": false
}