{
    "timestamp": 131.10000195354223,
    "x": 130.02822875976562,
    "y": 129.42901611328125,
    "speed": 1.317104479398901,
    "theta": 4.713311195373535,
    "near_node_x": 127.64093780517578,
    "near_node_y": 129.42662048339844,
    "near_command": 4,
    "far_node_x": 121.64093780517578,
    "far_node_y": 129.42393493652344,
    "far_command": 4,
    "angle_near": 0.004635240759955755,
    "angle_far": -0.01814981255430158,
    "steer": 0.0,
    "throttle": 0.0,
    "brake": 0.5,
    "is_red_light_present": 0,
    "vehicle_detected_flag": 1,
    "distanse": 8.159839630126953,
    "steer_sequence": [
        -0.0008524828590452671,
        -0.001301486510783434,
        0.00020214625692460686,
        -0.00042864616261795163,
        -0.001144264591857791,
        0.0003318495291750878,
        -0.0004512844025157392,
        -0.0008587719057686627,
        0.0001704926835373044,
        -0.0008646318456158042,
        0.0,
        0.0,
        0.0,
        0.0,
        0.0,
        0.0,
        0.0,
        0.0,
        0.0,
        0.0
    ],
    "throttle_sequence": [
        0.75,
        0.75,
        0.75,
        0.75,
        0.75,
        0.2842079699039459,
        0.0,
        0.23342768847942352,
        0.75,
        0.75,
        0.0,
        0.0,
        0.0,
        0.0,
        0.0,
        0.0,
        0.0,
        0.0,
        0.0,
        0.0
    ],
    "brake_sequence": [
        0.0,
        0.0,
        0.0,
        0.0,
        0.0,
        0.0,
        0.24280983209609985,
        0.0,
        0.0,
        0.0,
        0.5,
        0.5,
        0.5,
        0.5,
        0.5,
        0.5,
        0.5,
        0.5,
        0.5,
        0.5
    ],
    "speed_sequence": [
        6.232698917388916,
        6.117551803588867,
        6.1291728019714355,
        6.230298042297363,
        6.392579555511475,
        6.594175815582275,
        6.74007511138916,
        6.608047962188721,
        6.398678779602051,
        6.21831750869751,
        6.16713809967041,
        6.05096435546875,
        5.709257125854492,
        5.437620162963867,
        4.48370885848999,
        3.6394331455230713,
        2.986224889755249,
        2.4673638343811035,
        2.052060127258301,
        1.6767438650131226
    ],
    "light_sequence": [
        0.0,
        0.0,
        0.0,
        0.0,
        0.0,
        0.0,
        0.0,
        0.0,
        0.0,
        0.0,
        0.0,
        0.0,
        0.0,
        0.0,
        0.0,
        0.0,
        0.0,
        0.0,
        0.0,
        0.0
    ],
    "is_collision_event": false
}