{
    "timestamp": 130.3000019416213,
    "x": 132.62965393066406,
    "y": 129.43055725097656,
    "speed": 5.7092573107540305,
    "theta": 4.7132673263549805,
    "near_node_x": 127.64093780517578,
    "near_node_y": 129.42662048339844,
    "near_command": 4,
    "far_node_x": 121.64093780517578,
    "far_node_y": 129.42393493652344,
    "far_command": 4,
    "angle_near": -0.0051057605131497414,
    "angle_far": -0.015790709355923117,
    "steer": 0.0,
    "throttle": 0.0,
    "brake": 0.5,
    "is_red_light_present": 0,
    "vehicle_detected_flag": 1,
    "distanse": 10.356210708618164,
    "steer_sequence": [
        -0.001626621000468731,
        0.00015867371985223144,
        -0.00025065866066142917,
        -0.001219336874783039,
        0.0002835611521732062,
        -0.0003416965191718191,
        -0.0010160201927646995,
        0.00019723402510862797,
        -0.0008524828590452671,
        -0.001301486510783434,
        0.00020214625692460686,
        -0.00042864616261795163,
        -0.001144264591857791,
        0.0003318495291750878,
        -0.0004512844025157392,
        -0.0008587719057686627,
        0.0001704926835373044,
        -0.0008646318456158042,
        0.0,
        0.0
    ],
    "throttle_sequence": [
        0.75,
        0.75,
        0.75,
        0.75,
        0.45636242628097534,
        0.0,
        0.049087267369031906,
        0.7360749244689941,
        0.75,
        0.75,
        0.75,
        0.75,
        0.75,
        0.2842079699039459,
        0.0,
        0.23342768847942352,
        0.75,
        0.75,
        0.0,
        0.0
    ],
    "brake_sequence": [
        0.0,
        0.0,
        0.0,
        0.0,
        0.0,
        0.10113005340099335,
        0.0,
        0.0,
        0.0,
        0.0,
        0.0,
        0.0,
        0.0,
        0.0,
        0.24280983209609985,
        0.0,
        0.0,
        0.0,
        0.5,
        0.5
    ],
    "speed_sequence": [
        6.216517925262451,
        6.168646335601807,
        6.228046894073486,
        6.362173080444336,
        6.545902729034424,
        6.699995517730713,
        6.6581315994262695,
        6.468000888824463,
        6.232698917388916,
        6.117551803588867,
        6.1291728019714355,
        6.230298042297363,
        6.392579555511475,
        6.594175815582275,
        6.74007511138916,
        6.608047962188721,
        6.398678779602051,
        6.21831750869751,
        6.16713809967041,
        6.05096435546875
    ],
    "light_sequence": [
        0.0,
        0.0,
        0.0,
        0.0,
        0.0,
        0.0,
        0.0,
        0.0,
        0.0,
        0.0,
        0.0,
        0.0,
        0.0,
        0.0,
        0.0,
        0.0,
        0.0,
        0.0,
        0.0,
        0.0
    ],
    "is_collision_event": false
}