{
    "timestamp": 157.20000234246254,
    "x": 119.6501235961914,
    "y": 129.42298889160156,
    "speed": 4.5423166774853865,
    "theta": 4.712827682495117,
    "near_node_x": 113.64095306396484,
    "near_node_y": 129.4203643798828,
    "near_command": 4,
    "far_node_x": 107.64093780517578,
    "far_node_y": 129.4176788330078,
    "far_command": 4,
    "angle_near": -9.243538641778054e-05,
    "angle_far": 0.00021784023956476783,
    "steer": -8.61492424064636e-07,
    "throttle": 0.75,
    "brake": 0.0,
    "is_red_light_present": 0,
    "vehicle_detected_flag": 1,
    "distanse": 17.754619598388672,
    "steer_sequence": [
        0.0010713968658819795,
        0.000333824020344764,
        -0.0008870285237208009,
        0.000918220728635788,
        0.0003486167115624994,
        0.0001785453496268019,
        0.0001298287243116647,
        9.340076212538406e-05,
        8.127337787300348e-05,
        2.248140299343504e-05,
        -9.732426633490832e-07,
        -0.00010086640395456925,
        6.165090599097311e-05,
        4.900217754766345e-05,
        -3.5432349250186235e-05,
        6.539413152495399e-05,
        -3.854385431623086e-05,
        -1.4662739886261988e-05,
        5.481538210005965e-06,
        -1.4642244423157535e-05
    ],
    "throttle_sequence": [
        0.75,
        0.75,
        0.75,
        0.75,
        0.75,
        0.75,
        0.75,
        0.75,
        0.75,
        0.75,
        0.75,
        0.75,
        0.75,
        0.75,
        0.75,
        0.75,
        0.75,
        0.75,
        0.75,
        0.75
    ],
    "brake_sequence": [
        0.0,
        0.0,
        0.0,
        0.0,
        0.0,
        0.0,
        0.0,
        0.0,
        0.0,
        0.0,
        0.0,
        0.0,
        0.0,
        0.0,
        0.0,
        0.0,
        0.0,
        0.0,
        0.0,
        0.0
    ],
    "speed_sequence": [
        0.059590015560388565,
        0.05424869433045387,
        0.30214205384254456,
        0.6073225736618042,
        0.803142786026001,
        0.979138195514679,
        1.218336820602417,
        1.4867894649505615,
        1.759967565536499,
        2.026806116104126,
        2.288027286529541,
        2.560438394546509,
        2.799870491027832,
        3.0158236026763916,
        3.228210926055908,
        3.444042682647705,
        3.6649117469787598,
        3.8869972229003906,
        4.107794284820557,
        4.326355934143066
    ],
    "light_sequence": [
        0.0,
        0.0,
        0.0,
        0.0,
        0.0,
        0.0,
        0.0,
        0.0,
        0.0,
        0.0,
        0.0,
        0.0,
        0.0,
        0.0,
        0.0,
        0.0,
        0.0,
        0.0,
        0.0,
        0.0
    ],
    "is_collision_event": false
}