{
    "timestamp": 155.30000231415033,
    "x": 124.15079498291016,
    "y": 129.42503356933594,
    "speed": 0.054248692796547454,
    "theta": 4.712738513946533,
    "near_node_x": 119.64095306396484,
    "near_node_y": 129.4230499267578,
    "near_command": 4,
    "far_node_x": 113.64095306396484,
    "far_node_y": 129.4203643798828,
    "far_command": 4,
    "angle_near": 0.005166635415941426,
    "angle_far": 0.0054199291986964954,
    "steer": 0.000333824020344764,
    "throttle": 0.75,
    "brake": 0.0,
    "is_red_light_present": 0,
    "vehicle_detected_flag": 1,
    "distanse": 13.203310012817383,
    "steer_sequence": [
        0.0001873179426183924,
        4.909518793283496e-06,
        0.00023468397557735443,
        7.443811773555353e-05,
        -0.00018170586554333568,
        0.00020337154273875058,
        -3.5564978588809026e-06,
        4.63852848042734e-05,
        0.0,
        0.0,
        0.0,
        0.0,
        0.0,
        0.0,
        0.0,
        0.0,
        0.0,
        0.0,
        -0.0012630545534193516,
        0.0010713968658819795
    ],
    "throttle_sequence": [
        0.75,
        0.75,
        0.75,
        0.75,
        0.75,
        0.75,
        0.75,
        0.75,
        0.0,
        0.0,
        0.0,
        0.0,
        0.0,
        0.0,
        0.0,
        0.0,
        0.0,
        0.0,
        0.75,
        0.75
    ],
    "brake_sequence": [
        0.0,
        0.0,
        0.0,
        0.0,
        0.0,
        0.0,
        0.0,
        0.0,
        0.5,
        0.5,
        0.5,
        0.5,
        0.5,
        0.5,
        0.5,
        0.5,
        0.5,
        0.5,
        0.0,
        0.0
    ],
    "speed_sequence": [
        2.2406249046325684,
        2.5117433071136475,
        2.7591397762298584,
        2.9772732257843018,
        3.189579963684082,
        3.4045214653015137,
        3.624673843383789,
        3.846797466278076,
        4.067924499511719,
        4.062813758850098,
        3.703458547592163,
        3.2423877716064453,
        2.7734878063201904,
        2.3363659381866455,
        1.9555463790893555,
        1.5864410400390625,
        1.1776587963104248,
        0.0014898036606609821,
        -0.007493493612855673,
        0.059590015560388565
    ],
    "light_sequence": [
        0.0,
        0.0,
        0.0,
        0.0,
        0.0,
        0.0,
        0.0,
        0.0,
        0.0,
        0.0,
        0.0,
        0.0,
        0.0,
        0.0,
        0.0,
        0.0,
        0.0,
        0.0,
        0.0,
        0.0
    ],
    "is_collision_event": false
}