{
    "timestamp": 159.90000238269567,
    "x": 102.81309509277344,
    "y": 129.37135314941406,
    "speed": 6.467271007763916,
    "theta": 4.742038249969482,
    "near_node_x": 96.46708679199219,
    "near_node_y": 129.0313262939453,
    "near_command": 2,
    "far_node_x": 93.1386489868164,
    "far_node_y": 125.79596710205078,
    "far_command": 2,
    "angle_near": 1.3682724743860695,
    "angle_far": 18.584033068314888,
    "steer": -0.006416862830519676,
    "throttle": 0.75,
    "brake": 0.0,
    "is_red_light_present": 0,
    "vehicle_detected_flag": 0,
    "distanse": 25,
    "steer_sequence": [
        -0.00017923032282851636,
        -0.004687060602009296,
        0.0030735102482140064,
        -0.0004608314484357834,
        -0.001336500747129321,
        0.0010594022460281849,
        -0.000928312714677304,
        -0.0003823491861112416,
        -0.00056473194854334,
        -0.000356481148628518,
        -0.0002882454718928784,
        -0.0004767778154928237,
        -0.00013852078700438142,
        -0.0004628543683793396,
        -0.0001417059829691425,
        -8.538333349861205e-05,
        0.024208752438426018,
        -0.017707224935293198,
        0.08229277282953262,
        0.04178624600172043
    ],
    "throttle_sequence": [
        0.75,
        0.75,
        0.75,
        0.0,
        0.0,
        0.0,
        0.75,
        0.75,
        0.75,
        0.75,
        0.75,
        0.75,
        0.75,
        0.46793287992477417,
        0.0,
        0.043684009462594986,
        0.75,
        0.75,
        0.75,
        0.75
    ],
    "brake_sequence": [
        0.0,
        0.0,
        0.0,
        0.30000001192092896,
        0.30000001192092896,
        0.30000001192092896,
        0.0,
        0.0,
        0.0,
        0.0,
        0.0,
        0.0,
        0.0,
        0.0,
        0.14890219271183014,
        0.0,
        0.0,
        0.0,
        0.0,
        0.0
    ],
    "speed_sequence": [
        5.374251842498779,
        6.060156345367432,
        6.715537071228027,
        7.1719069480896,
        7.3244309425354,
        7.078339099884033,
        6.678104400634766,
        6.3573317527771,
        6.197701930999756,
        6.1800103187561035,
        6.2610015869140625,
        6.409883975982666,
        6.603011608123779,
        6.823237895965576,
        6.995393753051758,
        6.942269325256348,
        6.739767551422119,
        6.49049186706543,
        6.369676113128662,
        6.364546775817871
    ],
    "light_sequence": [
        0.0,
        0.0,
        0.0,
        0.0,
        0.0,
        0.0,
        0.0,
        0.0,
        0.0,
        0.0,
        0.0,
        0.0,
        0.0,
        0.0,
        0.0,
        0.0,
        0.0,
        0.0,
        0.0,
        0.0
    ],
    "is_collision_event": false
}