{
    "timestamp": 156.00000232458115,
    "x": 123.51423645019531,
    "y": 129.42469787597656,
    "speed": 1.75996753555349,
    "theta": 4.71275520324707,
    "near_node_x": 117.64093780517578,
    "near_node_y": 129.42214965820312,
    "near_command": 4,
    "far_node_x": 111.64093780517578,
    "far_node_y": 129.41946411132812,
    "far_command": 4,
    "angle_near": 0.003881290494819323,
    "angle_far": 0.004278716332077033,
    "steer": 8.127337787300348e-05,
    "throttle": 0.75,
    "brake": 0.0,
    "is_red_light_present": 0,
    "vehicle_detected_flag": 1,
    "distanse": 16.195213317871094,
    "steer_sequence": [
        4.63852848042734e-05,
        0.0,
        0.0,
        0.0,
        0.0,
        0.0,
        0.0,
        0.0,
        0.0,
        0.0,
        0.0,
        -0.0012630545534193516,
        0.0010713968658819795,
        0.000333824020344764,
        -0.0008870285237208009,
        0.000918220728635788,
        0.0003486167115624994,
        0.0001785453496268019,
        0.0001298287243116647,
        9.340076212538406e-05
    ],
    "throttle_sequence": [
        0.75,
        0.0,
        0.0,
        0.0,
        0.0,
        0.0,
        0.0,
        0.0,
        0.0,
        0.0,
        0.0,
        0.75,
        0.75,
        0.75,
        0.75,
        0.75,
        0.75,
        0.75,
        0.75,
        0.75
    ],
    "brake_sequence": [
        0.0,
        0.5,
        0.5,
        0.5,
        0.5,
        0.5,
        0.5,
        0.5,
        0.5,
        0.5,
        0.5,
        0.0,
        0.0,
        0.0,
        0.0,
        0.0,
        0.0,
        0.0,
        0.0,
        0.0
    ],
    "speed_sequence": [
        3.846797466278076,
        4.067924499511719,
        4.062813758850098,
        3.703458547592163,
        3.2423877716064453,
        2.7734878063201904,
        2.3363659381866455,
        1.9555463790893555,
        1.5864410400390625,
        1.1776587963104248,
        0.0014898036606609821,
        -0.007493493612855673,
        0.059590015560388565,
        0.05424869433045387,
        0.30214205384254456,
        0.6073225736618042,
        0.803142786026001,
        0.979138195514679,
        1.218336820602417,
        1.4867894649505615
    ],
    "light_sequence": [
        0.0,
        0.0,
        0.0,
        0.0,
        0.0,
        0.0,
        0.0,
        0.0,
        0.0,
        0.0,
        0.0,
        0.0,
        0.0,
        0.0,
        0.0,
        0.0,
        0.0,
        0.0,
        0.0,
        0.0
    ],
    "is_collision_event": false
}