{
    "timestamp": 156.60000233352184,
    "x": 121.9881591796875,
    "y": 129.424072265625,
    "speed": 3.2282108373937977,
    "theta": 4.712828636169434,
    "near_node_x": 115.64095306396484,
    "near_node_y": 129.42124938964844,
    "near_command": 4,
    "far_node_x": 109.64095306396484,
    "far_node_y": 129.4185791015625,
    "far_command": 4,
    "angle_near": 0.00029716972455402833,
    "angle_far": 0.0003056598882388406,
    "steer": -3.5432349250186235e-05,
    "throttle": 0.75,
    "brake": 0.0,
    "is_red_light_present": 0,
    "vehicle_detected_flag": 1,
    "distanse": 17.49369239807129,
    "steer_sequence": [
        0.0,
        0.0,
        0.0,
        0.0,
        0.0,
        -0.0012630545534193516,
        0.0010713968658819795,
        0.000333824020344764,
        -0.0008870285237208009,
        0.000918220728635788,
        0.0003486167115624994,
        0.0001785453496268019,
        0.0001298287243116647,
        9.340076212538406e-05,
        8.127337787300348e-05,
        2.248140299343504e-05,
        -9.732426633490832e-07,
        -0.00010086640395456925,
        6.165090599097311e-05,
        4.900217754766345e-05
    ],
    "throttle_sequence": [
        0.0,
        0.0,
        0.0,
        0.0,
        0.0,
        0.75,
        0.75,
        0.75,
        0.75,
        0.75,
        0.75,
        0.75,
        0.75,
        0.75,
        0.75,
        0.75,
        0.75,
        0.75,
        0.75,
        0.75
    ],
    "brake_sequence": [
        0.5,
        0.5,
        0.5,
        0.5,
        0.5,
        0.0,
        0.0,
        0.0,
        0.0,
        0.0,
        0.0,
        0.0,
        0.0,
        0.0,
        0.0,
        0.0,
        0.0,
        0.0,
        0.0,
        0.0
    ],
    "speed_sequence": [
        2.3363659381866455,
        1.9555463790893555,
        1.5864410400390625,
        1.1776587963104248,
        0.0014898036606609821,
        -0.007493493612855673,
        0.059590015560388565,
        0.05424869433045387,
        0.30214205384254456,
        0.6073225736618042,
        0.803142786026001,
        0.979138195514679,
        1.218336820602417,
        1.4867894649505615,
        1.759967565536499,
        2.026806116104126,
        2.288027286529541,
        2.560438394546509,
        2.799870491027832,
        3.0158236026763916
    ],
    "light_sequence": [
        0.0,
        0.0,
        0.0,
        0.0,
        0.0,
        0.0,
        0.0,
        0.0,
        0.0,
        0.0,
        0.0,
        0.0,
        0.0,
        0.0,
        0.0,
        0.0,
        0.0,
        0.0,
        0.0,
        0.0
    ],
    "is_collision_event": false
}