{
    "timestamp": 154.70000230520964,
    "x": 124.5001449584961,
    "y": 129.42556762695312,
    "speed": 1.9555464318814586,
    "theta": 4.7128214836120605,
    "near_node_x": 121.64093780517578,
    "near_node_y": 129.42393493652344,
    "near_command": 4,
    "far_node_x": 115.64095306396484,
    "far_node_y": 129.42124938964844,
    "far_command": 4,
    "angle_near": 0.007956295017396205,
    "angle_far": 0.003166430969993493,
    "steer": 0.0,
    "throttle": 0.0,
    "brake": 0.5,
    "is_red_light_present": 0,
    "vehicle_detected_flag": 1,
    "distanse": 11.094232559204102,
    "steer_sequence": [
        0.0008716078591533005,
        0.0008550714701414108,
        0.0006181315402500331,
        0.000559965439606458,
        -4.270411591278389e-05,
        0.0004192714986857027,
        0.0001873179426183924,
        4.909518793283496e-06,
        0.00023468397557735443,
        7.443811773555353e-05,
        -0.00018170586554333568,
        0.00020337154273875058,
        -3.5564978588809026e-06,
        4.63852848042734e-05,
        0.0,
        0.0,
        0.0,
        0.0,
        0.0,
        0.0
    ],
    "throttle_sequence": [
        0.75,
        0.75,
        0.75,
        0.75,
        0.75,
        0.75,
        0.75,
        0.75,
        0.75,
        0.75,
        0.75,
        0.75,
        0.75,
        0.75,
        0.0,
        0.0,
        0.0,
        0.0,
        0.0,
        0.0
    ],
    "brake_sequence": [
        0.0,
        0.0,
        0.0,
        0.0,
        0.0,
        0.0,
        0.0,
        0.0,
        0.0,
        0.0,
        0.0,
        0.0,
        0.0,
        0.0,
        0.5,
        0.5,
        0.5,
        0.5,
        0.5,
        0.5
    ],
    "speed_sequence": [
        0.7705192565917969,
        0.9415770769119263,
        1.171563982963562,
        1.437225103378296,
        1.7107053995132446,
        1.9790854454040527,
        2.2406249046325684,
        2.5117433071136475,
        2.7591397762298584,
        2.9772732257843018,
        3.189579963684082,
        3.4045214653015137,
        3.624673843383789,
        3.846797466278076,
        4.067924499511719,
        4.062813758850098,
        3.703458547592163,
        3.2423877716064453,
        2.7734878063201904,
        2.3363659381866455
    ],
    "light_sequence": [
        0.0,
        0.0,
        0.0,
        0.0,
        0.0,
        0.0,
        0.0,
        0.0,
        0.0,
        0.0,
        0.0,
        0.0,
        0.0,
        0.0,
        0.0,
        0.0,
        0.0,
        0.0,
        0.0,
        0.0
    ],
    "is_collision_event": false
}