{
    "timestamp": 153.00000227987766,
    "x": 129.51499938964844,
    "y": 129.4282989501953,
    "speed": 1.4372250701320624,
    "theta": 4.712678909301758,
    "near_node_x": 125.64095306396484,
    "near_node_y": 129.42572021484375,
    "near_command": 4,
    "far_node_x": 119.64095306396484,
    "far_node_y": 129.4230499267578,
    "far_command": 4,
    "angle_near": 0.021532569022784467,
    "angle_far": 0.013852307688757198,
    "steer": 0.000559965439606458,
    "throttle": 0.75,
    "brake": 0.0,
    "is_red_light_present": 0,
    "vehicle_detected_flag": 1,
    "distanse": 13.304133415222168,
    "steer_sequence": [
        0.0,
        0.0,
        0.0,
        0.0,
        0.0,
        0.0,
        0.0,
        0.0,
        0.0,
        0.0,
        0.0,
        0.0028771969955414534,
        0.0006179976044222713,
        0.0006257478380575776,
        0.0026941930409520864,
        0.000724153418559581,
        0.000822230358608067,
        0.0008716078591533005,
        0.0008550714701414108,
        0.0006181315402500331
    ],
    "throttle_sequence": [
        0.0,
        0.0,
        0.0,
        0.0,
        0.0,
        0.0,
        0.0,
        0.0,
        0.0,
        0.0,
        0.0,
        0.75,
        0.75,
        0.75,
        0.75,
        0.75,
        0.75,
        0.75,
        0.75,
        0.75
    ],
    "brake_sequence": [
        0.5,
        0.5,
        0.5,
        0.5,
        0.5,
        0.5,
        0.5,
        0.5,
        0.5,
        0.5,
        0.5,
        0.0,
        0.0,
        0.0,
        0.0,
        0.0,
        0.0,
        0.0,
        0.0,
        0.0
    ],
    "speed_sequence": [
        0.0,
        0.0,
        0.0,
        0.0,
        0.0,
        0.0,
        0.0,
        0.0,
        0.0,
        0.0,
        0.0,
        0.0,
        -0.023182425647974014,
        0.005800427403301001,
        0.07931476086378098,
        0.20036952197551727,
        0.5676932334899902,
        0.7705192565917969,
        0.9415770769119263,
        1.171563982963562
    ],
    "light_sequence": [
        0.0,
        0.0,
        0.0,
        0.0,
        0.0,
        0.0,
        0.0,
        0.0,
        0.0,
        0.0,
        0.0,
        0.0,
        0.0,
        0.0,
        0.0,
        0.0,
        0.0,
        0.0,
        0.0,
        0.0
    ],
    "is_collision_event": false
}