{
    "timestamp": 157.70000234991312,
    "x": 117.1209945678711,
    "y": 129.4217529296875,
    "speed": 5.360110893909262,
    "theta": 4.712543487548828,
    "near_node_x": 109.64095306396484,
    "near_node_y": 129.4185791015625,
    "near_command": 4,
    "far_node_x": 102.64093780517578,
    "far_node_y": 129.4154510498047,
    "far_command": 4,
    "angle_near": 0.01546403798590062,
    "angle_far": 0.01608883542561243,
    "steer": 0.0014572408981621265,
    "throttle": 0.75,
    "brake": 0.0,
    "is_red_light_present": 0,
    "vehicle_detected_flag": 0,
    "distanse": 25,
    "steer_sequence": [
        0.0001785453496268019,
        0.0001298287243116647,
        9.340076212538406e-05,
        8.127337787300348e-05,
        2.248140299343504e-05,
        -9.732426633490832e-07,
        -0.00010086640395456925,
        6.165090599097311e-05,
        4.900217754766345e-05,
        -3.5432349250186235e-05,
        6.539413152495399e-05,
        -3.854385431623086e-05,
        -1.4662739886261988e-05,
        5.481538210005965e-06,
        -1.4642244423157535e-05,
        -8.61492424064636e-07,
        2.1722484234487638e-05,
        1.521103513368871e-05,
        6.771628250135109e-06,
        0.00020652821694966406
    ],
    "throttle_sequence": [
        0.75,
        0.75,
        0.75,
        0.75,
        0.75,
        0.75,
        0.75,
        0.75,
        0.75,
        0.75,
        0.75,
        0.75,
        0.75,
        0.75,
        0.75,
        0.75,
        0.75,
        0.75,
        0.75,
        0.75
    ],
    "brake_sequence": [
        0.0,
        0.0,
        0.0,
        0.0,
        0.0,
        0.0,
        0.0,
        0.0,
        0.0,
        0.0,
        0.0,
        0.0,
        0.0,
        0.0,
        0.0,
        0.0,
        0.0,
        0.0,
        0.0,
        0.0
    ],
    "speed_sequence": [
        0.979138195514679,
        1.218336820602417,
        1.4867894649505615,
        1.759967565536499,
        2.026806116104126,
        2.288027286529541,
        2.560438394546509,
        2.799870491027832,
        3.0158236026763916,
        3.228210926055908,
        3.444042682647705,
        3.6649117469787598,
        3.8869972229003906,
        4.107794284820557,
        4.326355934143066,
        4.542316913604736,
        4.755553722381592,
        4.966039657592773,
        5.163154602050781,
        5.336715221405029
    ],
    "light_sequence": [
        0.0,
        0.0,
        0.0,
        0.0,
        0.0,
        0.0,
        0.0,
        0.0,
        0.0,
        0.0,
        0.0,
        0.0,
        0.0,
        0.0,
        0.0,
        0.0,
        0.0,
        0.0,
        0.0,
        0.0
    ],
    "is_collision_event": false
}