{
    "timestamp": 155.90000232309103,
    "x": 123.67815399169922,
    "y": 129.42478942871094,
    "speed": 1.4867895176541048,
    "theta": 4.712738990783691,
    "near_node_x": 119.64095306396484,
    "near_node_y": 129.4230499267578,
    "near_command": 4,
    "far_node_x": 113.64095306396484,
    "far_node_y": 129.4203643798828,
    "far_command": 4,
    "angle_near": 0.004624847164315162,
    "angle_far": 0.005197604987290252,
    "steer": 9.340076212538406e-05,
    "throttle": 0.75,
    "brake": 0.0,
    "is_red_light_present": 0,
    "vehicle_detected_flag": 1,
    "distanse": 15.862975120544434,
    "steer_sequence": [
        -3.5564978588809026e-06,
        4.63852848042734e-05,
        0.0,
        0.0,
        0.0,
        0.0,
        0.0,
        0.0,
        0.0,
        0.0,
        0.0,
        0.0,
        -0.0012630545534193516,
        0.0010713968658819795,
        0.000333824020344764,
        -0.0008870285237208009,
        0.000918220728635788,
        0.0003486167115624994,
        0.0001785453496268019,
        0.0001298287243116647
    ],
    "throttle_sequence": [
        0.75,
        0.75,
        0.0,
        0.0,
        0.0,
        0.0,
        0.0,
        0.0,
        0.0,
        0.0,
        0.0,
        0.0,
        0.75,
        0.75,
        0.75,
        0.75,
        0.75,
        0.75,
        0.75,
        0.75
    ],
    "brake_sequence": [
        0.0,
        0.0,
        0.5,
        0.5,
        0.5,
        0.5,
        0.5,
        0.5,
        0.5,
        0.5,
        0.5,
        0.5,
        0.0,
        0.0,
        0.0,
        0.0,
        0.0,
        0.0,
        0.0,
        0.0
    ],
    "speed_sequence": [
        3.624673843383789,
        3.846797466278076,
        4.067924499511719,
        4.062813758850098,
        3.703458547592163,
        3.2423877716064453,
        2.7734878063201904,
        2.3363659381866455,
        1.9555463790893555,
        1.5864410400390625,
        1.1776587963104248,
        0.0014898036606609821,
        -0.007493493612855673,
        0.059590015560388565,
        0.05424869433045387,
        0.30214205384254456,
        0.6073225736618042,
        0.803142786026001,
        0.979138195514679,
        1.218336820602417
    ],
    "light_sequence": [
        0.0,
        0.0,
        0.0,
        0.0,
        0.0,
        0.0,
        0.0,
        0.0,
        0.0,
        0.0,
        0.0,
        0.0,
        0.0,
        0.0,
        0.0,
        0.0,
        0.0,
        0.0,
        0.0,
        0.0
    ],
    "is_collision_event": false
}