{
    "timestamp": 153.10000228136778,
    "x": 129.35604858398438,
    "y": 129.4281768798828,
    "speed": 1.710705405843405,
    "theta": 4.712730407714844,
    "near_node_x": 123.64093780517578,
    "near_node_y": 129.42483520507812,
    "near_command": 4,
    "far_node_x": 117.64093780517578,
    "far_node_y": 129.42214965820312,
    "far_command": 4,
    "angle_near": 0.013958342875067541,
    "angle_far": 0.009934691869080605,
    "steer": -4.270411591278389e-05,
    "throttle": 0.75,
    "brake": 0.0,
    "is_red_light_present": 0,
    "vehicle_detected_flag": 1,
    "distanse": 13.253986358642578,
    "steer_sequence": [
        0.0,
        0.0,
        0.0,
        0.0,
        0.0,
        0.0,
        0.0,
        0.0,
        0.0,
        0.0,
        0.0028771969955414534,
        0.0006179976044222713,
        0.0006257478380575776,
        0.0026941930409520864,
        0.000724153418559581,
        0.000822230358608067,
        0.0008716078591533005,
        0.0008550714701414108,
        0.0006181315402500331,
        0.000559965439606458
    ],
    "throttle_sequence": [
        0.0,
        0.0,
        0.0,
        0.0,
        0.0,
        0.0,
        0.0,
        0.0,
        0.0,
        0.0,
        0.75,
        0.75,
        0.75,
        0.75,
        0.75,
        0.75,
        0.75,
        0.75,
        0.75,
        0.75
    ],
    "brake_sequence": [
        0.5,
        0.5,
        0.5,
        0.5,
        0.5,
        0.5,
        0.5,
        0.5,
        0.5,
        0.5,
        0.0,
        0.0,
        0.0,
        0.0,
        0.0,
        0.0,
        0.0,
        0.0,
        0.0,
        0.0
    ],
    "speed_sequence": [
        0.0,
        0.0,
        0.0,
        0.0,
        0.0,
        0.0,
        0.0,
        0.0,
        0.0,
        0.0,
        0.0,
        -0.023182425647974014,
        0.005800427403301001,
        0.07931476086378098,
        0.20036952197551727,
        0.5676932334899902,
        0.7705192565917969,
        0.9415770769119263,
        1.171563982963562,
        1.437225103378296
    ],
    "light_sequence": [
        0.0,
        0.0,
        0.0,
        0.0,
        0.0,
        0.0,
        0.0,
        0.0,
        0.0,
        0.0,
        0.0,
        0.0,
        0.0,
        0.0,
        0.0,
        0.0,
        0.0,
        0.0,
        0.0,
        0.0
    ],
    "is_collision_event": false
}