{
    "timestamp": 158.50000236183405,
    "x": 111.97801208496094,
    "y": 129.41973876953125,
    "speed": 6.678104568889553,
    "theta": 4.713005065917969,
    "near_node_x": 104.64092254638672,
    "near_node_y": 129.4163360595703,
    "near_command": 4,
    "far_node_x": 99.42094421386719,
    "far_node_y": 129.41400146484375,
    "far_command": 2,
    "angle_near": -0.008721440651455217,
    "angle_far": -0.009115057975543817,
    "steer": -0.000928312714677304,
    "throttle": 0.75,
    "brake": 0.0,
    "is_red_light_present": 0,
    "vehicle_detected_flag": 0,
    "distanse": 25,
    "steer_sequence": [
        4.900217754766345e-05,
        -3.5432349250186235e-05,
        6.539413152495399e-05,
        -3.854385431623086e-05,
        -1.4662739886261988e-05,
        5.481538210005965e-06,
        -1.4642244423157535e-05,
        -8.61492424064636e-07,
        2.1722484234487638e-05,
        1.521103513368871e-05,
        6.771628250135109e-06,
        0.00020652821694966406,
        0.0014572408981621265,
        0.0002910755283664912,
        -0.00017923032282851636,
        -0.004687060602009296,
        0.0030735102482140064,
        -0.0004608314484357834,
        -0.001336500747129321,
        0.0010594022460281849
    ],
    "throttle_sequence": [
        0.75,
        0.75,
        0.75,
        0.75,
        0.75,
        0.75,
        0.75,
        0.75,
        0.75,
        0.75,
        0.75,
        0.75,
        0.75,
        0.75,
        0.75,
        0.75,
        0.75,
        0.0,
        0.0,
        0.0
    ],
    "brake_sequence": [
        0.0,
        0.0,
        0.0,
        0.0,
        0.0,
        0.0,
        0.0,
        0.0,
        0.0,
        0.0,
        0.0,
        0.0,
        0.0,
        0.0,
        0.0,
        0.0,
        0.0,
        0.30000001192092896,
        0.30000001192092896,
        0.30000001192092896
    ],
    "speed_sequence": [
        3.0158236026763916,
        3.228210926055908,
        3.444042682647705,
        3.6649117469787598,
        3.8869972229003906,
        4.107794284820557,
        4.326355934143066,
        4.542316913604736,
        4.755553722381592,
        4.966039657592773,
        5.163154602050781,
        5.336715221405029,
        5.360110759735107,
        5.377574443817139,
        5.374251842498779,
        6.060156345367432,
        6.715537071228027,
        7.1719069480896,
        7.3244309425354,
        7.078339099884033
    ],
    "light_sequence": [
        0.0,
        0.0,
        0.0,
        0.0,
        0.0,
        0.0,
        0.0,
        0.0,
        0.0,
        0.0,
        0.0,
        0.0,
        0.0,
        0.0,
        0.0,
        0.0,
        0.0,
        0.0,
        0.0,
        0.0
    ],
    "is_collision_event": false
}