{
    "timestamp": 159.5000023767352,
    "x": 105.40189361572266,
    "y": 129.41796875,
    "speed": 6.739767772220068,
    "theta": 4.713173866271973,
    "near_node_x": 97.91818237304688,
    "near_node_y": 129.38221740722656,
    "near_command": 2,
    "far_node_x": 94.0851821899414,
    "far_node_y": 127.28577423095703,
    "far_command": 2,
    "angle_near": 0.22874756315516245,
    "angle_far": 10.625113567275301,
    "steer": 0.024208752438426018,
    "throttle": 0.75,
    "brake": 0.0,
    "is_red_light_present": 0,
    "vehicle_detected_flag": 0,
    "distanse": 25,
    "steer_sequence": [
        6.771628250135109e-06,
        0.00020652821694966406,
        0.0014572408981621265,
        0.0002910755283664912,
        -0.00017923032282851636,
        -0.004687060602009296,
        0.0030735102482140064,
        -0.0004608314484357834,
        -0.001336500747129321,
        0.0010594022460281849,
        -0.000928312714677304,
        -0.0003823491861112416,
        -0.00056473194854334,
        -0.000356481148628518,
        -0.0002882454718928784,
        -0.0004767778154928237,
        -0.00013852078700438142,
        -0.0004628543683793396,
        -0.0001417059829691425,
        -8.538333349861205e-05
    ],
    "throttle_sequence": [
        0.75,
        0.75,
        0.75,
        0.75,
        0.75,
        0.75,
        0.75,
        0.0,
        0.0,
        0.0,
        0.75,
        0.75,
        0.75,
        0.75,
        0.75,
        0.75,
        0.75,
        0.46793287992477417,
        0.0,
        0.043684009462594986
    ],
    "brake_sequence": [
        0.0,
        0.0,
        0.0,
        0.0,
        0.0,
        0.0,
        0.0,
        0.30000001192092896,
        0.30000001192092896,
        0.30000001192092896,
        0.0,
        0.0,
        0.0,
        0.0,
        0.0,
        0.0,
        0.0,
        0.0,
        0.14890219271183014,
        0.0
    ],
    "speed_sequence": [
        5.163154602050781,
        5.336715221405029,
        5.360110759735107,
        5.377574443817139,
        5.374251842498779,
        6.060156345367432,
        6.715537071228027,
        7.1719069480896,
        7.3244309425354,
        7.078339099884033,
        6.678104400634766,
        6.3573317527771,
        6.197701930999756,
        6.1800103187561035,
        6.2610015869140625,
        6.409883975982666,
        6.603011608123779,
        6.823237895965576,
        6.995393753051758,
        6.942269325256348
    ],
    "light_sequence": [
        0.0,
        0.0,
        0.0,
        0.0,
        0.0,
        0.0,
        0.0,
        0.0,
        0.0,
        0.0,
        0.0,
        0.0,
        0.0,
        0.0,
        0.0,
        0.0,
        0.0,
        0.0,
        0.0,
        0.0
    ],
    "is_collision_event": false
}