{
    "timestamp": 161.10000240057707,
    "x": 95.74763488769531,
    "y": 126.49590301513672,
    "speed": 6.574832180311269,
    "theta": 5.463534832000732,
    "near_node_x": 92.38822174072266,
    "near_node_y": 119.83969116210938,
    "near_command": 2,
    "far_node_x": 92.38761138916016,
    "far_node_y": 115.83969116210938,
    "far_command": 4,
    "angle_near": 20.182281953560143,
    "angle_far": 29.461868458170894,
    "steer": 0.43282246589660645,
    "throttle": 0.0,
    "brake": 0.014627869240939617,
    "is_red_light_present": 0,
    "vehicle_detected_flag": 0,
    "distanse": 25,
    "steer_sequence": [
        -0.00013852078700438142,
        -0.0004628543683793396,
        -0.0001417059829691425,
        -8.538333349861205e-05,
        0.024208752438426018,
        -0.017707224935293198,
        0.08229277282953262,
        0.04178624600172043,
        -0.006416862830519676,
        0.0935831367969513,
        0.19358313083648682,
        0.2866954505443573,
        0.3866954445838928,
        0.2866954505443573,
        0.18669544160366058,
        0.2866954505443573,
        0.18669544160366058,
        0.2866954505443573,
        0.27593985199928284,
        0.37593984603881836
    ],
    "throttle_sequence": [
        0.75,
        0.46793287992477417,
        0.0,
        0.043684009462594986,
        0.75,
        0.75,
        0.75,
        0.75,
        0.75,
        0.75,
        0.46772369742393494,
        0.012079501524567604,
        0.32384681701660156,
        0.3511369824409485,
        0.75,
        0.75,
        0.75,
        0.75,
        0.712968647480011,
        0.10915710777044296
    ],
    "brake_sequence": [
        0.0,
        0.0,
        0.14890219271183014,
        0.0,
        0.0,
        0.0,
        0.0,
        0.0,
        0.0,
        0.0,
        0.0,
        0.0,
        0.0,
        0.0,
        0.0,
        0.0,
        0.0,
        0.0,
        0.0,
        0.0
    ],
    "speed_sequence": [
        6.603011608123779,
        6.823237895965576,
        6.995393753051758,
        6.942269325256348,
        6.739767551422119,
        6.49049186706543,
        6.369676113128662,
        6.364546775817871,
        6.467270851135254,
        6.630477428436279,
        6.8160400390625,
        6.923408031463623,
        6.809165954589844,
        6.486546039581299,
        6.332232475280762,
        6.259158134460449,
        6.19374942779541,
        6.318959712982178,
        6.411320686340332,
        6.574345588684082
    ],
    "light_sequence": [
        0.0,
        0.0,
        0.0,
        0.0,
        0.0,
        0.0,
        0.0,
        0.0,
        0.0,
        0.0,
        0.0,
        0.0,
        0.0,
        0.0,
        0.0,
        0.0,
        0.0,
        0.0,
        0.0,
        0.0
    ],
    "is_collision_event": false
}