{
    "timestamp": 162.20000241696835,
    "x": 93.57437896728516,
    "y": 119.98214721679688,
    "speed": 6.2434935222294285,
    "theta": 6.180374622344971,
    "near_node_x": 92.38715362548828,
    "near_node_y": 112.83969116210938,
    "near_command": 4,
    "far_node_x": 92.38624572753906,
    "far_node_y": 106.83969116210938,
    "far_command": 4,
    "angle_near": -3.5468382546837294,
    "angle_far": 0.7248942034359428,
    "steer": -0.06717751920223236,
    "throttle": 0.75,
    "brake": 0.0,
    "is_red_light_present": 0,
    "vehicle_detected_flag": 0,
    "distanse": 25,
    "steer_sequence": [
        0.2866954505443573,
        0.3866954445838928,
        0.2866954505443573,
        0.18669544160366058,
        0.2866954505443573,
        0.18669544160366058,
        0.2866954505443573,
        0.27593985199928284,
        0.37593984603881836,
        0.43282246589660645,
        0.3328224718570709,
        0.2328224778175354,
        0.3328224718570709,
        0.2328224778175354,
        0.13282248377799988,
        0.2328224778175354,
        0.13282248377799988,
        0.2328224778175354,
        0.13282248377799988,
        0.03282247856259346
    ],
    "throttle_sequence": [
        0.012079501524567604,
        0.32384681701660156,
        0.3511369824409485,
        0.75,
        0.75,
        0.75,
        0.75,
        0.712968647480011,
        0.10915710777044296,
        0.0,
        0.75,
        0.75,
        0.75,
        0.75,
        0.75,
        0.75,
        0.47203391790390015,
        0.0,
        0.14345397055149078,
        0.75
    ],
    "brake_sequence": [
        0.0,
        0.0,
        0.0,
        0.0,
        0.0,
        0.0,
        0.0,
        0.0,
        0.0,
        0.014627869240939617,
        0.0,
        0.0,
        0.0,
        0.0,
        0.0,
        0.0,
        0.0,
        0.2028862088918686,
        0.0,
        0.0
    ],
    "speed_sequence": [
        6.923408031463623,
        6.809165954589844,
        6.486546039581299,
        6.332232475280762,
        6.259158134460449,
        6.19374942779541,
        6.318959712982178,
        6.411320686340332,
        6.574345588684082,
        6.574831962585449,
        6.321383476257324,
        6.134241580963135,
        6.082864761352539,
        6.023684024810791,
        6.163321018218994,
        6.336679458618164,
        6.505638122558594,
        6.703674793243408,
        6.593090057373047,
        6.440191745758057
    ],
    "light_sequence": [
        0.0,
        0.0,
        0.0,
        0.0,
        0.0,
        0.0,
        0.0,
        0.0,
        0.0,
        0.0,
        0.0,
        0.0,
        0.0,
        0.0,
        0.0,
        0.0,
        0.0,
        0.0,
        0.0,
        0.0
    ],
    "is_collision_event": false
}