{
    "timestamp": 164.50000245124102,
    "x": 92.55247497558594,
    "y": 105.3576431274414,
    "speed": 6.717514515559752,
    "theta": 6.261117458343506,
    "near_node_x": 92.38502502441406,
    "near_node_y": 98.83970642089844,
    "near_command": 4,
    "far_node_x": 92.38411712646484,
    "far_node_y": 92.8396987915039,
    "far_command": 4,
    "angle_near": -0.2071590717842032,
    "angle_far": 0.4939394773442345,
    "steer": -0.02533465251326561,
    "throttle": 0.0,
    "brake": 0.16505788266658783,
    "is_red_light_present": 0,
    "vehicle_detected_flag": 1,
    "distanse": 14.022910118103027,
    "steer_sequence": [
        0.056061651557683945,
        0.054201070219278336,
        0.15320391952991486,
        0.05320391431450844,
        -0.04679608345031738,
        0.05320391431450844,
        -0.02092854306101799,
        -0.01372099481523037,
        0.01575521193444729,
        0.11068762838840485,
        0.01068762969225645,
        -0.010347445495426655,
        -0.014452535659074783,
        0.011335035786032677,
        -0.0006896112463437021,
        0.06372882425785065,
        -0.03627117723226547,
        -0.007850407622754574,
        0.07330940663814545,
        -0.026690596714615822
    ],
    "throttle_sequence": [
        0.75,
        0.6324611902236938,
        0.003595598740503192,
        0.0,
        0.5461413264274597,
        0.75,
        0.75,
        0.75,
        0.75,
        0.75,
        0.3520190417766571,
        0.0,
        0.17828206717967987,
        0.75,
        0.75,
        0.75,
        0.75,
        0.75,
        0.6003552675247192,
        0.009279617108404636
    ],
    "brake_sequence": [
        0.0,
        0.0,
        0.0,
        0.1416495144367218,
        0.0,
        0.0,
        0.0,
        0.0,
        0.0,
        0.0,
        0.0,
        0.1787111461162567,
        0.0,
        0.0,
        0.0,
        0.0,
        0.0,
        0.0,
        0.0,
        0.0
    ],
    "speed_sequence": [
        6.329089164733887,
        6.496630668640137,
        6.669095993041992,
        6.69692850112915,
        6.516534805297852,
        6.2738728523254395,
        6.141382694244385,
        6.142688751220703,
        6.2370476722717285,
        6.392950534820557,
        6.567873001098633,
        6.72129487991333,
        6.6229329109191895,
        6.4280686378479,
        6.23726749420166,
        6.172603130340576,
        6.209113121032715,
        6.329387187957764,
        6.505967140197754,
        6.666466236114502
    ],
    "light_sequence": [
        0.0,
        0.0,
        0.0,
        0.0,
        0.0,
        0.0,
        0.0,
        0.0,
        0.0,
        0.0,
        0.0,
        0.0,
        0.0,
        0.0,
        0.0,
        0.0,
        0.0,
        0.0,
        0.0,
        0.0
    ],
    "is_collision_event": false
}