{
    "timestamp": 163.00000242888927,
    "x": 92.97865295410156,
    "y": 114.89356231689453,
    "speed": 6.273872767667494,
    "theta": 6.206787109375,
    "near_node_x": 92.38624572753906,
    "near_node_y": 106.83969116210938,
    "near_command": 4,
    "far_node_x": 92.38533020019531,
    "far_node_y": 100.83969116210938,
    "far_command": 4,
    "angle_near": 0.1704991437703112,
    "angle_far": 1.9598847849148073,
    "steer": 0.05320391431450844,
    "throttle": 0.75,
    "brake": 0.0,
    "is_red_light_present": 0,
    "vehicle_detected_flag": 1,
    "distanse": 17.109172821044922,
    "steer_sequence": [
        0.37593984603881836,
        0.43282246589660645,
        0.3328224718570709,
        0.2328224778175354,
        0.3328224718570709,
        0.2328224778175354,
        0.13282248377799988,
        0.2328224778175354,
        0.13282248377799988,
        0.2328224778175354,
        0.13282248377799988,
        0.03282247856259346,
        -0.06717751920223236,
        -0.143938347697258,
        -0.043938349932432175,
        0.056061651557683945,
        0.054201070219278336,
        0.15320391952991486,
        0.05320391431450844,
        -0.04679608345031738
    ],
    "throttle_sequence": [
        0.10915710777044296,
        0.0,
        0.75,
        0.75,
        0.75,
        0.75,
        0.75,
        0.75,
        0.47203391790390015,
        0.0,
        0.14345397055149078,
        0.75,
        0.75,
        0.75,
        0.75,
        0.75,
        0.6324611902236938,
        0.003595598740503192,
        0.0,
        0.5461413264274597
    ],
    "brake_sequence": [
        0.0,
        0.014627869240939617,
        0.0,
        0.0,
        0.0,
        0.0,
        0.0,
        0.0,
        0.0,
        0.2028862088918686,
        0.0,
        0.0,
        0.0,
        0.0,
        0.0,
        0.0,
        0.0,
        0.0,
        0.1416495144367218,
        0.0
    ],
    "speed_sequence": [
        6.574345588684082,
        6.574831962585449,
        6.321383476257324,
        6.134241580963135,
        6.082864761352539,
        6.023684024810791,
        6.163321018218994,
        6.336679458618164,
        6.505638122558594,
        6.703674793243408,
        6.593090057373047,
        6.440191745758057,
        6.243493556976318,
        6.165119171142578,
        6.1642985343933105,
        6.329089164733887,
        6.496630668640137,
        6.669095993041992,
        6.69692850112915,
        6.516534805297852
    ],
    "light_sequence": [
        0.0,
        0.0,
        0.0,
        0.0,
        0.0,
        0.0,
        0.0,
        0.0,
        0.0,
        0.0,
        0.0,
        0.0,
        0.0,
        0.0,
        0.0,
        0.0,
        0.0,
        0.0,
        0.0,
        0.0
    ],
    "is_collision_event": false
}