{
    "timestamp": 163.30000243335962,
    "x": 92.84648132324219,
    "y": 113.05547332763672,
    "speed": 6.237047477345382,
    "theta": 6.208895683288574,
    "near_node_x": 92.38624572753906,
    "near_node_y": 106.83969116210938,
    "near_command": 4,
    "far_node_x": 92.38533020019531,
    "far_node_y": 100.83969116210938,
    "far_command": 4,
    "angle_near": 0.02186635371936933,
    "angle_far": 2.0945802914496476,
    "steer": 0.01575521193444729,
    "throttle": 0.75,
    "brake": 0.0,
    "is_red_light_present": 0,
    "vehicle_detected_flag": 1,
    "distanse": 17.482166290283203,
    "steer_sequence": [
        0.2328224778175354,
        0.3328224718570709,
        0.2328224778175354,
        0.13282248377799988,
        0.2328224778175354,
        0.13282248377799988,
        0.2328224778175354,
        0.13282248377799988,
        0.03282247856259346,
        -0.06717751920223236,
        -0.143938347697258,
        -0.043938349932432175,
        0.056061651557683945,
        0.054201070219278336,
        0.15320391952991486,
        0.05320391431450844,
        -0.04679608345031738,
        0.05320391431450844,
        -0.02092854306101799,
        -0.01372099481523037
    ],
    "throttle_sequence": [
        0.75,
        0.75,
        0.75,
        0.75,
        0.75,
        0.47203391790390015,
        0.0,
        0.14345397055149078,
        0.75,
        0.75,
        0.75,
        0.75,
        0.75,
        0.6324611902236938,
        0.003595598740503192,
        0.0,
        0.5461413264274597,
        0.75,
        0.75,
        0.75
    ],
    "brake_sequence": [
        0.0,
        0.0,
        0.0,
        0.0,
        0.0,
        0.0,
        0.2028862088918686,
        0.0,
        0.0,
        0.0,
        0.0,
        0.0,
        0.0,
        0.0,
        0.0,
        0.1416495144367218,
        0.0,
        0.0,
        0.0,
        0.0
    ],
    "speed_sequence": [
        6.134241580963135,
        6.082864761352539,
        6.023684024810791,
        6.163321018218994,
        6.336679458618164,
        6.505638122558594,
        6.703674793243408,
        6.593090057373047,
        6.440191745758057,
        6.243493556976318,
        6.165119171142578,
        6.1642985343933105,
        6.329089164733887,
        6.496630668640137,
        6.669095993041992,
        6.69692850112915,
        6.516534805297852,
        6.2738728523254395,
        6.141382694244385,
        6.142688751220703
    ],
    "light_sequence": [
        0.0,
        0.0,
        0.0,
        0.0,
        0.0,
        0.0,
        0.0,
        0.0,
        0.0,
        0.0,
        0.0,
        0.0,
        0.0,
        0.0,
        0.0,
        0.0,
        0.0,
        0.0,
        0.0,
        0.0
    ],
    "is_collision_event": false
}