{
    "timestamp": 162.6000024229288,
    "x": 93.21586608886719,
    "y": 117.49795532226562,
    "speed": 6.496630681082191,
    "theta": 6.135436058044434,
    "near_node_x": 92.38685607910156,
    "near_node_y": 110.83969116210938,
    "near_command": 4,
    "far_node_x": 92.38594055175781,
    "far_node_y": 104.83969116210938,
    "far_command": 4,
    "angle_near": 1.3681444884835754,
    "angle_far": 4.71425989055266,
    "steer": 0.054201070219278336,
    "throttle": 0.6324611902236938,
    "brake": 0.0,
    "is_red_light_present": 0,
    "vehicle_detected_flag": 1,
    "distanse": 17.303985595703125,
    "steer_sequence": [
        0.2866954505443573,
        0.18669544160366058,
        0.2866954505443573,
        0.27593985199928284,
        0.37593984603881836,
        0.43282246589660645,
        0.3328224718570709,
        0.2328224778175354,
        0.3328224718570709,
        0.2328224778175354,
        0.13282248377799988,
        0.2328224778175354,
        0.13282248377799988,
        0.2328224778175354,
        0.13282248377799988,
        0.03282247856259346,
        -0.06717751920223236,
        -0.143938347697258,
        -0.043938349932432175,
        0.056061651557683945
    ],
    "throttle_sequence": [
        0.75,
        0.75,
        0.75,
        0.712968647480011,
        0.10915710777044296,
        0.0,
        0.75,
        0.75,
        0.75,
        0.75,
        0.75,
        0.75,
        0.47203391790390015,
        0.0,
        0.14345397055149078,
        0.75,
        0.75,
        0.75,
        0.75,
        0.75
    ],
    "brake_sequence": [
        0.0,
        0.0,
        0.0,
        0.0,
        0.0,
        0.014627869240939617,
        0.0,
        0.0,
        0.0,
        0.0,
        0.0,
        0.0,
        0.0,
        0.2028862088918686,
        0.0,
        0.0,
        0.0,
        0.0,
        0.0,
        0.0
    ],
    "speed_sequence": [
        6.259158134460449,
        6.19374942779541,
        6.318959712982178,
        6.411320686340332,
        6.574345588684082,
        6.574831962585449,
        6.321383476257324,
        6.134241580963135,
        6.082864761352539,
        6.023684024810791,
        6.163321018218994,
        6.336679458618164,
        6.505638122558594,
        6.703674793243408,
        6.593090057373047,
        6.440191745758057,
        6.243493556976318,
        6.165119171142578,
        6.1642985343933105,
        6.329089164733887
    ],
    "light_sequence": [
        0.0,
        0.0,
        0.0,
        0.0,
        0.0,
        0.0,
        0.0,
        0.0,
        0.0,
        0.0,
        0.0,
        0.0,
        0.0,
        0.0,
        0.0,
        0.0,
        0.0,
        0.0,
        0.0,
        0.0
    ],
    "is_collision_event": false
}