{
    "timestamp": 165.7000024691224,
    "x": 92.45624542236328,
    "y": 98.86146545410156,
    "speed": 2.6172478386969193,
    "theta": 6.272879123687744,
    "near_node_x": 92.3844223022461,
    "near_node_y": 94.83970642089844,
    "near_command": 4,
    "far_node_x": 92.38350677490234,
    "far_node_y": 88.83970642089844,
    "far_command": 4,
    "angle_near": -0.43224020860628504,
    "angle_far": 0.17502576935309824,
    "steer": 0.0,
    "throttle": 0.0,
    "brake": 0.5,
    "is_red_light_present": 0,
    "vehicle_detected_flag": 1,
    "distanse": 9.06430435180664,
    "steer_sequence": [
        -0.014452535659074783,
        0.011335035786032677,
        -0.0006896112463437021,
        0.06372882425785065,
        -0.03627117723226547,
        -0.007850407622754574,
        0.07330940663814545,
        -0.026690596714615822,
        -0.02533465251326561,
        0.0655001848936081,
        -0.019836289808154106,
        -0.015558118931949139,
        0.047913771122694016,
        0.0,
        0.0,
        0.0,
        0.0,
        0.0,
        0.0,
        0.0
    ],
    "throttle_sequence": [
        0.17828206717967987,
        0.75,
        0.75,
        0.75,
        0.75,
        0.75,
        0.6003552675247192,
        0.009279617108404636,
        0.0,
        0.5869665741920471,
        0.75,
        0.75,
        0.75,
        0.0,
        0.0,
        0.0,
        0.0,
        0.0,
        0.0,
        0.0
    ],
    "brake_sequence": [
        0.0,
        0.0,
        0.0,
        0.0,
        0.0,
        0.0,
        0.0,
        0.0,
        0.16505788266658783,
        0.0,
        0.0,
        0.0,
        0.0,
        0.5,
        0.5,
        0.5,
        0.5,
        0.5,
        0.5,
        0.5
    ],
    "speed_sequence": [
        6.6229329109191895,
        6.4280686378479,
        6.23726749420166,
        6.172603130340576,
        6.209113121032715,
        6.329387187957764,
        6.505967140197754,
        6.666466236114502,
        6.717514514923096,
        6.508857727050781,
        6.254114151000977,
        6.128660678863525,
        6.1334309577941895,
        6.222377300262451,
        6.192428112030029,
        5.891361236572266,
        5.589857578277588,
        4.790574073791504,
        3.877312183380127,
        3.1721200942993164
    ],
    "light_sequence": [
        0.0,
        0.0,
        0.0,
        0.0,
        0.0,
        0.0,
        0.0,
        0.0,
        0.0,
        0.0,
        0.0,
        0.0,
        0.0,
        0.0,
        0.0,
        0.0,
        0.0,
        0.0,
        0.0,
        0.0
    ],
    "is_collision_event": false
}