{
    "timestamp": 164.10000244528055,
    "x": 92.62399291992188,
    "y": 107.94710540771484,
    "speed": 6.209113323863246,
    "theta": 6.249126434326172,
    "near_node_x": 92.38533020019531,
    "near_node_y": 100.83969116210938,
    "near_command": 4,
    "far_node_x": 92.3844223022461,
    "far_node_y": 94.83970642089844,
    "far_command": 4,
    "angle_near": 0.02810426967375562,
    "angle_far": 0.9042320329827961,
    "steer": -0.03627117723226547,
    "throttle": 0.75,
    "brake": 0.0,
    "is_red_light_present": 0,
    "vehicle_detected_flag": 1,
    "distanse": 16.381319046020508,
    "steer_sequence": [
        0.03282247856259346,
        -0.06717751920223236,
        -0.143938347697258,
        -0.043938349932432175,
        0.056061651557683945,
        0.054201070219278336,
        0.15320391952991486,
        0.05320391431450844,
        -0.04679608345031738,
        0.05320391431450844,
        -0.02092854306101799,
        -0.01372099481523037,
        0.01575521193444729,
        0.11068762838840485,
        0.01068762969225645,
        -0.010347445495426655,
        -0.014452535659074783,
        0.011335035786032677,
        -0.0006896112463437021,
        0.06372882425785065
    ],
    "throttle_sequence": [
        0.75,
        0.75,
        0.75,
        0.75,
        0.75,
        0.6324611902236938,
        0.003595598740503192,
        0.0,
        0.5461413264274597,
        0.75,
        0.75,
        0.75,
        0.75,
        0.75,
        0.3520190417766571,
        0.0,
        0.17828206717967987,
        0.75,
        0.75,
        0.75
    ],
    "brake_sequence": [
        0.0,
        0.0,
        0.0,
        0.0,
        0.0,
        0.0,
        0.0,
        0.1416495144367218,
        0.0,
        0.0,
        0.0,
        0.0,
        0.0,
        0.0,
        0.0,
        0.1787111461162567,
        0.0,
        0.0,
        0.0,
        0.0
    ],
    "speed_sequence": [
        6.440191745758057,
        6.243493556976318,
        6.165119171142578,
        6.1642985343933105,
        6.329089164733887,
        6.496630668640137,
        6.669095993041992,
        6.69692850112915,
        6.516534805297852,
        6.2738728523254395,
        6.141382694244385,
        6.142688751220703,
        6.2370476722717285,
        6.392950534820557,
        6.567873001098633,
        6.72129487991333,
        6.6229329109191895,
        6.4280686378479,
        6.23726749420166,
        6.172603130340576
    ],
    "light_sequence": [
        0.0,
        0.0,
        0.0,
        0.0,
        0.0,
        0.0,
        0.0,
        0.0,
        0.0,
        0.0,
        0.0,
        0.0,
        0.0,
        0.0,
        0.0,
        0.0,
        0.0,
        0.0,
        0.0,
        0.0
    ],
    "is_collision_event": false
}