{
    "timestamp": 166.60000248253345,
    "x": 92.44940948486328,
    "y": 98.18492126464844,
    "speed": -0.0008727408695536508,
    "theta": 6.2731194496154785,
    "near_node_x": 92.3844223022461,
    "near_node_y": 94.83970642089844,
    "near_command": 4,
    "far_node_x": 92.38350677490234,
    "far_node_y": 88.83970642089844,
    "far_command": 4,
    "angle_near": -0.5363806217325554,
    "angle_far": 0.17251454562152857,
    "steer": 0.0,
    "throttle": 0.0,
    "brake": 0.5,
    "is_red_light_present": 0,
    "vehicle_detected_flag": 1,
    "distanse": 9.044873237609863,
    "steer_sequence": [
        0.0655001848936081,
        -0.019836289808154106,
        -0.015558118931949139,
        0.047913771122694016,
        0.0,
        0.0,
        0.0,
        0.0,
        0.0,
        0.0,
        0.0,
        0.0,
        0.0,
        0.0,
        0.0,
        0.0,
        0.0,
        0.0,
        0.0,
        0.0
    ],
    "throttle_sequence": [
        0.5869665741920471,
        0.75,
        0.75,
        0.75,
        0.0,
        0.0,
        0.0,
        0.0,
        0.0,
        0.0,
        0.0,
        0.0,
        0.0,
        0.0,
        0.0,
        0.0,
        0.0,
        0.0,
        0.0,
        0.0
    ],
    "brake_sequence": [
        0.0,
        0.0,
        0.0,
        0.0,
        0.5,
        0.5,
        0.5,
        0.5,
        0.5,
        0.5,
        0.5,
        0.5,
        0.5,
        0.5,
        0.5,
        0.5,
        0.5,
        0.5,
        0.5,
        0.5
    ],
    "speed_sequence": [
        6.508857727050781,
        6.254114151000977,
        6.128660678863525,
        6.1334309577941895,
        6.222377300262451,
        6.192428112030029,
        5.891361236572266,
        5.589857578277588,
        4.790574073791504,
        3.877312183380127,
        3.1721200942993164,
        2.6172478199005127,
        2.1662840843200684,
        1.7920078039169312,
        1.4276069402694702,
        0.021326545625925064,
        -0.006453051697462797,
        -0.007273546885699034,
        -0.004463934805244207,
        -0.0021497977431863546
    ],
    "light_sequence": [
        0.0,
        0.0,
        0.0,
        0.0,
        0.0,
        0.0,
        0.0,
        0.0,
        0.0,
        0.0,
        0.0,
        0.0,
        0.0,
        0.0,
        0.0,
        0.0,
        0.0,
        0.0,
        0.0,
        0.0
    ],
    "is_collision_event": false
}