{
    "timestamp": 161.50000240653753,
    "x": 94.48860168457031,
    "y": 124.35247039794922,
    "speed": 6.023684244810678,
    "theta": 5.82019567489624,
    "near_node_x": 92.3879165649414,
    "near_node_y": 117.83969116210938,
    "near_command": 4,
    "far_node_x": 92.38685607910156,
    "far_node_y": 110.83969116210938,
    "far_command": 4,
    "angle_near": 8.650316864252632,
    "angle_far": 17.6865173363404,
    "steer": 0.2328224778175354,
    "throttle": 0.75,
    "brake": 0.0,
    "is_red_light_present": 0,
    "vehicle_detected_flag": 0,
    "distanse": 25,
    "steer_sequence": [
        0.024208752438426018,
        -0.017707224935293198,
        0.08229277282953262,
        0.04178624600172043,
        -0.006416862830519676,
        0.0935831367969513,
        0.19358313083648682,
        0.2866954505443573,
        0.3866954445838928,
        0.2866954505443573,
        0.18669544160366058,
        0.2866954505443573,
        0.18669544160366058,
        0.2866954505443573,
        0.27593985199928284,
        0.37593984603881836,
        0.43282246589660645,
        0.3328224718570709,
        0.2328224778175354,
        0.3328224718570709
    ],
    "throttle_sequence": [
        0.75,
        0.75,
        0.75,
        0.75,
        0.75,
        0.75,
        0.46772369742393494,
        0.012079501524567604,
        0.32384681701660156,
        0.3511369824409485,
        0.75,
        0.75,
        0.75,
        0.75,
        0.712968647480011,
        0.10915710777044296,
        0.0,
        0.75,
        0.75,
        0.75
    ],
    "brake_sequence": [
        0.0,
        0.0,
        0.0,
        0.0,
        0.0,
        0.0,
        0.0,
        0.0,
        0.0,
        0.0,
        0.0,
        0.0,
        0.0,
        0.0,
        0.0,
        0.0,
        0.014627869240939617,
        0.0,
        0.0,
        0.0
    ],
    "speed_sequence": [
        6.739767551422119,
        6.49049186706543,
        6.369676113128662,
        6.364546775817871,
        6.467270851135254,
        6.630477428436279,
        6.8160400390625,
        6.923408031463623,
        6.809165954589844,
        6.486546039581299,
        6.332232475280762,
        6.259158134460449,
        6.19374942779541,
        6.318959712982178,
        6.411320686340332,
        6.574345588684082,
        6.574831962585449,
        6.321383476257324,
        6.134241580963135,
        6.082864761352539
    ],
    "light_sequence": [
        0.0,
        0.0,
        0.0,
        0.0,
        0.0,
        0.0,
        0.0,
        0.0,
        0.0,
        0.0,
        0.0,
        0.0,
        0.0,
        0.0,
        0.0,
        0.0,
        0.0,
        0.0,
        0.0,
        0.0
    ],
    "is_collision_event": false
}