{
    "timestamp": 163.90000244230032,
    "x": 92.66536712646484,
    "y": 109.17842864990234,
    "speed": 6.2372672566294085,
    "theta": 6.2392377853393555,
    "near_node_x": 92.38563537597656,
    "near_node_y": 102.83969116210938,
    "near_command": 4,
    "far_node_x": 92.38472747802734,
    "far_node_y": 96.83970642089844,
    "far_command": 4,
    "angle_near": -0.008907800092654655,
    "angle_far": 1.2149984149988058,
    "steer": -0.0006896112463437021,
    "throttle": 0.75,
    "brake": 0.0,
    "is_red_light_present": 0,
    "vehicle_detected_flag": 1,
    "distanse": 17.53072166442871,
    "steer_sequence": [
        0.2328224778175354,
        0.13282248377799988,
        0.03282247856259346,
        -0.06717751920223236,
        -0.143938347697258,
        -0.043938349932432175,
        0.056061651557683945,
        0.054201070219278336,
        0.15320391952991486,
        0.05320391431450844,
        -0.04679608345031738,
        0.05320391431450844,
        -0.02092854306101799,
        -0.01372099481523037,
        0.01575521193444729,
        0.11068762838840485,
        0.01068762969225645,
        -0.010347445495426655,
        -0.014452535659074783,
        0.011335035786032677
    ],
    "throttle_sequence": [
        0.0,
        0.14345397055149078,
        0.75,
        0.75,
        0.75,
        0.75,
        0.75,
        0.6324611902236938,
        0.003595598740503192,
        0.0,
        0.5461413264274597,
        0.75,
        0.75,
        0.75,
        0.75,
        0.75,
        0.3520190417766571,
        0.0,
        0.17828206717967987,
        0.75
    ],
    "brake_sequence": [
        0.2028862088918686,
        0.0,
        0.0,
        0.0,
        0.0,
        0.0,
        0.0,
        0.0,
        0.0,
        0.1416495144367218,
        0.0,
        0.0,
        0.0,
        0.0,
        0.0,
        0.0,
        0.0,
        0.1787111461162567,
        0.0,
        0.0
    ],
    "speed_sequence": [
        6.703674793243408,
        6.593090057373047,
        6.440191745758057,
        6.243493556976318,
        6.165119171142578,
        6.1642985343933105,
        6.329089164733887,
        6.496630668640137,
        6.669095993041992,
        6.69692850112915,
        6.516534805297852,
        6.2738728523254395,
        6.141382694244385,
        6.142688751220703,
        6.2370476722717285,
        6.392950534820557,
        6.567873001098633,
        6.72129487991333,
        6.6229329109191895,
        6.4280686378479
    ],
    "light_sequence": [
        0.0,
        0.0,
        0.0,
        0.0,
        0.0,
        0.0,
        0.0,
        0.0,
        0.0,
        0.0,
        0.0,
        0.0,
        0.0,
        0.0,
        0.0,
        0.0,
        0.0,
        0.0,
        0.0,
        0.0
    ],
    "is_collision_event": false
}