{
    "timestamp": 161.80000241100788,
    "x": 93.93928527832031,
    "y": 122.56303405761719,
    "speed": 6.505637951384638,
    "theta": 6.003892421722412,
    "near_node_x": 92.38761138916016,
    "near_node_y": 115.83969116210938,
    "near_command": 4,
    "far_node_x": 92.38655090332031,
    "far_node_y": 108.83969116210938,
    "far_command": 4,
    "angle_near": 3.0066073268235547,
    "angle_far": 9.546996200260034,
    "steer": 0.13282248377799988,
    "throttle": 0.47203391790390015,
    "brake": 0.0,
    "is_red_light_present": 0,
    "vehicle_detected_flag": 0,
    "distanse": 25,
    "steer_sequence": [
        0.04178624600172043,
        -0.006416862830519676,
        0.0935831367969513,
        0.19358313083648682,
        0.2866954505443573,
        0.3866954445838928,
        0.2866954505443573,
        0.18669544160366058,
        0.2866954505443573,
        0.18669544160366058,
        0.2866954505443573,
        0.27593985199928284,
        0.37593984603881836,
        0.43282246589660645,
        0.3328224718570709,
        0.2328224778175354,
        0.3328224718570709,
        0.2328224778175354,
        0.13282248377799988,
        0.2328224778175354
    ],
    "throttle_sequence": [
        0.75,
        0.75,
        0.75,
        0.46772369742393494,
        0.012079501524567604,
        0.32384681701660156,
        0.3511369824409485,
        0.75,
        0.75,
        0.75,
        0.75,
        0.712968647480011,
        0.10915710777044296,
        0.0,
        0.75,
        0.75,
        0.75,
        0.75,
        0.75,
        0.75
    ],
    "brake_sequence": [
        0.0,
        0.0,
        0.0,
        0.0,
        0.0,
        0.0,
        0.0,
        0.0,
        0.0,
        0.0,
        0.0,
        0.0,
        0.0,
        0.014627869240939617,
        0.0,
        0.0,
        0.0,
        0.0,
        0.0,
        0.0
    ],
    "speed_sequence": [
        6.364546775817871,
        6.467270851135254,
        6.630477428436279,
        6.8160400390625,
        6.923408031463623,
        6.809165954589844,
        6.486546039581299,
        6.332232475280762,
        6.259158134460449,
        6.19374942779541,
        6.318959712982178,
        6.411320686340332,
        6.574345588684082,
        6.574831962585449,
        6.321383476257324,
        6.134241580963135,
        6.082864761352539,
        6.023684024810791,
        6.163321018218994,
        6.336679458618164
    ],
    "light_sequence": [
        0.0,
        0.0,
        0.0,
        0.0,
        0.0,
        0.0,
        0.0,
        0.0,
        0.0,
        0.0,
        0.0,
        0.0,
        0.0,
        0.0,
        0.0,
        0.0,
        0.0,
        0.0,
        0.0,
        0.0
    ],
    "is_collision_event": false
}