{
    "timestamp": 184.10000274330378,
    "x": 92.43708038330078,
    "y": 97.17466735839844,
    "speed": 2.2394962388919355,
    "theta": 6.272007942199707,
    "near_node_x": 92.38411712646484,
    "near_node_y": 92.8396987915039,
    "near_command": 4,
    "far_node_x": 92.3832015991211,
    "far_node_y": 86.83970642089844,
    "far_command": 4,
    "angle_near": -0.05955827223395899,
    "angle_far": 0.3417335851220386,
    "steer": -0.0013598394580185413,
    "throttle": 0.75,
    "brake": 0.0,
    "is_red_light_present": 0,
    "vehicle_detected_flag": 1,
    "distanse": 15.097475051879883,
    "steer_sequence": [
        0.0,
        0.0,
        0.0,
        0.0,
        0.0,
        0.0,
        0.0,
        0.0,
        -0.052086230367422104,
        -0.01826396770775318,
        -0.018345048651099205,
        -0.017812397330999374,
        -0.01741201803088188,
        -0.016000641509890556,
        0.03010660782456398,
        -0.009134475141763687,
        -0.002985880011692643,
        -0.002301181200891733,
        -0.0021760857198387384,
        -0.0016829899977892637
    ],
    "throttle_sequence": [
        0.0,
        0.0,
        0.0,
        0.0,
        0.0,
        0.0,
        0.0,
        0.0,
        0.75,
        0.75,
        0.75,
        0.75,
        0.75,
        0.75,
        0.75,
        0.75,
        0.75,
        0.75,
        0.75,
        0.75
    ],
    "brake_sequence": [
        0.5,
        0.5,
        0.5,
        0.5,
        0.5,
        0.5,
        0.5,
        0.5,
        0.0,
        0.0,
        0.0,
        0.0,
        0.0,
        0.0,
        0.0,
        0.0,
        0.0,
        0.0,
        0.0,
        0.0
    ],
    "speed_sequence": [
        0.0,
        0.0,
        0.0,
        0.0,
        0.0,
        0.0,
        0.0,
        0.0,
        0.0,
        -0.02339237928390503,
        0.007714113220572472,
        0.029158208519220352,
        0.262380450963974,
        0.5184417963027954,
        0.7804869413375854,
        0.9412170648574829,
        1.1703829765319824,
        1.4360315799713135,
        1.7095171213150024,
        1.9779375791549683
    ],
    "light_sequence": [
        0.0,
        0.0,
        0.0,
        0.0,
        0.0,
        0.0,
        0.0,
        0.0,
        0.0,
        0.0,
        0.0,
        0.0,
        0.0,
        0.0,
        0.0,
        0.0,
        0.0,
        0.0,
        0.0,
        0.0
    ],
    "is_collision_event": false
}