{
    "timestamp": 184.60000275075436,
    "x": 92.4255142211914,
    "y": 95.74380493164062,
    "speed": 3.4028015057025236,
    "theta": 6.274089813232422,
    "near_node_x": 92.3838119506836,
    "near_node_y": 90.83970642089844,
    "near_command": 4,
    "far_node_x": 92.38290405273438,
    "far_node_y": 84.83970642089844,
    "far_command": 4,
    "angle_near": 0.03400134503349712,
    "angle_far": 0.2973126555182626,
    "steer": 0.00022140030341688544,
    "throttle": 0.75,
    "brake": 0.0,
    "is_red_light_present": 0,
    "vehicle_detected_flag": 1,
    "distanse": 16.106281280517578,
    "steer_sequence": [
        0.0,
        0.0,
        0.0,
        -0.052086230367422104,
        -0.01826396770775318,
        -0.018345048651099205,
        -0.017812397330999374,
        -0.01741201803088188,
        -0.016000641509890556,
        0.03010660782456398,
        -0.009134475141763687,
        -0.002985880011692643,
        -0.002301181200891733,
        -0.0021760857198387384,
        -0.0016829899977892637,
        -0.0013598394580185413,
        0.02256893739104271,
        -0.009493433870375156,
        0.004077140707522631,
        0.0008190248045139015
    ],
    "throttle_sequence": [
        0.0,
        0.0,
        0.0,
        0.75,
        0.75,
        0.75,
        0.75,
        0.75,
        0.75,
        0.75,
        0.75,
        0.75,
        0.75,
        0.75,
        0.75,
        0.75,
        0.75,
        0.75,
        0.75,
        0.75
    ],
    "brake_sequence": [
        0.5,
        0.5,
        0.5,
        0.0,
        0.0,
        0.0,
        0.0,
        0.0,
        0.0,
        0.0,
        0.0,
        0.0,
        0.0,
        0.0,
        0.0,
        0.0,
        0.0,
        0.0,
        0.0,
        0.0
    ],
    "speed_sequence": [
        0.0,
        0.0,
        0.0,
        0.0,
        -0.02339237928390503,
        0.007714113220572472,
        0.029158208519220352,
        0.262380450963974,
        0.5184417963027954,
        0.7804869413375854,
        0.9412170648574829,
        1.1703829765319824,
        1.4360315799713135,
        1.7095171213150024,
        1.9779375791549683,
        2.2394962310791016,
        2.510589361190796,
        2.7571887969970703,
        2.9752566814422607,
        3.1877596378326416
    ],
    "light_sequence": [
        0.0,
        0.0,
        0.0,
        0.0,
        0.0,
        0.0,
        0.0,
        0.0,
        0.0,
        0.0,
        0.0,
        0.0,
        0.0,
        0.0,
        0.0,
        0.0,
        0.0,
        0.0,
        0.0,
        0.0
    ],
    "is_collision_event": false
}