{
    "timestamp": 183.50000273436308,
    "x": 92.44658660888672,
    "y": 98.05569458007812,
    "speed": 0.7804869502744345,
    "theta": 6.2720723152160645,
    "near_node_x": 92.38411712646484,
    "near_node_y": 92.8396987915039,
    "near_command": 4,
    "far_node_x": 92.3832015991211,
    "far_node_y": 86.83970642089844,
    "far_command": 4,
    "angle_near": -0.04904188934927886,
    "angle_far": 0.31333672199472024,
    "steer": 0.03010660782456398,
    "throttle": 0.75,
    "brake": 0.0,
    "is_red_light_present": 0,
    "vehicle_detected_flag": 1,
    "distanse": 13.64819622039795,
    "steer_sequence": [
        0.0,
        0.0,
        0.0,
        0.0,
        0.0,
        0.0,
        0.0,
        0.0,
        0.0,
        0.0,
        0.0,
        0.0,
        0.0,
        0.0,
        -0.052086230367422104,
        -0.01826396770775318,
        -0.018345048651099205,
        -0.017812397330999374,
        -0.01741201803088188,
        -0.016000641509890556
    ],
    "throttle_sequence": [
        0.0,
        0.0,
        0.0,
        0.0,
        0.0,
        0.0,
        0.0,
        0.0,
        0.0,
        0.0,
        0.0,
        0.0,
        0.0,
        0.0,
        0.75,
        0.75,
        0.75,
        0.75,
        0.75,
        0.75
    ],
    "brake_sequence": [
        0.5,
        0.5,
        0.5,
        0.5,
        0.5,
        0.5,
        0.5,
        0.5,
        0.5,
        0.5,
        0.5,
        0.5,
        0.5,
        0.5,
        0.0,
        0.0,
        0.0,
        0.0,
        0.0,
        0.0
    ],
    "speed_sequence": [
        0.0,
        0.0,
        0.0,
        0.0,
        0.0,
        0.0,
        0.0,
        0.0,
        0.0,
        0.0,
        0.0,
        0.0,
        0.0,
        0.0,
        0.0,
        -0.02339237928390503,
        0.007714113220572472,
        0.029158208519220352,
        0.262380450963974,
        0.5184417963027954
    ],
    "light_sequence": [
        0.0,
        0.0,
        0.0,
        0.0,
        0.0,
        0.0,
        0.0,
        0.0,
        0.0,
        0.0,
        0.0,
        0.0,
        0.0,
        0.0,
        0.0,
        0.0,
        0.0,
        0.0,
        0.0,
        0.0
    ],
    "is_collision_event": false
}