{
    "timestamp": 184.00000274181366,
    "x": 92.43966674804688,
    "y": 97.38687133789062,
    "speed": 1.977937602146886,
    "theta": 6.272196292877197,
    "near_node_x": 92.38411712646484,
    "near_node_y": 92.8396987915039,
    "near_command": 4,
    "far_node_x": 92.3832015991211,
    "far_node_y": 86.83970642089844,
    "far_command": 4,
    "angle_near": -0.07045533039151752,
    "angle_far": 0.32271733176727024,
    "steer": -0.0016829899977892637,
    "throttle": 0.75,
    "brake": 0.0,
    "is_red_light_present": 0,
    "vehicle_detected_flag": 1,
    "distanse": 14.90320873260498,
    "steer_sequence": [
        0.0,
        0.0,
        0.0,
        0.0,
        0.0,
        0.0,
        0.0,
        0.0,
        0.0,
        -0.052086230367422104,
        -0.01826396770775318,
        -0.018345048651099205,
        -0.017812397330999374,
        -0.01741201803088188,
        -0.016000641509890556,
        0.03010660782456398,
        -0.009134475141763687,
        -0.002985880011692643,
        -0.002301181200891733,
        -0.0021760857198387384
    ],
    "throttle_sequence": [
        0.0,
        0.0,
        0.0,
        0.0,
        0.0,
        0.0,
        0.0,
        0.0,
        0.0,
        0.75,
        0.75,
        0.75,
        0.75,
        0.75,
        0.75,
        0.75,
        0.75,
        0.75,
        0.75,
        0.75
    ],
    "brake_sequence": [
        0.5,
        0.5,
        0.5,
        0.5,
        0.5,
        0.5,
        0.5,
        0.5,
        0.5,
        0.0,
        0.0,
        0.0,
        0.0,
        0.0,
        0.0,
        0.0,
        0.0,
        0.0,
        0.0,
        0.0
    ],
    "speed_sequence": [
        0.0,
        0.0,
        0.0,
        0.0,
        0.0,
        0.0,
        0.0,
        0.0,
        0.0,
        0.0,
        -0.02339237928390503,
        0.007714113220572472,
        0.029158208519220352,
        0.262380450963974,
        0.5184417963027954,
        0.7804869413375854,
        0.9412170648574829,
        1.1703829765319824,
        1.4360315799713135,
        1.7095171213150024
    ],
    "light_sequence": [
        0.0,
        0.0,
        0.0,
        0.0,
        0.0,
        0.0,
        0.0,
        0.0,
        0.0,
        0.0,
        0.0,
        0.0,
        0.0,
        0.0,
        0.0,
        0.0,
        0.0,
        0.0,
        0.0,
        0.0
    ],
    "is_collision_event": false
}