{
    "timestamp": 185.90000277012587,
    "x": 92.39949798583984,
    "y": 89.63703918457031,
    "speed": 5.972509135335821,
    "theta": 6.280921459197998,
    "near_node_x": 92.3824462890625,
    "near_node_y": 81.8396987915039,
    "near_command": 4,
    "far_node_x": 92.38153076171875,
    "far_node_y": 75.8396987915039,
    "far_command": 4,
    "angle_near": 0.005789803402568104,
    "angle_far": 0.05647560679071503,
    "steer": -0.003096486907452345,
    "throttle": 0.75,
    "brake": 0.0,
    "is_red_light_present": 0,
    "vehicle_detected_flag": 1,
    "distanse": 16.536121368408203,
    "steer_sequence": [
        -0.0021760857198387384,
        -0.0016829899977892637,
        -0.0013598394580185413,
        0.02256893739104271,
        -0.009493433870375156,
        0.004077140707522631,
        0.0008190248045139015,
        0.00022140030341688544,
        0.016051145270466805,
        -0.007827205583453178,
        0.0038911181036382914,
        0.0013445955701172352,
        0.00975461583584547,
        -0.005411024205386639,
        0.002854415914043784,
        0.007849096320569515,
        -0.004550776444375515,
        0.0008934010402299464,
        0.0032117373775690794,
        0.0020909938029944897
    ],
    "throttle_sequence": [
        0.75,
        0.75,
        0.75,
        0.75,
        0.75,
        0.75,
        0.75,
        0.75,
        0.75,
        0.75,
        0.75,
        0.75,
        0.75,
        0.75,
        0.75,
        0.75,
        0.75,
        0.75,
        0.75,
        0.75
    ],
    "brake_sequence": [
        0.0,
        0.0,
        0.0,
        0.0,
        0.0,
        0.0,
        0.0,
        0.0,
        0.0,
        0.0,
        0.0,
        0.0,
        0.0,
        0.0,
        0.0,
        0.0,
        0.0,
        0.0,
        0.0,
        0.0
    ],
    "speed_sequence": [
        1.7095171213150024,
        1.9779375791549683,
        2.2394962310791016,
        2.510589361190796,
        2.7571887969970703,
        2.9752566814422607,
        3.1877596378326416,
        3.402801513671875,
        3.6229770183563232,
        3.8444623947143555,
        4.065426826477051,
        4.284597396850586,
        4.5012006759643555,
        4.71475887298584,
        4.925663948059082,
        5.132610321044922,
        5.275869369506836,
        5.245885848999023,
        5.276652812957764,
        5.274425029754639
    ],
    "light_sequence": [
        0.0,
        0.0,
        0.0,
        0.0,
        0.0,
        0.0,
        0.0,
        0.0,
        0.0,
        0.0,
        0.0,
        0.0,
        0.0,
        0.0,
        0.0,
        0.0,
        0.0,
        0.0,
        0.0,
        0.0
    ],
    "is_collision_event": false
}