{
    "timestamp": 183.7000027373433,
    "x": 92.4455337524414,
    "y": 97.86322784423828,
    "speed": 1.1703829699544819,
    "theta": 6.2728447914123535,
    "near_node_x": 92.38411712646484,
    "near_node_y": 92.8396987915039,
    "near_command": 4,
    "far_node_x": 92.3832015991211,
    "far_node_y": 86.83970642089844,
    "far_command": 4,
    "angle_near": -0.10793683152625123,
    "angle_far": 0.2685408863595602,
    "steer": -0.002985880011692643,
    "throttle": 0.75,
    "brake": 0.0,
    "is_red_light_present": 0,
    "vehicle_detected_flag": 1,
    "distanse": 14.245808601379395,
    "steer_sequence": [
        0.0,
        0.0,
        0.0,
        0.0,
        0.0,
        0.0,
        0.0,
        0.0,
        0.0,
        0.0,
        0.0,
        0.0,
        -0.052086230367422104,
        -0.01826396770775318,
        -0.018345048651099205,
        -0.017812397330999374,
        -0.01741201803088188,
        -0.016000641509890556,
        0.03010660782456398,
        -0.009134475141763687
    ],
    "throttle_sequence": [
        0.0,
        0.0,
        0.0,
        0.0,
        0.0,
        0.0,
        0.0,
        0.0,
        0.0,
        0.0,
        0.0,
        0.0,
        0.75,
        0.75,
        0.75,
        0.75,
        0.75,
        0.75,
        0.75,
        0.75
    ],
    "brake_sequence": [
        0.5,
        0.5,
        0.5,
        0.5,
        0.5,
        0.5,
        0.5,
        0.5,
        0.5,
        0.5,
        0.5,
        0.5,
        0.0,
        0.0,
        0.0,
        0.0,
        0.0,
        0.0,
        0.0,
        0.0
    ],
    "speed_sequence": [
        0.0,
        0.0,
        0.0,
        0.0,
        0.0,
        0.0,
        0.0,
        0.0,
        0.0,
        0.0,
        0.0,
        0.0,
        0.0,
        -0.02339237928390503,
        0.007714113220572472,
        0.029158208519220352,
        0.262380450963974,
        0.5184417963027954,
        0.7804869413375854,
        0.9412170648574829
    ],
    "light_sequence": [
        0.0,
        0.0,
        0.0,
        0.0,
        0.0,
        0.0,
        0.0,
        0.0,
        0.0,
        0.0,
        0.0,
        0.0,
        0.0,
        0.0,
        0.0,
        0.0,
        0.0,
        0.0,
        0.0,
        0.0
    ],
    "is_collision_event": false
}