{
    "timestamp": 185.40000276267529,
    "x": 92.40701293945312,
    "y": 92.31246185302734,
    "speed": 5.13261038707004,
    "theta": 6.278040885925293,
    "near_node_x": 92.38290405273438,
    "near_node_y": 84.83970642089844,
    "near_command": 4,
    "far_node_x": 92.38214111328125,
    "far_node_y": 79.8396987915039,
    "far_command": 4,
    "angle_near": 0.1100399014849509,
    "angle_far": 0.18063622075170008,
    "steer": 0.007849096320569515,
    "throttle": 0.75,
    "brake": 0.0,
    "is_red_light_present": 0,
    "vehicle_detected_flag": 1,
    "distanse": 16.721467971801758,
    "steer_sequence": [
        -0.016000641509890556,
        0.03010660782456398,
        -0.009134475141763687,
        -0.002985880011692643,
        -0.002301181200891733,
        -0.0021760857198387384,
        -0.0016829899977892637,
        -0.0013598394580185413,
        0.02256893739104271,
        -0.009493433870375156,
        0.004077140707522631,
        0.0008190248045139015,
        0.00022140030341688544,
        0.016051145270466805,
        -0.007827205583453178,
        0.0038911181036382914,
        0.0013445955701172352,
        0.00975461583584547,
        -0.005411024205386639,
        0.002854415914043784
    ],
    "throttle_sequence": [
        0.75,
        0.75,
        0.75,
        0.75,
        0.75,
        0.75,
        0.75,
        0.75,
        0.75,
        0.75,
        0.75,
        0.75,
        0.75,
        0.75,
        0.75,
        0.75,
        0.75,
        0.75,
        0.75,
        0.75
    ],
    "brake_sequence": [
        0.0,
        0.0,
        0.0,
        0.0,
        0.0,
        0.0,
        0.0,
        0.0,
        0.0,
        0.0,
        0.0,
        0.0,
        0.0,
        0.0,
        0.0,
        0.0,
        0.0,
        0.0,
        0.0,
        0.0
    ],
    "speed_sequence": [
        0.5184417963027954,
        0.7804869413375854,
        0.9412170648574829,
        1.1703829765319824,
        1.4360315799713135,
        1.7095171213150024,
        1.9779375791549683,
        2.2394962310791016,
        2.510589361190796,
        2.7571887969970703,
        2.9752566814422607,
        3.1877596378326416,
        3.402801513671875,
        3.6229770183563232,
        3.8444623947143555,
        4.065426826477051,
        4.284597396850586,
        4.5012006759643555,
        4.71475887298584,
        4.925663948059082
    ],
    "light_sequence": [
        0.0,
        0.0,
        0.0,
        0.0,
        0.0,
        0.0,
        0.0,
        0.0,
        0.0,
        0.0,
        0.0,
        0.0,
        0.0,
        0.0,
        0.0,
        0.0,
        0.0,
        0.0,
        0.0,
        0.0
    ],
    "is_collision_event": false
}