{
    "timestamp": 2.3000000342726707,
    "x": 338.7657470703125,
    "y": 222.56556701660156,
    "speed": 4.297827030620394,
    "theta": 0.00048828125,
    "near_node_x": 338.7691955566406,
    "near_node_y": 216.4511260986328,
    "near_command": 4,
    "far_node_x": 338.7727966308594,
    "far_node_y": 210.4511260986328,
    "far_command": 4,
    "angle_near": -0.0030840943345838354,
    "angle_far": -0.002057161834017689,
    "steer": -0.00014019111404195428,
    "throttle": 0.75,
    "brake": 0.0,
    "is_red_light_present": 0,
    "vehicle_detected_flag": 0,
    "distanse": 25,
    "steer_sequence": [
        -2.5934198220056714e-06,
        -2.596731974335853e-06,
        -2.6000441266660346e-06,
        -2.603356278996216e-06,
        -2.6066684313263977e-06,
        -2.6099805836565793e-06,
        5.262235936243087e-05,
        0.0003521659236866981,
        1.336251625616569e-05,
        0.00012185037485323846,
        0.00012750104360748082,
        0.00015818592510186136,
        -0.00023939047241583467,
        0.00031608337303623557,
        -0.00046157598262652755,
        0.0002957092074211687,
        -0.00018287962302565575,
        -0.00013886300439480692,
        -9.79547985480167e-05,
        -0.0001101040979847312
    ],
    "throttle_sequence": [
        0.75,
        0.75,
        0.75,
        0.75,
        0.75,
        0.75,
        0.75,
        0.75,
        0.75,
        0.75,
        0.75,
        0.75,
        0.75,
        0.75,
        0.75,
        0.75,
        0.75,
        0.75,
        0.75,
        0.75
    ],
    "brake_sequence": [
        0.0,
        0.0,
        0.0,
        0.0,
        0.0,
        0.0,
        0.0,
        0.0,
        0.0,
        0.0,
        0.0,
        0.0,
        0.0,
        0.0,
        0.0,
        0.0,
        0.0,
        0.0,
        0.0,
        0.0
    ],
    "speed_sequence": [
        -1.912220568556222e-06,
        -6.397671086233458e-07,
        -9.375607845640843e-08,
        1.2695120688022143e-07,
        6.781266392863472e-08,
        3.132190329324658e-08,
        0.9354023933410645,
        1.4604578018188477,
        1.585089921951294,
        1.7853612899780273,
        2.018554449081421,
        2.2635273933410645,
        2.526615858078003,
        2.7703940868377686,
        2.9876811504364014,
        3.20003080368042,
        3.4152917861938477,
        3.6357202529907227,
        3.8578789234161377,
        4.0789361000061035
    ],
    "light_sequence": [
        0.0,
        0.0,
        0.0,
        0.0,
        0.0,
        0.0,
        0.0,
        0.0,
        0.0,
        0.0,
        0.0,
        0.0,
        0.0,
        0.0,
        0.0,
        0.0,
        0.0,
        0.0,
        0.0,
        0.0
    ],
    "is_collision_event": false
}