{
    "timestamp": 0.800000011920929,
    "x": 338.7631530761719,
    "y": 226.45071411132812,
    "speed": 3.132190246114252e-08,
    "theta": 0.0005980199784971774,
    "near_node_x": 338.76556396484375,
    "near_node_y": 222.4511260986328,
    "near_command": 4,
    "far_node_x": 338.7691955566406,
    "far_node_y": 216.4511260986328,
    "far_command": 4,
    "angle_near": -7.590389143141726e-05,
    "angle_far": 9.391692507217405e-06,
    "steer": -2.6099805836565793e-06,
    "throttle": 0.75,
    "brake": 0.0,
    "is_red_light_present": 0,
    "vehicle_detected_flag": 1,
    "distanse": 14.999592781066895,
    "steer_sequence": [
        0.0,
        0.0,
        0.0,
        0.0,
        0.0,
        0.0,
        0.0,
        0.0,
        0.0,
        0.0,
        0.0,
        0.0,
        0.0,
        -2.5834833650151268e-06,
        -2.59010766967549e-06,
        -2.5934198220056714e-06,
        -2.596731974335853e-06,
        -2.6000441266660346e-06,
        -2.603356278996216e-06,
        -2.6066684313263977e-06
    ],
    "throttle_sequence": [
        0.0,
        0.0,
        0.0,
        0.0,
        0.0,
        0.0,
        0.0,
        0.0,
        0.0,
        0.0,
        0.0,
        0.0,
        0.0,
        0.75,
        0.75,
        0.75,
        0.75,
        0.75,
        0.75,
        0.75
    ],
    "brake_sequence": [
        0.0,
        0.0,
        0.0,
        0.0,
        0.0,
        0.0,
        0.0,
        0.0,
        0.0,
        0.0,
        0.0,
        0.0,
        0.0,
        0.0,
        0.0,
        0.0,
        0.0,
        0.0,
        0.0,
        0.0
    ],
    "speed_sequence": [
        0.0,
        0.0,
        0.0,
        0.0,
        0.0,
        0.0,
        0.0,
        0.0,
        0.0,
        0.0,
        0.0,
        0.0,
        0.0,
        0.0,
        -3.981325335189467e-06,
        -1.912220568556222e-06,
        -6.397671086233458e-07,
        -9.375607845640843e-08,
        1.2695120688022143e-07,
        6.781266392863472e-08
    ],
    "light_sequence": [
        0.0,
        0.0,
        0.0,
        0.0,
        0.0,
        0.0,
        0.0,
        0.0,
        0.0,
        0.0,
        0.0,
        0.0,
        0.0,
        0.0,
        0.0,
        0.0,
        0.0,
        0.0,
        0.0,
        0.0
    ],
    "is_collision_event": false
}