{
    "timestamp": 1.4000000208616257,
    "x": 338.76312255859375,
    "y": 225.5511474609375,
    "speed": 2.2635274796337157,
    "theta": 0.0005980199784971774,
    "near_node_x": 338.76678466796875,
    "near_node_y": 220.4511260986328,
    "near_command": 4,
    "far_node_x": 338.7703857421875,
    "far_node_y": 214.4511260986328,
    "far_command": 4,
    "angle_near": 0.0036600931806661037,
    "angle_far": 9.319612054471272e-06,
    "steer": 0.00015818592510186136,
    "throttle": 0.75,
    "brake": 0.0,
    "is_red_light_present": 0,
    "vehicle_detected_flag": 1,
    "distanse": 15.072209358215332,
    "steer_sequence": [
        0.0,
        0.0,
        0.0,
        0.0,
        0.0,
        0.0,
        0.0,
        -2.5834833650151268e-06,
        -2.59010766967549e-06,
        -2.5934198220056714e-06,
        -2.596731974335853e-06,
        -2.6000441266660346e-06,
        -2.603356278996216e-06,
        -2.6066684313263977e-06,
        -2.6099805836565793e-06,
        5.262235936243087e-05,
        0.0003521659236866981,
        1.336251625616569e-05,
        0.00012185037485323846,
        0.00012750104360748082
    ],
    "throttle_sequence": [
        0.0,
        0.0,
        0.0,
        0.0,
        0.0,
        0.0,
        0.0,
        0.75,
        0.75,
        0.75,
        0.75,
        0.75,
        0.75,
        0.75,
        0.75,
        0.75,
        0.75,
        0.75,
        0.75,
        0.75
    ],
    "brake_sequence": [
        0.0,
        0.0,
        0.0,
        0.0,
        0.0,
        0.0,
        0.0,
        0.0,
        0.0,
        0.0,
        0.0,
        0.0,
        0.0,
        0.0,
        0.0,
        0.0,
        0.0,
        0.0,
        0.0,
        0.0
    ],
    "speed_sequence": [
        0.0,
        0.0,
        0.0,
        0.0,
        0.0,
        0.0,
        0.0,
        0.0,
        -3.981325335189467e-06,
        -1.912220568556222e-06,
        -6.397671086233458e-07,
        -9.375607845640843e-08,
        1.2695120688022143e-07,
        6.781266392863472e-08,
        3.132190329324658e-08,
        0.9354023933410645,
        1.4604578018188477,
        1.585089921951294,
        1.7853612899780273,
        2.018554449081421
    ],
    "light_sequence": [
        0.0,
        0.0,
        0.0,
        0.0,
        0.0,
        0.0,
        0.0,
        0.0,
        0.0,
        0.0,
        0.0,
        0.0,
        0.0,
        0.0,
        0.0,
        0.0,
        0.0,
        0.0,
        0.0,
        0.0
    ],
    "is_collision_event": false
}