{
    "timestamp": 3.0000000447034836,
    "x": 338.7679748535156,
    "y": 219.6767120361328,
    "speed": 2.8062170701292595,
    "theta": 0.0005980199784971774,
    "near_node_x": 338.7691955566406,
    "near_node_y": 216.4511260986328,
    "near_command": 4,
    "far_node_x": 338.7727966308594,
    "far_node_y": 210.4511260986328,
    "far_command": 4,
    "angle_near": -0.010580076232516916,
    "angle_far": -0.002317519161725806,
    "steer": 0.0,
    "throttle": 0.0,
    "brake": 0.5,
    "is_red_light_present": 1,
    "vehicle_detected_flag": 0,
    "distanse": 25,
    "steer_sequence": [
        0.0003521659236866981,
        1.336251625616569e-05,
        0.00012185037485323846,
        0.00012750104360748082,
        0.00015818592510186136,
        -0.00023939047241583467,
        0.00031608337303623557,
        -0.00046157598262652755,
        0.0002957092074211687,
        -0.00018287962302565575,
        -0.00013886300439480692,
        -9.79547985480167e-05,
        -0.0001101040979847312,
        -0.00014019111404195428,
        -7.011681009316817e-05,
        0.0,
        0.0,
        0.0,
        0.0,
        0.0
    ],
    "throttle_sequence": [
        0.75,
        0.75,
        0.75,
        0.75,
        0.75,
        0.75,
        0.75,
        0.75,
        0.75,
        0.75,
        0.75,
        0.75,
        0.75,
        0.75,
        0.75,
        0.0,
        0.0,
        0.0,
        0.0,
        0.0
    ],
    "brake_sequence": [
        0.0,
        0.0,
        0.0,
        0.0,
        0.0,
        0.0,
        0.0,
        0.0,
        0.0,
        0.0,
        0.0,
        0.0,
        0.0,
        0.0,
        0.0,
        0.5,
        0.5,
        0.5,
        0.5,
        0.5
    ],
    "speed_sequence": [
        1.4604578018188477,
        1.585089921951294,
        1.7853612899780273,
        2.018554449081421,
        2.2635273933410645,
        2.526615858078003,
        2.7703940868377686,
        2.9876811504364014,
        3.20003080368042,
        3.4152917861938477,
        3.6357202529907227,
        3.8578789234161377,
        4.0789361000061035,
        4.297827243804932,
        4.514142990112305,
        4.727741241455078,
        4.713961601257324,
        4.328855514526367,
        3.824434995651245,
        3.3013601303100586
    ],
    "light_sequence": [
        0.0,
        0.0,
        0.0,
        0.0,
        0.0,
        0.0,
        0.0,
        0.0,
        0.0,
        0.0,
        0.0,
        0.0,
        0.0,
        0.0,
        0.0,
        1.0,
        1.0,
        1.0,
        1.0,
        1.0
    ],
    "is_collision_event": false
}