{
    "timestamp": 4.200000062584877,
    "x": 338.768310546875,
    "y": 218.87173461914062,
    "speed": 0.0,
    "theta": 0.0,
    "near_node_x": 338.7691955566406,
    "near_node_y": 216.4511260986328,
    "near_command": 4,
    "far_node_x": 338.7727966308594,
    "far_node_y": 210.4511260986328,
    "far_command": 4,
    "angle_near": 0.02600501607666358,
    "angle_far": 0.03558120096821254,
    "steer": 0.0,
    "throttle": 0.0,
    "brake": 0.5,
    "is_red_light_present": 1,
    "vehicle_detected_flag": 0,
    "distanse": 25,
    "steer_sequence": [
        -0.0001101040979847312,
        -0.00014019111404195428,
        -7.011681009316817e-05,
        0.0,
        0.0,
        0.0,
        0.0,
        0.0,
        0.0,
        0.0,
        0.0,
        0.0,
        0.0,
        0.0,
        0.0,
        0.0,
        0.0,
        0.0,
        0.0,
        0.0
    ],
    "throttle_sequence": [
        0.75,
        0.75,
        0.75,
        0.0,
        0.0,
        0.0,
        0.0,
        0.0,
        0.0,
        0.0,
        0.0,
        0.0,
        0.0,
        0.0,
        0.0,
        0.0,
        0.0,
        0.0,
        0.0,
        0.0
    ],
    "brake_sequence": [
        0.0,
        0.0,
        0.0,
        0.5,
        0.5,
        0.5,
        0.5,
        0.5,
        0.5,
        0.5,
        0.5,
        0.5,
        0.5,
        0.5,
        0.5,
        0.5,
        0.5,
        0.5,
        0.5,
        0.5
    ],
    "speed_sequence": [
        4.0789361000061035,
        4.297827243804932,
        4.514142990112305,
        4.727741241455078,
        4.713961601257324,
        4.328855514526367,
        3.824434995651245,
        3.3013601303100586,
        2.8062169551849365,
        2.358264446258545,
        1.965611457824707,
        1.594876766204834,
        1.0199871063232422,
        -0.0003286413848400116,
        -0.007772269193083048,
        -0.005891077686101198,
        -0.0031600515358150005,
        -0.0013944217935204506,
        -0.0005229944945313036,
        -0.00016270556079689413
    ],
    "light_sequence": [
        0.0,
        0.0,
        0.0,
        1.0,
        1.0,
        1.0,
        1.0,
        1.0,
        1.0,
        1.0,
        1.0,
        1.0,
        1.0,
        1.0,
        1.0,
        1.0,
        1.0,
        1.0,
        1.0,
        1.0
    ],
    "is_collision_event": false
}