{
    "timestamp": 1.1000000163912773,
    "x": 338.7631530761719,
    "y": 226.12530517578125,
    "speed": 1.5850899175316209,
    "theta": 0.00048828125,
    "near_node_x": 338.76678466796875,
    "near_node_y": 220.4511260986328,
    "near_command": 4,
    "far_node_x": 338.7703857421875,
    "far_node_y": 214.4511260986328,
    "far_command": 4,
    "angle_near": 0.002610831096077325,
    "angle_far": 0.001437597992708673,
    "steer": 1.336251625616569e-05,
    "throttle": 0.75,
    "brake": 0.0,
    "is_red_light_present": 0,
    "vehicle_detected_flag": 1,
    "distanse": 14.872586250305176,
    "steer_sequence": [
        0.0,
        0.0,
        0.0,
        0.0,
        0.0,
        0.0,
        0.0,
        0.0,
        0.0,
        0.0,
        -2.5834833650151268e-06,
        -2.59010766967549e-06,
        -2.5934198220056714e-06,
        -2.596731974335853e-06,
        -2.6000441266660346e-06,
        -2.603356278996216e-06,
        -2.6066684313263977e-06,
        -2.6099805836565793e-06,
        5.262235936243087e-05,
        0.0003521659236866981
    ],
    "throttle_sequence": [
        0.0,
        0.0,
        0.0,
        0.0,
        0.0,
        0.0,
        0.0,
        0.0,
        0.0,
        0.0,
        0.75,
        0.75,
        0.75,
        0.75,
        0.75,
        0.75,
        0.75,
        0.75,
        0.75,
        0.75
    ],
    "brake_sequence": [
        0.0,
        0.0,
        0.0,
        0.0,
        0.0,
        0.0,
        0.0,
        0.0,
        0.0,
        0.0,
        0.0,
        0.0,
        0.0,
        0.0,
        0.0,
        0.0,
        0.0,
        0.0,
        0.0,
        0.0
    ],
    "speed_sequence": [
        0.0,
        0.0,
        0.0,
        0.0,
        0.0,
        0.0,
        0.0,
        0.0,
        0.0,
        0.0,
        0.0,
        -3.981325335189467e-06,
        -1.912220568556222e-06,
        -6.397671086233458e-07,
        -9.375607845640843e-08,
        1.2695120688022143e-07,
        6.781266392863472e-08,
        3.132190329324658e-08,
        0.9354023933410645,
        1.4604578018188477
    ],
    "light_sequence": [
        0.0,
        0.0,
        0.0,
        0.0,
        0.0,
        0.0,
        0.0,
        0.0,
        0.0,
        0.0,
        0.0,
        0.0,
        0.0,
        0.0,
        0.0,
        0.0,
        0.0,
        0.0,
        0.0,
        0.0
    ],
    "is_collision_event": false
}