{
    "timestamp": 29.90000044554472,
    "x": 338.76824951171875,
    "y": 218.06906127929688,
    "speed": 1.9792231555904305,
    "theta": 0.00048828125,
    "near_node_x": 338.7716064453125,
    "near_node_y": 212.4511260986328,
    "near_command": 4,
    "far_node_x": 338.7747802734375,
    "far_node_y": 207.16116333007812,
    "far_command": 1,
    "angle_near": 0.009916639399118963,
    "angle_far": 0.009984245322657915,
    "steer": 0.00032221278524957597,
    "throttle": 0.75,
    "brake": 0.0,
    "is_red_light_present": 0,
    "vehicle_detected_flag": 0,
    "distanse": 25,
    "steer_sequence": [
        0.0,
        0.0,
        0.0,
        0.0,
        0.0,
        0.0,
        0.0,
        0.0,
        0.0,
        0.0035107294097542763,
        0.0010897422907873988,
        0.0011040202807635069,
        -0.0007298461860045791,
        0.002491000108420849,
        -0.0013881289632990956,
        0.0002057079691439867,
        0.0003531113325152546,
        0.0003025199403055012,
        0.0003188934933859855,
        0.00044990776223130524
    ],
    "throttle_sequence": [
        0.0,
        0.0,
        0.0,
        0.0,
        0.0,
        0.0,
        0.0,
        0.0,
        0.0,
        0.75,
        0.75,
        0.75,
        0.75,
        0.75,
        0.75,
        0.75,
        0.75,
        0.75,
        0.75,
        0.75
    ],
    "brake_sequence": [
        0.5,
        0.5,
        0.5,
        0.5,
        0.5,
        0.5,
        0.5,
        0.5,
        0.5,
        0.0,
        0.0,
        0.0,
        0.0,
        0.0,
        0.0,
        0.0,
        0.0,
        0.0,
        0.0,
        0.0
    ],
    "speed_sequence": [
        0.0,
        0.0,
        0.0,
        0.0,
        0.0,
        0.0,
        0.0,
        0.0,
        0.0,
        0.0,
        -0.02342846430838108,
        0.005826785694807768,
        0.07123968750238419,
        0.22716650366783142,
        0.5174480676651001,
        0.7808974385261536,
        0.9420515298843384,
        1.1717952489852905,
        1.4373931884765625,
        1.7108509540557861
    ],
    "light_sequence": [
        1.0,
        1.0,
        1.0,
        1.0,
        1.0,
        1.0,
        1.0,
        1.0,
        1.0,
        0.0,
        0.0,
        0.0,
        0.0,
        0.0,
        0.0,
        0.0,
        0.0,
        0.0,
        0.0,
        0.0
    ],
    "is_collision_event": false
}