{
    "timestamp": 37.40000055730343,
    "x": 314.8183898925781,
    "y": 195.2870635986328,
    "speed": 5.11758244310554,
    "theta": 4.7357354164123535,
    "near_node_x": 308.6701354980469,
    "near_node_y": 195.15773010253906,
    "near_command": 4,
    "far_node_x": 302.6701354980469,
    "far_node_y": 195.15724182128906,
    "far_command": 4,
    "angle_near": -0.1325612911981941,
    "angle_far": -0.7253810708071479,
    "steer": -0.007846541702747345,
    "throttle": 0.75,
    "brake": 0.0,
    "is_red_light_present": 0,
    "vehicle_detected_flag": 0,
    "distanse": 25,
    "steer_sequence": [
        -0.15323469042778015,
        -0.053234685212373734,
        0.046765316277742386,
        -0.024249203503131866,
        -0.12424920499324799,
        -0.024249203503131866,
        0.057893190532922745,
        -0.024995245039463043,
        -0.11381895840167999,
        -0.013818956911563873,
        0.03385865315794945,
        -0.004881515633314848,
        -0.010783075354993343,
        -0.04414546489715576,
        0.036373574286699295,
        -0.003537761280313134,
        -0.021861044690012932,
        0.005086918827146292,
        -0.04739821329712868,
        0.02704295702278614
    ],
    "throttle_sequence": [
        0.75,
        0.75,
        0.75,
        0.75,
        0.75,
        0.75,
        0.75,
        0.75,
        0.75,
        0.662821888923645,
        0.0,
        0.0,
        0.0,
        0.75,
        0.75,
        0.75,
        0.75,
        0.75,
        0.75,
        0.75
    ],
    "brake_sequence": [
        0.0,
        0.0,
        0.0,
        0.0,
        0.0,
        0.0,
        0.0,
        0.0,
        0.0,
        0.0,
        0.30000001192092896,
        0.30000001192092896,
        0.30000001192092896,
        0.0,
        0.0,
        0.0,
        0.0,
        0.0,
        0.0,
        0.0
    ],
    "speed_sequence": [
        4.851371765136719,
        4.794772148132324,
        4.928297519683838,
        5.092871189117432,
        5.225632667541504,
        5.172942161560059,
        5.219399452209473,
        5.212191104888916,
        5.842188835144043,
        6.507879734039307,
        6.977105140686035,
        7.084504127502441,
        6.826232433319092,
        6.437102317810059,
        6.289408206939697,
        5.748963356018066,
        5.128339767456055,
        4.8605804443359375,
        4.866921901702881,
        4.983053684234619
    ],
    "light_sequence": [
        0.0,
        0.0,
        0.0,
        0.0,
        0.0,
        0.0,
        0.0,
        0.0,
        0.0,
        0.0,
        0.0,
        0.0,
        0.0,
        0.0,
        0.0,
        0.0,
        0.0,
        0.0,
        0.0,
        0.0
    ],
    "is_collision_event": false
}