{
    "timestamp": 33.00000049173832,
    "x": 337.4677734375,
    "y": 202.5664825439453,
    "speed": 6.656448780152773,
    "theta": 5.900238990783691,
    "near_node_x": 334.1066589355469,
    "near_node_y": 196.8016357421875,
    "near_command": 1,
    "far_node_x": 327.31134033203125,
    "far_node_y": 195.1592559814453,
    "far_command": 1,
    "angle_near": -8.302526540208275,
    "angle_far": -31.9550058214984,
    "steer": -0.103769451379776,
    "throttle": 0.75,
    "brake": 0.0,
    "is_red_light_present": 0,
    "vehicle_detected_flag": 0,
    "distanse": 25,
    "steer_sequence": [
        -9.239253995474428e-05,
        9.99131370917894e-05,
        -0.00017091644986066967,
        -9.358633542433381e-05,
        0.0001713767705950886,
        -0.001629701117053628,
        -5.48237185284961e-05,
        -0.10005482286214828,
        -5.48237185284961e-05,
        0.025779258459806442,
        -0.07422073930501938,
        -0.1742207407951355,
        -0.07422073930501938,
        0.016074609011411667,
        -0.08392538875341415,
        -0.18392539024353027,
        -0.2609412372112274,
        -0.1609412282705307,
        -0.2609412372112274,
        -0.20376944541931152
    ],
    "throttle_sequence": [
        0.75,
        0.75,
        0.75,
        0.75,
        0.75,
        0.75,
        0.75,
        0.75,
        0.75,
        0.75,
        0.0,
        0.0,
        0.0,
        0.75,
        0.75,
        0.75,
        0.75,
        0.75,
        0.75,
        0.75
    ],
    "brake_sequence": [
        0.0,
        0.0,
        0.0,
        0.0,
        0.0,
        0.0,
        0.0,
        0.0,
        0.0,
        0.0,
        0.30000001192092896,
        0.30000001192092896,
        0.00884353369474411,
        0.0,
        0.0,
        0.0,
        0.0,
        0.0,
        0.0,
        0.0
    ],
    "speed_sequence": [
        4.503497123718262,
        4.717230319976807,
        4.9282121658325195,
        5.135065078735352,
        5.299955368041992,
        5.417928218841553,
        5.4126715660095215,
        5.416388988494873,
        5.904827117919922,
        6.608024597167969,
        7.09055757522583,
        7.239391803741455,
        6.9509100914001465,
        6.670253276824951,
        6.366945743560791,
        6.18917179107666,
        6.116442680358887,
        6.118493556976318,
        6.294041156768799,
        6.425943374633789
    ],
    "light_sequence": [
        0.0,
        0.0,
        0.0,
        0.0,
        0.0,
        0.0,
        0.0,
        0.0,
        0.0,
        0.0,
        0.0,
        0.0,
        0.0,
        0.0,
        0.0,
        0.0,
        0.0,
        0.0,
        0.0,
        0.0
    ],
    "is_collision_event": false
}