{
    "timestamp": 38.500000573694706,
    "x": 308.241455078125,
    "y": 195.20228576660156,
    "speed": 6.044833813838244,
    "theta": 4.721273899078369,
    "near_node_x": 300.6701354980469,
    "near_node_y": 195.15707397460938,
    "near_command": 4,
    "far_node_x": 294.6701354980469,
    "far_node_y": 195.15658569335938,
    "far_command": 4,
    "angle_near": -0.16692758624838944,
    "angle_far": -0.3161255442455264,
    "steer": -0.012202542275190353,
    "throttle": 0.75,
    "brake": 0.0,
    "is_red_light_present": 0,
    "vehicle_detected_flag": 0,
    "distanse": 25,
    "steer_sequence": [
        -0.004881515633314848,
        -0.010783075354993343,
        -0.04414546489715576,
        0.036373574286699295,
        -0.003537761280313134,
        -0.021861044690012932,
        0.005086918827146292,
        -0.04739821329712868,
        0.02704295702278614,
        -0.007846541702747345,
        -0.00876905769109726,
        -0.03013095073401928,
        0.01865433342754841,
        -0.0032515067141503096,
        -0.03714367747306824,
        0.026970798149704933,
        -0.02163727581501007,
        0.002900736639276147,
        0.005937646608799696,
        -0.0062062120996415615
    ],
    "throttle_sequence": [
        0.0,
        0.0,
        0.75,
        0.75,
        0.75,
        0.75,
        0.75,
        0.75,
        0.75,
        0.75,
        0.75,
        0.75,
        0.75,
        0.75,
        0.75,
        0.18341504037380219,
        0.0,
        0.0,
        0.6554780602455139,
        0.75
    ],
    "brake_sequence": [
        0.30000001192092896,
        0.30000001192092896,
        0.0,
        0.0,
        0.0,
        0.0,
        0.0,
        0.0,
        0.0,
        0.0,
        0.0,
        0.0,
        0.0,
        0.0,
        0.0,
        0.0,
        0.30000001192092896,
        0.30000001192092896,
        0.0,
        0.0
    ],
    "speed_sequence": [
        7.084504127502441,
        6.826232433319092,
        6.437102317810059,
        6.289408206939697,
        5.748963356018066,
        5.128339767456055,
        4.8605804443359375,
        4.866921901702881,
        4.983053684234619,
        5.117582321166992,
        5.105570316314697,
        5.105741500854492,
        5.1551971435546875,
        5.144140720367432,
        6.019247055053711,
        6.648498058319092,
        6.990931510925293,
        6.862781047821045,
        6.50460958480835,
        6.19924259185791
    ],
    "light_sequence": [
        0.0,
        0.0,
        0.0,
        0.0,
        0.0,
        0.0,
        0.0,
        0.0,
        0.0,
        0.0,
        0.0,
        0.0,
        0.0,
        0.0,
        0.0,
        0.0,
        0.0,
        0.0,
        0.0,
        0.0
    ],
    "is_collision_event": false
}