{
    "timestamp": 36.200000539422035,
    "x": 321.9156494140625,
    "y": 195.4825897216797,
    "speed": 5.842188695877309,
    "theta": 4.779020309448242,
    "near_node_x": 314.6701354980469,
    "near_node_y": 195.15821838378906,
    "near_command": 4,
    "far_node_x": 308.6701354980469,
    "far_node_y": 195.15773010253906,
    "far_command": 4,
    "angle_near": -1.2543492474729236,
    "angle_far": -2.4127328438741227,
    "steer": -0.11381895840167999,
    "throttle": 0.75,
    "brake": 0.0,
    "is_red_light_present": 0,
    "vehicle_detected_flag": 0,
    "distanse": 25,
    "steer_sequence": [
        -0.1954420804977417,
        -0.2954420745372772,
        -0.1954420804977417,
        -0.09544208645820618,
        -0.1954420804977417,
        -0.15819601714611053,
        -0.25819602608680725,
        -0.15819601714611053,
        -0.058196019381284714,
        0.041803982108831406,
        -0.044941745698451996,
        -0.053234685212373734,
        -0.15323469042778015,
        -0.053234685212373734,
        0.046765316277742386,
        -0.024249203503131866,
        -0.12424920499324799,
        -0.024249203503131866,
        0.057893190532922745,
        -0.024995245039463043
    ],
    "throttle_sequence": [
        0.75,
        0.75,
        0.75,
        0.75,
        0.75,
        0.0,
        0.0,
        0.0,
        0.75,
        0.75,
        0.75,
        0.75,
        0.75,
        0.75,
        0.75,
        0.75,
        0.75,
        0.75,
        0.75,
        0.75
    ],
    "brake_sequence": [
        0.0,
        0.0,
        0.0,
        0.0,
        0.0,
        0.30000001192092896,
        0.30000001192092896,
        0.30000001192092896,
        0.0,
        0.0,
        0.0,
        0.0,
        0.0,
        0.0,
        0.0,
        0.0,
        0.0,
        0.0,
        0.0,
        0.0
    ],
    "speed_sequence": [
        5.068049430847168,
        5.125785827636719,
        5.077859878540039,
        5.5548176765441895,
        6.355774879455566,
        6.822475910186768,
        7.020642280578613,
        6.726696491241455,
        6.386813640594482,
        6.216067790985107,
        5.875321388244629,
        5.159322261810303,
        4.851371765136719,
        4.794772148132324,
        4.928297519683838,
        5.092871189117432,
        5.225632667541504,
        5.172942161560059,
        5.219399452209473,
        5.212191104888916
    ],
    "light_sequence": [
        0.0,
        0.0,
        0.0,
        0.0,
        0.0,
        0.0,
        0.0,
        0.0,
        0.0,
        0.0,
        0.0,
        0.0,
        0.0,
        0.0,
        0.0,
        0.0,
        0.0,
        0.0,
        0.0,
        0.0
    ],
    "is_collision_event": false
}