{
    "timestamp": 32.20000047981739,
    "x": 338.6404724121094,
    "y": 207.51451110839844,
    "speed": 6.950910065093924,
    "theta": 6.219593048095703,
    "near_node_x": 337.58538818359375,
    "near_node_y": 200.34104919433594,
    "near_command": 1,
    "far_node_x": 331.9062805175781,
    "far_node_y": 195.7646484375,
    "far_command": 1,
    "angle_near": -4.72360998136579,
    "angle_far": -26.174737267675575,
    "steer": -0.07422073930501938,
    "throttle": 0.0,
    "brake": 0.00884353369474411,
    "is_red_light_present": 0,
    "vehicle_detected_flag": 0,
    "distanse": 25,
    "steer_sequence": [
        -5.3409006795845926e-05,
        0.0003882934106513858,
        -0.00024149706587195396,
        0.00034581817453727126,
        -0.00010650676995282993,
        -0.00010265846503898501,
        1.303673616348533e-05,
        -0.00015586038352921605,
        -9.239253995474428e-05,
        9.99131370917894e-05,
        -0.00017091644986066967,
        -9.358633542433381e-05,
        0.0001713767705950886,
        -0.001629701117053628,
        -5.48237185284961e-05,
        -0.10005482286214828,
        -5.48237185284961e-05,
        0.025779258459806442,
        -0.07422073930501938,
        -0.1742207407951355
    ],
    "throttle_sequence": [
        0.75,
        0.75,
        0.75,
        0.75,
        0.75,
        0.75,
        0.75,
        0.75,
        0.75,
        0.75,
        0.75,
        0.75,
        0.75,
        0.75,
        0.75,
        0.75,
        0.75,
        0.75,
        0.0,
        0.0
    ],
    "brake_sequence": [
        0.0,
        0.0,
        0.0,
        0.0,
        0.0,
        0.0,
        0.0,
        0.0,
        0.0,
        0.0,
        0.0,
        0.0,
        0.0,
        0.0,
        0.0,
        0.0,
        0.0,
        0.0,
        0.30000001192092896,
        0.30000001192092896
    ],
    "speed_sequence": [
        2.7592644691467285,
        2.9773921966552734,
        3.1896984577178955,
        3.404642343521118,
        3.6247975826263428,
        3.8469228744506836,
        4.068048477172852,
        4.287052154541016,
        4.503497123718262,
        4.717230319976807,
        4.9282121658325195,
        5.135065078735352,
        5.299955368041992,
        5.417928218841553,
        5.4126715660095215,
        5.416388988494873,
        5.904827117919922,
        6.608024597167969,
        7.09055757522583,
        7.239391803741455
    ],
    "light_sequence": [
        0.0,
        0.0,
        0.0,
        0.0,
        0.0,
        0.0,
        0.0,
        0.0,
        0.0,
        0.0,
        0.0,
        0.0,
        0.0,
        0.0,
        0.0,
        0.0,
        0.0,
        0.0,
        0.0,
        0.0
    ],
    "is_collision_event": false
}