{
    "timestamp": 30.800000458955765,
    "x": 338.7701110839844,
    "y": 215.3007049560547,
    "speed": 4.068048316916367,
    "theta": 0.00048828125,
    "near_node_x": 338.7735900878906,
    "near_node_y": 209.16116333007812,
    "near_command": 1,
    "far_node_x": 338.5154113769531,
    "far_node_y": 202.70562744140625,
    "far_command": 1,
    "angle_near": 0.0005997949021664352,
    "angle_far": -1.1903538381091967,
    "steer": 1.303673616348533e-05,
    "throttle": 0.75,
    "brake": 0.0,
    "is_red_light_present": 0,
    "vehicle_detected_flag": 0,
    "distanse": 25,
    "steer_sequence": [
        0.0035107294097542763,
        0.0010897422907873988,
        0.0011040202807635069,
        -0.0007298461860045791,
        0.002491000108420849,
        -0.0013881289632990956,
        0.0002057079691439867,
        0.0003531113325152546,
        0.0003025199403055012,
        0.0003188934933859855,
        0.00044990776223130524,
        0.00032221278524957597,
        0.0003413544618524611,
        0.00045977241825312376,
        -5.3409006795845926e-05,
        0.0003882934106513858,
        -0.00024149706587195396,
        0.00034581817453727126,
        -0.00010650676995282993,
        -0.00010265846503898501
    ],
    "throttle_sequence": [
        0.75,
        0.75,
        0.75,
        0.75,
        0.75,
        0.75,
        0.75,
        0.75,
        0.75,
        0.75,
        0.75,
        0.75,
        0.75,
        0.75,
        0.75,
        0.75,
        0.75,
        0.75,
        0.75,
        0.75
    ],
    "brake_sequence": [
        0.0,
        0.0,
        0.0,
        0.0,
        0.0,
        0.0,
        0.0,
        0.0,
        0.0,
        0.0,
        0.0,
        0.0,
        0.0,
        0.0,
        0.0,
        0.0,
        0.0,
        0.0,
        0.0,
        0.0
    ],
    "speed_sequence": [
        0.0,
        -0.02342846430838108,
        0.005826785694807768,
        0.07123968750238419,
        0.22716650366783142,
        0.5174480676651001,
        0.7808974385261536,
        0.9420515298843384,
        1.1717952489852905,
        1.4373931884765625,
        1.7108509540557861,
        1.9792231321334839,
        2.2407636642456055,
        2.5118894577026367,
        2.7592644691467285,
        2.9773921966552734,
        3.1896984577178955,
        3.404642343521118,
        3.6247975826263428,
        3.8469228744506836
    ],
    "light_sequence": [
        0.0,
        0.0,
        0.0,
        0.0,
        0.0,
        0.0,
        0.0,
        0.0,
        0.0,
        0.0,
        0.0,
        0.0,
        0.0,
        0.0,
        0.0,
        0.0,
        0.0,
        0.0,
        0.0,
        0.0
    ],
    "is_collision_event": false
}