{
    "timestamp": 33.5000004991889,
    "x": 335.64080810546875,
    "y": 199.7653350830078,
    "speed": 6.18655519779057,
    "theta": 5.601024627685547,
    "near_node_x": 329.53338623046875,
    "near_node_y": 195.2296600341797,
    "near_command": 1,
    "far_node_x": 323.6701354980469,
    "far_node_y": 195.15895080566406,
    "far_command": 4,
    "angle_near": -14.315665324208474,
    "angle_far": -29.868065871141187,
    "steer": -0.27739858627319336,
    "throttle": 0.75,
    "brake": 0.0,
    "is_red_light_present": 0,
    "vehicle_detected_flag": 0,
    "distanse": 25,
    "steer_sequence": [
        -0.001629701117053628,
        -5.48237185284961e-05,
        -0.10005482286214828,
        -5.48237185284961e-05,
        0.025779258459806442,
        -0.07422073930501938,
        -0.1742207407951355,
        -0.07422073930501938,
        0.016074609011411667,
        -0.08392538875341415,
        -0.18392539024353027,
        -0.2609412372112274,
        -0.1609412282705307,
        -0.2609412372112274,
        -0.20376944541931152,
        -0.103769451379776,
        -0.20376944541931152,
        -0.30376943945884705,
        -0.20376944541931152,
        -0.30376943945884705
    ],
    "throttle_sequence": [
        0.75,
        0.75,
        0.75,
        0.75,
        0.75,
        0.0,
        0.0,
        0.0,
        0.75,
        0.75,
        0.75,
        0.75,
        0.75,
        0.75,
        0.75,
        0.75,
        0.032386500388383865,
        0.0,
        0.0,
        0.75
    ],
    "brake_sequence": [
        0.0,
        0.0,
        0.0,
        0.0,
        0.0,
        0.30000001192092896,
        0.30000001192092896,
        0.00884353369474411,
        0.0,
        0.0,
        0.0,
        0.0,
        0.0,
        0.0,
        0.0,
        0.0,
        0.0,
        0.30000001192092896,
        0.30000001192092896,
        0.0
    ],
    "speed_sequence": [
        5.417928218841553,
        5.4126715660095215,
        5.416388988494873,
        5.904827117919922,
        6.608024597167969,
        7.09055757522583,
        7.239391803741455,
        6.9509100914001465,
        6.670253276824951,
        6.366945743560791,
        6.18917179107666,
        6.116442680358887,
        6.118493556976318,
        6.294041156768799,
        6.425943374633789,
        6.656448841094971,
        6.930819988250732,
        7.030754566192627,
        6.718624591827393,
        6.369091510772705
    ],
    "light_sequence": [
        0.0,
        0.0,
        0.0,
        0.0,
        0.0,
        0.0,
        0.0,
        0.0,
        0.0,
        0.0,
        0.0,
        0.0,
        0.0,
        0.0,
        0.0,
        0.0,
        0.0,
        0.0,
        0.0,
        0.0
    ],
    "is_collision_event": false
}