{
    "timestamp": 33.30000049620867,
    "x": 336.4478759765625,
    "y": 200.759033203125,
    "speed": 6.71862467398772,
    "theta": 5.738356113433838,
    "near_node_x": 331.9062805175781,
    "near_node_y": 195.7646484375,
    "near_command": 1,
    "far_node_x": 325.6701354980469,
    "far_node_y": 195.1591033935547,
    "far_command": 4,
    "angle_near": -11.06507719068649,
    "angle_far": -31.32794738446625,
    "steer": -0.20376944541931152,
    "throttle": 0.0,
    "brake": 0.30000001192092896,
    "is_red_light_present": 0,
    "vehicle_detected_flag": 0,
    "distanse": 25,
    "steer_sequence": [
        -9.358633542433381e-05,
        0.0001713767705950886,
        -0.001629701117053628,
        -5.48237185284961e-05,
        -0.10005482286214828,
        -5.48237185284961e-05,
        0.025779258459806442,
        -0.07422073930501938,
        -0.1742207407951355,
        -0.07422073930501938,
        0.016074609011411667,
        -0.08392538875341415,
        -0.18392539024353027,
        -0.2609412372112274,
        -0.1609412282705307,
        -0.2609412372112274,
        -0.20376944541931152,
        -0.103769451379776,
        -0.20376944541931152,
        -0.30376943945884705
    ],
    "throttle_sequence": [
        0.75,
        0.75,
        0.75,
        0.75,
        0.75,
        0.75,
        0.75,
        0.0,
        0.0,
        0.0,
        0.75,
        0.75,
        0.75,
        0.75,
        0.75,
        0.75,
        0.75,
        0.75,
        0.032386500388383865,
        0.0
    ],
    "brake_sequence": [
        0.0,
        0.0,
        0.0,
        0.0,
        0.0,
        0.0,
        0.0,
        0.30000001192092896,
        0.30000001192092896,
        0.00884353369474411,
        0.0,
        0.0,
        0.0,
        0.0,
        0.0,
        0.0,
        0.0,
        0.0,
        0.0,
        0.30000001192092896
    ],
    "speed_sequence": [
        5.135065078735352,
        5.299955368041992,
        5.417928218841553,
        5.4126715660095215,
        5.416388988494873,
        5.904827117919922,
        6.608024597167969,
        7.09055757522583,
        7.239391803741455,
        6.9509100914001465,
        6.670253276824951,
        6.366945743560791,
        6.18917179107666,
        6.116442680358887,
        6.118493556976318,
        6.294041156768799,
        6.425943374633789,
        6.656448841094971,
        6.930819988250732,
        7.030754566192627
    ],
    "light_sequence": [
        0.0,
        0.0,
        0.0,
        0.0,
        0.0,
        0.0,
        0.0,
        0.0,
        0.0,
        0.0,
        0.0,
        0.0,
        0.0,
        0.0,
        0.0,
        0.0,
        0.0,
        0.0,
        0.0,
        0.0
    ],
    "is_collision_event": false
}