{
    "timestamp": 34.20000050961971,
    "x": 332.80499267578125,
    "y": 197.54681396484375,
    "speed": 5.068049269505215,
    "theta": 5.307171821594238,
    "near_node_x": 327.31134033203125,
    "near_node_y": 195.1592559814453,
    "near_command": 1,
    "far_node_x": 320.6701354980469,
    "far_node_y": 195.15870666503906,
    "far_command": 4,
    "angle_near": -10.588657381725655,
    "angle_far": -22.945187812430504,
    "steer": -0.1954420804977417,
    "throttle": 0.75,
    "brake": 0.0,
    "is_red_light_present": 0,
    "vehicle_detected_flag": 0,
    "distanse": 25,
    "steer_sequence": [
        -0.07422073930501938,
        0.016074609011411667,
        -0.08392538875341415,
        -0.18392539024353027,
        -0.2609412372112274,
        -0.1609412282705307,
        -0.2609412372112274,
        -0.20376944541931152,
        -0.103769451379776,
        -0.20376944541931152,
        -0.30376943945884705,
        -0.20376944541931152,
        -0.30376943945884705,
        -0.27739858627319336,
        -0.17739859223365784,
        -0.11071395128965378,
        -0.1360393762588501,
        -0.09388846158981323,
        -0.19388847053050995,
        -0.29388847947120667
    ],
    "throttle_sequence": [
        0.0,
        0.75,
        0.75,
        0.75,
        0.75,
        0.75,
        0.75,
        0.75,
        0.75,
        0.032386500388383865,
        0.0,
        0.0,
        0.75,
        0.75,
        0.75,
        0.75,
        0.75,
        0.75,
        0.75,
        0.75
    ],
    "brake_sequence": [
        0.00884353369474411,
        0.0,
        0.0,
        0.0,
        0.0,
        0.0,
        0.0,
        0.0,
        0.0,
        0.0,
        0.30000001192092896,
        0.30000001192092896,
        0.0,
        0.0,
        0.0,
        0.0,
        0.0,
        0.0,
        0.0,
        0.0
    ],
    "speed_sequence": [
        6.9509100914001465,
        6.670253276824951,
        6.366945743560791,
        6.18917179107666,
        6.116442680358887,
        6.118493556976318,
        6.294041156768799,
        6.425943374633789,
        6.656448841094971,
        6.930819988250732,
        7.030754566192627,
        6.718624591827393,
        6.369091510772705,
        6.1865553855896,
        5.462489604949951,
        4.969627857208252,
        4.8637518882751465,
        4.904049873352051,
        5.057143211364746,
        5.1841654777526855
    ],
    "light_sequence": [
        0.0,
        0.0,
        0.0,
        0.0,
        0.0,
        0.0,
        0.0,
        0.0,
        0.0,
        0.0,
        0.0,
        0.0,
        0.0,
        0.0,
        0.0,
        0.0,
        0.0,
        0.0,
        0.0,
        0.0
    ],
    "is_collision_event": false
}