{
    "timestamp": 31.100000463426113,
    "x": 338.7713317871094,
    "y": 213.97906494140625,
    "speed": 4.717230196831583,
    "theta": 0.00048828125,
    "near_node_x": 338.7747802734375,
    "near_node_y": 207.16116333007812,
    "near_command": 1,
    "far_node_x": 337.58538818359375,
    "far_node_y": 200.34104919433594,
    "far_command": 1,
    "angle_near": -0.00016178184448661418,
    "angle_far": -4.999004358130062,
    "steer": 9.99131370917894e-05,
    "throttle": 0.75,
    "brake": 0.0,
    "is_red_light_present": 0,
    "vehicle_detected_flag": 0,
    "distanse": 25,
    "steer_sequence": [
        -0.0007298461860045791,
        0.002491000108420849,
        -0.0013881289632990956,
        0.0002057079691439867,
        0.0003531113325152546,
        0.0003025199403055012,
        0.0003188934933859855,
        0.00044990776223130524,
        0.00032221278524957597,
        0.0003413544618524611,
        0.00045977241825312376,
        -5.3409006795845926e-05,
        0.0003882934106513858,
        -0.00024149706587195396,
        0.00034581817453727126,
        -0.00010650676995282993,
        -0.00010265846503898501,
        1.303673616348533e-05,
        -0.00015586038352921605,
        -9.239253995474428e-05
    ],
    "throttle_sequence": [
        0.75,
        0.75,
        0.75,
        0.75,
        0.75,
        0.75,
        0.75,
        0.75,
        0.75,
        0.75,
        0.75,
        0.75,
        0.75,
        0.75,
        0.75,
        0.75,
        0.75,
        0.75,
        0.75,
        0.75
    ],
    "brake_sequence": [
        0.0,
        0.0,
        0.0,
        0.0,
        0.0,
        0.0,
        0.0,
        0.0,
        0.0,
        0.0,
        0.0,
        0.0,
        0.0,
        0.0,
        0.0,
        0.0,
        0.0,
        0.0,
        0.0,
        0.0
    ],
    "speed_sequence": [
        0.07123968750238419,
        0.22716650366783142,
        0.5174480676651001,
        0.7808974385261536,
        0.9420515298843384,
        1.1717952489852905,
        1.4373931884765625,
        1.7108509540557861,
        1.9792231321334839,
        2.2407636642456055,
        2.5118894577026367,
        2.7592644691467285,
        2.9773921966552734,
        3.1896984577178955,
        3.404642343521118,
        3.6247975826263428,
        3.8469228744506836,
        4.068048477172852,
        4.287052154541016,
        4.503497123718262
    ],
    "light_sequence": [
        0.0,
        0.0,
        0.0,
        0.0,
        0.0,
        0.0,
        0.0,
        0.0,
        0.0,
        0.0,
        0.0,
        0.0,
        0.0,
        0.0,
        0.0,
        0.0,
        0.0,
        0.0,
        0.0,
        0.0
    ],
    "is_collision_event": false
}