{
    "timestamp": 34.1000005081296,
    "x": 333.24371337890625,
    "y": 197.8045654296875,
    "speed": 5.18416569102018,
    "theta": 5.359099388122559,
    "near_node_x": 327.31134033203125,
    "near_node_y": 195.1592559814453,
    "near_command": 1,
    "far_node_x": 320.6701354980469,
    "far_node_y": 195.15870666503906,
    "far_command": 4,
    "angle_near": -13.021150383351745,
    "angle_far": -25.17038372983359,
    "steer": -0.29388847947120667,
    "throttle": 0.75,
    "brake": 0.0,
    "is_red_light_present": 0,
    "vehicle_detected_flag": 0,
    "distanse": 25,
    "steer_sequence": [
        -0.1742207407951355,
        -0.07422073930501938,
        0.016074609011411667,
        -0.08392538875341415,
        -0.18392539024353027,
        -0.2609412372112274,
        -0.1609412282705307,
        -0.2609412372112274,
        -0.20376944541931152,
        -0.103769451379776,
        -0.20376944541931152,
        -0.30376943945884705,
        -0.20376944541931152,
        -0.30376943945884705,
        -0.27739858627319336,
        -0.17739859223365784,
        -0.11071395128965378,
        -0.1360393762588501,
        -0.09388846158981323,
        -0.19388847053050995
    ],
    "throttle_sequence": [
        0.0,
        0.0,
        0.75,
        0.75,
        0.75,
        0.75,
        0.75,
        0.75,
        0.75,
        0.75,
        0.032386500388383865,
        0.0,
        0.0,
        0.75,
        0.75,
        0.75,
        0.75,
        0.75,
        0.75,
        0.75
    ],
    "brake_sequence": [
        0.30000001192092896,
        0.00884353369474411,
        0.0,
        0.0,
        0.0,
        0.0,
        0.0,
        0.0,
        0.0,
        0.0,
        0.0,
        0.30000001192092896,
        0.30000001192092896,
        0.0,
        0.0,
        0.0,
        0.0,
        0.0,
        0.0,
        0.0
    ],
    "speed_sequence": [
        7.239391803741455,
        6.9509100914001465,
        6.670253276824951,
        6.366945743560791,
        6.18917179107666,
        6.116442680358887,
        6.118493556976318,
        6.294041156768799,
        6.425943374633789,
        6.656448841094971,
        6.930819988250732,
        7.030754566192627,
        6.718624591827393,
        6.369091510772705,
        6.1865553855896,
        5.462489604949951,
        4.969627857208252,
        4.8637518882751465,
        4.904049873352051,
        5.057143211364746
    ],
    "light_sequence": [
        0.0,
        0.0,
        0.0,
        0.0,
        0.0,
        0.0,
        0.0,
        0.0,
        0.0,
        0.0,
        0.0,
        0.0,
        0.0,
        0.0,
        0.0,
        0.0,
        0.0,
        0.0,
        0.0,
        0.0
    ],
    "is_collision_event": false
}