{
    "timestamp": 35.30000052601099,
    "x": 326.4808349609375,
    "y": 195.82467651367188,
    "speed": 5.159322457980233,
    "theta": 4.853579521179199,
    "near_node_x": 320.6701354980469,
    "near_node_y": 195.15870666503906,
    "near_command": 4,
    "far_node_x": 314.6701354980469,
    "far_node_y": 195.15821838378906,
    "far_command": 4,
    "angle_near": -1.551419954064416,
    "angle_far": -4.859935498361546,
    "steer": -0.053234685212373734,
    "throttle": 0.75,
    "brake": 0.0,
    "is_red_light_present": 0,
    "vehicle_detected_flag": 0,
    "distanse": 25,
    "steer_sequence": [
        -0.20376944541931152,
        -0.30376943945884705,
        -0.27739858627319336,
        -0.17739859223365784,
        -0.11071395128965378,
        -0.1360393762588501,
        -0.09388846158981323,
        -0.19388847053050995,
        -0.29388847947120667,
        -0.1954420804977417,
        -0.2954420745372772,
        -0.1954420804977417,
        -0.09544208645820618,
        -0.1954420804977417,
        -0.15819601714611053,
        -0.25819602608680725,
        -0.15819601714611053,
        -0.058196019381284714,
        0.041803982108831406,
        -0.044941745698451996
    ],
    "throttle_sequence": [
        0.0,
        0.75,
        0.75,
        0.75,
        0.75,
        0.75,
        0.75,
        0.75,
        0.75,
        0.75,
        0.75,
        0.75,
        0.75,
        0.75,
        0.0,
        0.0,
        0.0,
        0.75,
        0.75,
        0.75
    ],
    "brake_sequence": [
        0.30000001192092896,
        0.0,
        0.0,
        0.0,
        0.0,
        0.0,
        0.0,
        0.0,
        0.0,
        0.0,
        0.0,
        0.0,
        0.0,
        0.0,
        0.30000001192092896,
        0.30000001192092896,
        0.30000001192092896,
        0.0,
        0.0,
        0.0
    ],
    "speed_sequence": [
        6.718624591827393,
        6.369091510772705,
        6.1865553855896,
        5.462489604949951,
        4.969627857208252,
        4.8637518882751465,
        4.904049873352051,
        5.057143211364746,
        5.1841654777526855,
        5.068049430847168,
        5.125785827636719,
        5.077859878540039,
        5.5548176765441895,
        6.355774879455566,
        6.822475910186768,
        7.020642280578613,
        6.726696491241455,
        6.386813640594482,
        6.216067790985107,
        5.875321388244629
    ],
    "light_sequence": [
        0.0,
        0.0,
        0.0,
        0.0,
        0.0,
        0.0,
        0.0,
        0.0,
        0.0,
        0.0,
        0.0,
        0.0,
        0.0,
        0.0,
        0.0,
        0.0,
        0.0,
        0.0,
        0.0,
        0.0
    ],
    "is_collision_event": false
}