{
    "timestamp": 38.10000056773424,
    "x": 310.851806640625,
    "y": 195.22608947753906,
    "speed": 6.9909317325431575,
    "theta": 4.724672317504883,
    "near_node_x": 302.6701354980469,
    "near_node_y": 195.15724182128906,
    "near_command": 4,
    "far_node_x": 296.6701354980469,
    "far_node_y": 195.15675354003906,
    "far_command": 4,
    "angle_near": -0.22165280656409245,
    "angle_far": -0.4236537701527835,
    "steer": -0.02163727581501007,
    "throttle": 0.0,
    "brake": 0.30000001192092896,
    "is_red_light_present": 0,
    "vehicle_detected_flag": 0,
    "distanse": 25,
    "steer_sequence": [
        -0.024995245039463043,
        -0.11381895840167999,
        -0.013818956911563873,
        0.03385865315794945,
        -0.004881515633314848,
        -0.010783075354993343,
        -0.04414546489715576,
        0.036373574286699295,
        -0.003537761280313134,
        -0.021861044690012932,
        0.005086918827146292,
        -0.04739821329712868,
        0.02704295702278614,
        -0.007846541702747345,
        -0.00876905769109726,
        -0.03013095073401928,
        0.01865433342754841,
        -0.0032515067141503096,
        -0.03714367747306824,
        0.026970798149704933
    ],
    "throttle_sequence": [
        0.75,
        0.75,
        0.662821888923645,
        0.0,
        0.0,
        0.0,
        0.75,
        0.75,
        0.75,
        0.75,
        0.75,
        0.75,
        0.75,
        0.75,
        0.75,
        0.75,
        0.75,
        0.75,
        0.75,
        0.18341504037380219
    ],
    "brake_sequence": [
        0.0,
        0.0,
        0.0,
        0.30000001192092896,
        0.30000001192092896,
        0.30000001192092896,
        0.0,
        0.0,
        0.0,
        0.0,
        0.0,
        0.0,
        0.0,
        0.0,
        0.0,
        0.0,
        0.0,
        0.0,
        0.0,
        0.0
    ],
    "speed_sequence": [
        5.212191104888916,
        5.842188835144043,
        6.507879734039307,
        6.977105140686035,
        7.084504127502441,
        6.826232433319092,
        6.437102317810059,
        6.289408206939697,
        5.748963356018066,
        5.128339767456055,
        4.8605804443359375,
        4.866921901702881,
        4.983053684234619,
        5.117582321166992,
        5.105570316314697,
        5.105741500854492,
        5.1551971435546875,
        5.144140720367432,
        6.019247055053711,
        6.648498058319092
    ],
    "light_sequence": [
        0.0,
        0.0,
        0.0,
        0.0,
        0.0,
        0.0,
        0.0,
        0.0,
        0.0,
        0.0,
        0.0,
        0.0,
        0.0,
        0.0,
        0.0,
        0.0,
        0.0,
        0.0,
        0.0,
        0.0
    ],
    "is_collision_event": false
}