{
    "timestamp": 34.60000051558018,
    "x": 330.8433837890625,
    "y": 196.7007598876953,
    "speed": 6.355774655269168,
    "theta": 5.1079912185668945,
    "near_node_x": 323.6701354980469,
    "near_node_y": 195.15895080566406,
    "near_command": 4,
    "far_node_x": 316.6701354980469,
    "far_node_y": 195.1583709716797,
    "far_command": 4,
    "angle_near": -10.535793703912894,
    "angle_far": -16.45560688339855,
    "steer": -0.1954420804977417,
    "throttle": 0.75,
    "brake": 0.0,
    "is_red_light_present": 0,
    "vehicle_detected_flag": 0,
    "distanse": 25,
    "steer_sequence": [
        -0.2609412372112274,
        -0.1609412282705307,
        -0.2609412372112274,
        -0.20376944541931152,
        -0.103769451379776,
        -0.20376944541931152,
        -0.30376943945884705,
        -0.20376944541931152,
        -0.30376943945884705,
        -0.27739858627319336,
        -0.17739859223365784,
        -0.11071395128965378,
        -0.1360393762588501,
        -0.09388846158981323,
        -0.19388847053050995,
        -0.29388847947120667,
        -0.1954420804977417,
        -0.2954420745372772,
        -0.1954420804977417,
        -0.09544208645820618
    ],
    "throttle_sequence": [
        0.75,
        0.75,
        0.75,
        0.75,
        0.75,
        0.032386500388383865,
        0.0,
        0.0,
        0.75,
        0.75,
        0.75,
        0.75,
        0.75,
        0.75,
        0.75,
        0.75,
        0.75,
        0.75,
        0.75,
        0.75
    ],
    "brake_sequence": [
        0.0,
        0.0,
        0.0,
        0.0,
        0.0,
        0.0,
        0.30000001192092896,
        0.30000001192092896,
        0.0,
        0.0,
        0.0,
        0.0,
        0.0,
        0.0,
        0.0,
        0.0,
        0.0,
        0.0,
        0.0,
        0.0
    ],
    "speed_sequence": [
        6.116442680358887,
        6.118493556976318,
        6.294041156768799,
        6.425943374633789,
        6.656448841094971,
        6.930819988250732,
        7.030754566192627,
        6.718624591827393,
        6.369091510772705,
        6.1865553855896,
        5.462489604949951,
        4.969627857208252,
        4.8637518882751465,
        4.904049873352051,
        5.057143211364746,
        5.1841654777526855,
        5.068049430847168,
        5.125785827636719,
        5.077859878540039,
        5.5548176765441895
    ],
    "light_sequence": [
        0.0,
        0.0,
        0.0,
        0.0,
        0.0,
        0.0,
        0.0,
        0.0,
        0.0,
        0.0,
        0.0,
        0.0,
        0.0,
        0.0,
        0.0,
        0.0,
        0.0,
        0.0,
        0.0,
        0.0
    ],
    "is_collision_event": false
}