{
    "timestamp": 36.6000005453825,
    "x": 319.2240295410156,
    "y": 195.395751953125,
    "speed": 6.8262324079081775,
    "theta": 4.748875141143799,
    "near_node_x": 312.6701354980469,
    "near_node_y": 195.15805053710938,
    "near_command": 4,
    "far_node_x": 306.6701354980469,
    "far_node_y": 195.15756225585938,
    "far_command": 4,
    "angle_near": -0.013362698209826858,
    "angle_far": -1.0035337287789052,
    "steer": -0.010783075354993343,
    "throttle": 0.0,
    "brake": 0.30000001192092896,
    "is_red_light_present": 0,
    "vehicle_detected_flag": 0,
    "distanse": 25,
    "steer_sequence": [
        -0.1954420804977417,
        -0.15819601714611053,
        -0.25819602608680725,
        -0.15819601714611053,
        -0.058196019381284714,
        0.041803982108831406,
        -0.044941745698451996,
        -0.053234685212373734,
        -0.15323469042778015,
        -0.053234685212373734,
        0.046765316277742386,
        -0.024249203503131866,
        -0.12424920499324799,
        -0.024249203503131866,
        0.057893190532922745,
        -0.024995245039463043,
        -0.11381895840167999,
        -0.013818956911563873,
        0.03385865315794945,
        -0.004881515633314848
    ],
    "throttle_sequence": [
        0.75,
        0.0,
        0.0,
        0.0,
        0.75,
        0.75,
        0.75,
        0.75,
        0.75,
        0.75,
        0.75,
        0.75,
        0.75,
        0.75,
        0.75,
        0.75,
        0.75,
        0.662821888923645,
        0.0,
        0.0
    ],
    "brake_sequence": [
        0.0,
        0.30000001192092896,
        0.30000001192092896,
        0.30000001192092896,
        0.0,
        0.0,
        0.0,
        0.0,
        0.0,
        0.0,
        0.0,
        0.0,
        0.0,
        0.0,
        0.0,
        0.0,
        0.0,
        0.0,
        0.30000001192092896,
        0.30000001192092896
    ],
    "speed_sequence": [
        6.355774879455566,
        6.822475910186768,
        7.020642280578613,
        6.726696491241455,
        6.386813640594482,
        6.216067790985107,
        5.875321388244629,
        5.159322261810303,
        4.851371765136719,
        4.794772148132324,
        4.928297519683838,
        5.092871189117432,
        5.225632667541504,
        5.172942161560059,
        5.219399452209473,
        5.212191104888916,
        5.842188835144043,
        6.507879734039307,
        6.977105140686035,
        7.084504127502441
    ],
    "light_sequence": [
        0.0,
        0.0,
        0.0,
        0.0,
        0.0,
        0.0,
        0.0,
        0.0,
        0.0,
        0.0,
        0.0,
        0.0,
        0.0,
        0.0,
        0.0,
        0.0,
        0.0,
        0.0,
        0.0,
        0.0
    ],
    "is_collision_event": false
}