{
    "timestamp": 39.1000005826354,
    "x": 304.4217224121094,
    "y": 195.1805877685547,
    "speed": 6.814582116479135,
    "theta": 4.717327117919922,
    "near_node_x": 296.6701354980469,
    "near_node_y": 195.15675354003906,
    "near_command": 4,
    "far_node_x": 290.6701354980469,
    "far_node_y": 195.15626525878906,
    "far_command": 4,
    "angle_near": -0.10677249041863464,
    "angle_far": -0.18160313971277667,
    "steer": -0.009728393517434597,
    "throttle": 0.0,
    "brake": 0.30000001192092896,
    "is_red_light_present": 0,
    "vehicle_detected_flag": 0,
    "distanse": 25,
    "steer_sequence": [
        0.005086918827146292,
        -0.04739821329712868,
        0.02704295702278614,
        -0.007846541702747345,
        -0.00876905769109726,
        -0.03013095073401928,
        0.01865433342754841,
        -0.0032515067141503096,
        -0.03714367747306824,
        0.026970798149704933,
        -0.02163727581501007,
        0.002900736639276147,
        0.005937646608799696,
        -0.0062062120996415615,
        -0.012202542275190353,
        0.010009809397161007,
        -0.0021856457460671663,
        -0.012275316752493382,
        0.009161965921521187,
        -0.001790229114703834
    ],
    "throttle_sequence": [
        0.75,
        0.75,
        0.75,
        0.75,
        0.75,
        0.75,
        0.75,
        0.75,
        0.75,
        0.18341504037380219,
        0.0,
        0.0,
        0.6554780602455139,
        0.75,
        0.75,
        0.75,
        0.75,
        0.75,
        0.75,
        0.004002150148153305
    ],
    "brake_sequence": [
        0.0,
        0.0,
        0.0,
        0.0,
        0.0,
        0.0,
        0.0,
        0.0,
        0.0,
        0.0,
        0.30000001192092896,
        0.30000001192092896,
        0.0,
        0.0,
        0.0,
        0.0,
        0.0,
        0.0,
        0.0,
        0.0
    ],
    "speed_sequence": [
        4.8605804443359375,
        4.866921901702881,
        4.983053684234619,
        5.117582321166992,
        5.105570316314697,
        5.105741500854492,
        5.1551971435546875,
        5.144140720367432,
        6.019247055053711,
        6.648498058319092,
        6.990931510925293,
        6.862781047821045,
        6.50460958480835,
        6.19924259185791,
        6.044833660125732,
        6.028032302856445,
        6.108785152435303,
        6.2581987380981445,
        6.451495170593262,
        6.67182731628418
    ],
    "light_sequence": [
        0.0,
        0.0,
        0.0,
        0.0,
        0.0,
        0.0,
        0.0,
        0.0,
        0.0,
        0.0,
        0.0,
        0.0,
        0.0,
        0.0,
        0.0,
        0.0,
        0.0,
        0.0,
        0.0,
        0.0
    ],
    "is_collision_event": false
}