{
    "timestamp": 40.40000060200691,
    "x": 296.08367919921875,
    "y": 195.16171264648438,
    "speed": 6.1474776008113645,
    "theta": 4.7130208015441895,
    "near_node_x": 288.6701354980469,
    "near_node_y": 195.15609741210938,
    "near_command": 4,
    "far_node_x": 282.6701354980469,
    "far_node_y": 195.15560913085938,
    "far_command": 4,
    "angle_near": 0.007202496290550902,
    "angle_far": -0.010123904336147632,
    "steer": 0.001765744760632515,
    "throttle": 0.75,
    "brake": 0.0,
    "is_red_light_present": 0,
    "vehicle_detected_flag": 1,
    "distanse": 24.245065689086914,
    "steer_sequence": [
        -0.0062062120996415615,
        -0.012202542275190353,
        0.010009809397161007,
        -0.0021856457460671663,
        -0.012275316752493382,
        0.009161965921521187,
        -0.001790229114703834,
        -0.009728393517434597,
        0.006919056177139282,
        -0.00037075893487781286,
        -0.006753864698112011,
        0.004758509807288647,
        -8.047447408898734e-06,
        -0.004783330950886011,
        0.0035725943744182587,
        -0.00029457989148795605,
        -0.003289845772087574,
        0.0024139350280165672,
        8.100602281047031e-05,
        -0.0016748777125030756
    ],
    "throttle_sequence": [
        0.75,
        0.75,
        0.75,
        0.75,
        0.75,
        0.75,
        0.004002150148153305,
        0.0,
        0.1911097764968872,
        0.75,
        0.75,
        0.75,
        0.75,
        0.75,
        0.75,
        0.166574627161026,
        0.0,
        0.2672233581542969,
        0.75,
        0.75
    ],
    "brake_sequence": [
        0.0,
        0.0,
        0.0,
        0.0,
        0.0,
        0.0,
        0.0,
        0.30000001192092896,
        0.0,
        0.0,
        0.0,
        0.0,
        0.0,
        0.0,
        0.0,
        0.0,
        0.30000001192092896,
        0.0,
        0.0,
        0.0
    ],
    "speed_sequence": [
        6.19924259185791,
        6.044833660125732,
        6.028032302856445,
        6.108785152435303,
        6.2581987380981445,
        6.451495170593262,
        6.67182731628418,
        6.814582347869873,
        6.6209235191345215,
        6.37294340133667,
        6.1618757247924805,
        6.084753513336182,
        6.123047351837158,
        6.2429656982421875,
        6.417562961578369,
        6.626668930053711,
        6.769063949584961,
        6.5990376472473145,
        6.3706374168396,
        6.193188190460205
    ],
    "light_sequence": [
        0.0,
        0.0,
        0.0,
        0.0,
        0.0,
        0.0,
        0.0,
        0.0,
        0.0,
        0.0,
        0.0,
        0.0,
        0.0,
        0.0,
        0.0,
        0.0,
        0.0,
        0.0,
        0.0,
        0.0
    ],
    "is_collision_event": false
}