{
    "timestamp": 43.400000646710396,
    "x": 276.8231506347656,
    "y": 195.15310668945312,
    "speed": 6.695153908183954,
    "theta": 4.711947917938232,
    "near_node_x": 268.6701354980469,
    "near_node_y": 195.15447998046875,
    "near_command": 4,
    "far_node_x": 262.6701354980469,
    "far_node_y": 195.15399169921875,
    "far_command": 4,
    "angle_near": 0.015629471761058153,
    "angle_far": 0.02169755965980756,
    "steer": 0.0009127240628004074,
    "throttle": 0.0,
    "brake": 0.08354591578245163,
    "is_red_light_present": 0,
    "vehicle_detected_flag": 0,
    "distanse": 25,
    "steer_sequence": [
        0.0004884513909928501,
        0.00014714653661940247,
        0.00035624695010483265,
        0.00030343938851729035,
        8.624365000287071e-05,
        0.0004802020266652107,
        0.0007871742709539831,
        0.0005060923285782337,
        0.0006103417836129665,
        0.00020539081015158445,
        0.00028988978010602295,
        0.0007637732778675854,
        -1.3220665096014272e-05,
        7.387913501588628e-05,
        0.0008763641235418618,
        0.000531181285623461,
        0.0003008207131642848,
        0.0008506235899403691,
        1.1827472917502746e-05,
        0.00029803032521158457
    ],
    "throttle_sequence": [
        0.75,
        0.75,
        0.45232442021369934,
        0.0,
        0.04721047356724739,
        0.7391670942306519,
        0.75,
        0.75,
        0.75,
        0.75,
        0.75,
        0.2909621298313141,
        0.0,
        0.2281409651041031,
        0.75,
        0.75,
        0.75,
        0.75,
        0.75,
        0.4885203242301941
    ],
    "brake_sequence": [
        0.0,
        0.0,
        0.0,
        0.12941114604473114,
        0.0,
        0.0,
        0.0,
        0.0,
        0.0,
        0.0,
        0.0,
        0.0,
        0.2377244085073471,
        0.0,
        0.0,
        0.0,
        0.0,
        0.0,
        0.0,
        0.0
    ],
    "speed_sequence": [
        6.193721294403076,
        6.349956035614014,
        6.54783821105957,
        6.708965301513672,
        6.660006523132324,
        6.468365669250488,
        6.232572078704834,
        6.1167826652526855,
        6.1279473304748535,
        6.22873067855835,
        6.390815258026123,
        6.592287063598633,
        6.738655090332031,
        6.6095290184021,
        6.401230335235596,
        6.219513416290283,
        6.166892051696777,
        6.222912311553955,
        6.3547444343566895,
        6.537022590637207
    ],
    "light_sequence": [
        0.0,
        0.0,
        0.0,
        0.0,
        0.0,
        0.0,
        0.0,
        0.0,
        0.0,
        0.0,
        0.0,
        0.0,
        0.0,
        0.0,
        0.0,
        0.0,
        0.0,
        0.0,
        0.0,
        0.0
    ],
    "is_collision_event": false
}