{
    "timestamp": 48.70000072568655,
    "x": 242.80360412597656,
    "y": 195.1499786376953,
    "speed": 6.740968095975532,
    "theta": 4.711882591247559,
    "near_node_x": 234.67019653320312,
    "near_node_y": 195.15171813964844,
    "near_command": 4,
    "far_node_x": 228.67018127441406,
    "far_node_y": 195.15122985839844,
    "far_command": 4,
    "angle_near": 0.016769375413307863,
    "angle_far": 0.023950944683638453,
    "steer": 0.0010916152969002724,
    "throttle": 0.0,
    "brake": 0.24807600677013397,
    "is_red_light_present": 0,
    "vehicle_detected_flag": 1,
    "distanse": 24.62470817565918,
    "steer_sequence": [
        -7.156545325415209e-05,
        0.00039034493966028094,
        0.0009724660776555538,
        -0.00020144693553447723,
        0.00011092446948168799,
        0.0011706779478117824,
        0.00033904414158314466,
        0.0003045465564355254,
        0.00115492707118392,
        -0.00011760318739106879,
        0.00024757342180237174,
        0.0010418589226901531,
        -0.00018265805556438863,
        1.566986793477554e-05,
        0.0012995261931791902,
        0.0002957398828584701,
        0.0001738929859129712,
        0.0011301959166303277,
        -0.00012663078086916357,
        0.0002107792388414964
    ],
    "throttle_sequence": [
        0.75,
        0.75,
        0.08183062821626663,
        0.0,
        0.25588515400886536,
        0.75,
        0.75,
        0.75,
        0.75,
        0.75,
        0.6444916129112244,
        0.0,
        0.0,
        0.548592209815979,
        0.75,
        0.75,
        0.75,
        0.75,
        0.75,
        0.2699640691280365
    ],
    "brake_sequence": [
        0.0,
        0.0,
        0.0,
        0.30000001192092896,
        0.0,
        0.0,
        0.0,
        0.0,
        0.0,
        0.0,
        0.0,
        0.029268566519021988,
        0.273903489112854,
        0.0,
        0.0,
        0.0,
        0.0,
        0.0,
        0.0,
        0.0
    ],
    "speed_sequence": [
        6.275341033935547,
        6.444247245788574,
        6.649869441986084,
        6.78706169128418,
        6.601265907287598,
        6.363394737243652,
        6.177215576171875,
        6.124323844909668,
        6.180048942565918,
        6.311705589294434,
        6.493948936462402,
        6.680495738983154,
        6.748206615447998,
        6.520438194274902,
        6.27245569229126,
        6.144449710845947,
        6.146533966064453,
        6.2410101890563965,
        6.398866176605225,
        6.5976972579956055
    ],
    "light_sequence": [
        0.0,
        0.0,
        0.0,
        0.0,
        0.0,
        0.0,
        0.0,
        0.0,
        0.0,
        0.0,
        0.0,
        0.0,
        0.0,
        0.0,
        0.0,
        0.0,
        0.0,
        0.0,
        0.0,
        0.0
    ],
    "is_collision_event": false
}