{
    "timestamp": 49.900000743567944,
    "x": 235.07347106933594,
    "y": 195.14927673339844,
    "speed": 6.1183682552296155,
    "theta": 4.711810111999512,
    "near_node_x": 228.67018127441406,
    "near_node_y": 195.15122985839844,
    "near_command": 4,
    "far_node_x": 222.67019653320312,
    "far_node_y": 195.15074157714844,
    "far_command": 4,
    "angle_near": 0.01571341087946702,
    "angle_far": 0.02642300107678492,
    "steer": 0.0006001018336974084,
    "throttle": 0.75,
    "brake": 0.0,
    "is_red_light_present": 0,
    "vehicle_detected_flag": 0,
    "distanse": 25,
    "steer_sequence": [
        -0.00018265805556438863,
        1.566986793477554e-05,
        0.0012995261931791902,
        0.0002957398828584701,
        0.0001738929859129712,
        0.0011301959166303277,
        -0.00012663078086916357,
        0.0002107792388414964,
        0.0010916152969002724,
        -0.00039569000364281237,
        0.00032701820600777864,
        0.0010182036785408854,
        0.0008567469194531441,
        -0.0001554247719468549,
        0.0004491166037041694,
        0.0010038198670372367,
        -0.00025180194643326104,
        0.0007957363850437105,
        0.00019378661818336695,
        0.0007751039229333401
    ],
    "throttle_sequence": [
        0.0,
        0.548592209815979,
        0.75,
        0.75,
        0.75,
        0.75,
        0.75,
        0.2699640691280365,
        0.0,
        0.24747295677661896,
        0.75,
        0.75,
        0.75,
        0.75,
        0.75,
        0.4551027715206146,
        0.0,
        0.050823405385017395,
        0.7378895282745361,
        0.75
    ],
    "brake_sequence": [
        0.273903489112854,
        0.0,
        0.0,
        0.0,
        0.0,
        0.0,
        0.0,
        0.0,
        0.24807600677013397,
        0.0,
        0.0,
        0.0,
        0.0,
        0.0,
        0.0,
        0.0,
        0.10199319571256638,
        0.0,
        0.0,
        0.0
    ],
    "speed_sequence": [
        6.748206615447998,
        6.520438194274902,
        6.27245569229126,
        6.144449710845947,
        6.146533966064453,
        6.2410101890563965,
        6.398866176605225,
        6.5976972579956055,
        6.740968227386475,
        6.603537559509277,
        6.392284393310547,
        6.215436935424805,
        6.168145179748535,
        6.227929592132568,
        6.362346649169922,
        6.5462541580200195,
        6.700234413146973,
        6.657654762268066,
        6.467507839202881,
        6.232805252075195
    ],
    "light_sequence": [
        0.0,
        0.0,
        0.0,
        0.0,
        0.0,
        0.0,
        0.0,
        0.0,
        0.0,
        0.0,
        0.0,
        0.0,
        0.0,
        0.0,
        0.0,
        0.0,
        0.0,
        0.0,
        0.0,
        0.0
    ],
    "is_collision_event": false
}