{
    "timestamp": 44.80000066757202,
    "x": 267.8656311035156,
    "y": 195.15185546875,
    "speed": 6.097535013289065,
    "theta": 4.711887836456299,
    "near_node_x": 260.6701354980469,
    "near_node_y": 195.15382385253906,
    "near_command": 4,
    "far_node_x": 254.67019653320312,
    "far_node_y": 195.15333557128906,
    "far_command": 4,
    "angle_near": 0.013049060233440806,
    "angle_far": 0.022296025880217816,
    "steer": -0.00022983862436376512,
    "throttle": 0.75,
    "brake": 0.0,
    "is_red_light_present": 0,
    "vehicle_detected_flag": 1,
    "distanse": 24.627761840820312,
    "steer_sequence": [
        0.0008763641235418618,
        0.000531181285623461,
        0.0003008207131642848,
        0.0008506235899403691,
        1.1827472917502746e-05,
        0.00029803032521158457,
        0.0009127240628004074,
        -0.00017925805877894163,
        0.0002963147999253124,
        0.0010779423173516989,
        0.0010331656085327268,
        -7.29943931219168e-05,
        0.00045779559877701104,
        0.0011066439328715205,
        -0.0003247177810408175,
        0.0004239646368660033,
        0.0010111744049936533,
        -0.0002970198402181268,
        0.0008385930559597909,
        0.0014184522442519665
    ],
    "throttle_sequence": [
        0.75,
        0.75,
        0.75,
        0.75,
        0.75,
        0.4885203242301941,
        0.0,
        0.0012350272154435515,
        0.691666305065155,
        0.75,
        0.75,
        0.75,
        0.75,
        0.75,
        0.5030004978179932,
        0.0,
        0.0,
        0.6788411736488342,
        0.75,
        0.75
    ],
    "brake_sequence": [
        0.0,
        0.0,
        0.0,
        0.0,
        0.0,
        0.0,
        0.08354591578245163,
        0.0,
        0.0,
        0.0,
        0.0,
        0.0,
        0.0,
        0.0,
        0.0,
        0.10582037270069122,
        0.028209032490849495,
        0.0,
        0.0,
        0.0
    ],
    "speed_sequence": [
        6.401230335235596,
        6.219513416290283,
        6.166892051696777,
        6.222912311553955,
        6.3547444343566895,
        6.537022590637207,
        6.695153713226318,
        6.671420097351074,
        6.48030424118042,
        6.228274345397949,
        6.0930938720703125,
        6.090147495269775,
        6.181020259857178,
        6.336521148681641,
        6.533957481384277,
        6.702648162841797,
        6.681142807006836,
        6.485230922698975,
        6.2338995933532715,
        6.099710941314697
    ],
    "light_sequence": [
        0.0,
        0.0,
        0.0,
        0.0,
        0.0,
        0.0,
        0.0,
        0.0,
        0.0,
        0.0,
        0.0,
        0.0,
        0.0,
        0.0,
        0.0,
        0.0,
        0.0,
        0.0,
        0.0,
        0.0
    ],
    "is_collision_event": false
}