{
    "timestamp": 42.00000062584877,
    "x": 285.7840270996094,
    "y": 195.15487670898438,
    "speed": 6.232572185009016,
    "theta": 4.712091445922852,
    "near_node_x": 278.6701354980469,
    "near_node_y": 195.15528869628906,
    "near_command": 4,
    "far_node_x": 272.6701354980469,
    "far_node_y": 195.15480041503906,
    "far_command": 4,
    "angle_near": 0.013738629465685121,
    "angle_far": 0.01739013912430416,
    "steer": 0.0007871742709539831,
    "throttle": 0.75,
    "brake": 0.0,
    "is_red_light_present": 0,
    "vehicle_detected_flag": 1,
    "distanse": 24.55909538269043,
    "steer_sequence": [
        -0.003289845772087574,
        0.0024139350280165672,
        8.100602281047031e-05,
        -0.0016748777125030756,
        0.001765744760632515,
        0.0001635086809983477,
        -0.0012191291898488998,
        0.0012922900496050715,
        0.00011316422751406208,
        -0.0007484195521101356,
        0.000904570275451988,
        0.0007012591231614351,
        0.0001775549171725288,
        0.00029472599271684885,
        0.0004884513909928501,
        0.00014714653661940247,
        0.00035624695010483265,
        0.00030343938851729035,
        8.624365000287071e-05,
        0.0004802020266652107
    ],
    "throttle_sequence": [
        0.0,
        0.2672233581542969,
        0.75,
        0.75,
        0.75,
        0.75,
        0.75,
        0.5216003656387329,
        0.0,
        0.0,
        0.6706355214118958,
        0.75,
        0.75,
        0.75,
        0.75,
        0.75,
        0.45232442021369934,
        0.0,
        0.04721047356724739,
        0.7391670942306519
    ],
    "brake_sequence": [
        0.30000001192092896,
        0.0,
        0.0,
        0.0,
        0.0,
        0.0,
        0.0,
        0.0,
        0.07267749309539795,
        0.05228066071867943,
        0.0,
        0.0,
        0.0,
        0.0,
        0.0,
        0.0,
        0.0,
        0.12941114604473114,
        0.0,
        0.0
    ],
    "speed_sequence": [
        6.769063949584961,
        6.5990376472473145,
        6.3706374168396,
        6.193188190460205,
        6.147477626800537,
        6.2082839012146,
        6.343472957611084,
        6.527908802032471,
        6.692282199859619,
        6.686481952667236,
        6.486404895782471,
        6.236277103424072,
        6.103152751922607,
        6.101755142211914,
        6.193721294403076,
        6.349956035614014,
        6.54783821105957,
        6.708965301513672,
        6.660006523132324,
        6.468365669250488
    ],
    "light_sequence": [
        0.0,
        0.0,
        0.0,
        0.0,
        0.0,
        0.0,
        0.0,
        0.0,
        0.0,
        0.0,
        0.0,
        0.0,
        0.0,
        0.0,
        0.0,
        0.0,
        0.0,
        0.0,
        0.0,
        0.0
    ],
    "is_collision_event": false
}