{
    "timestamp": 40.100000597536564,
    "x": 297.97955322265625,
    "y": 195.1644287109375,
    "speed": 6.599037435801817,
    "theta": 4.713472366333008,
    "near_node_x": 290.6701354980469,
    "near_node_y": 195.15626525878906,
    "near_command": 4,
    "far_node_x": 284.6701354980469,
    "far_node_y": 195.15577697753906,
    "far_command": 4,
    "angle_near": 0.0019224617955652396,
    "angle_far": -0.02482286060156634,
    "steer": 0.0024139350280165672,
    "throttle": 0.2672233581542969,
    "brake": 0.0,
    "is_red_light_present": 0,
    "vehicle_detected_flag": 1,
    "distanse": 24.737234115600586,
    "steer_sequence": [
        -0.02163727581501007,
        0.002900736639276147,
        0.005937646608799696,
        -0.0062062120996415615,
        -0.012202542275190353,
        0.010009809397161007,
        -0.0021856457460671663,
        -0.012275316752493382,
        0.009161965921521187,
        -0.001790229114703834,
        -0.009728393517434597,
        0.006919056177139282,
        -0.00037075893487781286,
        -0.006753864698112011,
        0.004758509807288647,
        -8.047447408898734e-06,
        -0.004783330950886011,
        0.0035725943744182587,
        -0.00029457989148795605,
        -0.003289845772087574
    ],
    "throttle_sequence": [
        0.0,
        0.0,
        0.6554780602455139,
        0.75,
        0.75,
        0.75,
        0.75,
        0.75,
        0.75,
        0.004002150148153305,
        0.0,
        0.1911097764968872,
        0.75,
        0.75,
        0.75,
        0.75,
        0.75,
        0.75,
        0.166574627161026,
        0.0
    ],
    "brake_sequence": [
        0.30000001192092896,
        0.30000001192092896,
        0.0,
        0.0,
        0.0,
        0.0,
        0.0,
        0.0,
        0.0,
        0.0,
        0.30000001192092896,
        0.0,
        0.0,
        0.0,
        0.0,
        0.0,
        0.0,
        0.0,
        0.0,
        0.30000001192092896
    ],
    "speed_sequence": [
        6.990931510925293,
        6.862781047821045,
        6.50460958480835,
        6.19924259185791,
        6.044833660125732,
        6.028032302856445,
        6.108785152435303,
        6.2581987380981445,
        6.451495170593262,
        6.67182731628418,
        6.814582347869873,
        6.6209235191345215,
        6.37294340133667,
        6.1618757247924805,
        6.084753513336182,
        6.123047351837158,
        6.2429656982421875,
        6.417562961578369,
        6.626668930053711,
        6.769063949584961
    ],
    "light_sequence": [
        0.0,
        0.0,
        0.0,
        0.0,
        0.0,
        0.0,
        0.0,
        0.0,
        0.0,
        0.0,
        0.0,
        0.0,
        0.0,
        0.0,
        0.0,
        0.0,
        0.0,
        0.0,
        0.0,
        0.0
    ],
    "is_collision_event": false
}