{
    "timestamp": 49.0000007301569,
    "x": 240.85159301757812,
    "y": 195.14990234375,
    "speed": 6.215436756412986,
    "theta": 4.7118306159973145,
    "near_node_x": 234.67019653320312,
    "near_node_y": 195.15171813964844,
    "near_command": 4,
    "far_node_x": 228.67018127441406,
    "far_node_y": 195.15122985839844,
    "far_command": 4,
    "angle_near": 0.015184187681339913,
    "angle_far": 0.025770900797831578,
    "steer": 0.0010182036785408854,
    "throttle": 0.75,
    "brake": 0.0,
    "is_red_light_present": 0,
    "vehicle_detected_flag": 0,
    "distanse": 25,
    "steer_sequence": [
        -0.00020144693553447723,
        0.00011092446948168799,
        0.0011706779478117824,
        0.00033904414158314466,
        0.0003045465564355254,
        0.00115492707118392,
        -0.00011760318739106879,
        0.00024757342180237174,
        0.0010418589226901531,
        -0.00018265805556438863,
        1.566986793477554e-05,
        0.0012995261931791902,
        0.0002957398828584701,
        0.0001738929859129712,
        0.0011301959166303277,
        -0.00012663078086916357,
        0.0002107792388414964,
        0.0010916152969002724,
        -0.00039569000364281237,
        0.00032701820600777864
    ],
    "throttle_sequence": [
        0.0,
        0.25588515400886536,
        0.75,
        0.75,
        0.75,
        0.75,
        0.75,
        0.6444916129112244,
        0.0,
        0.0,
        0.548592209815979,
        0.75,
        0.75,
        0.75,
        0.75,
        0.75,
        0.2699640691280365,
        0.0,
        0.24747295677661896,
        0.75
    ],
    "brake_sequence": [
        0.30000001192092896,
        0.0,
        0.0,
        0.0,
        0.0,
        0.0,
        0.0,
        0.0,
        0.029268566519021988,
        0.273903489112854,
        0.0,
        0.0,
        0.0,
        0.0,
        0.0,
        0.0,
        0.0,
        0.24807600677013397,
        0.0,
        0.0
    ],
    "speed_sequence": [
        6.78706169128418,
        6.601265907287598,
        6.363394737243652,
        6.177215576171875,
        6.124323844909668,
        6.180048942565918,
        6.311705589294434,
        6.493948936462402,
        6.680495738983154,
        6.748206615447998,
        6.520438194274902,
        6.27245569229126,
        6.144449710845947,
        6.146533966064453,
        6.2410101890563965,
        6.398866176605225,
        6.5976972579956055,
        6.740968227386475,
        6.603537559509277,
        6.392284393310547
    ],
    "light_sequence": [
        0.0,
        0.0,
        0.0,
        0.0,
        0.0,
        0.0,
        0.0,
        0.0,
        0.0,
        0.0,
        0.0,
        0.0,
        0.0,
        0.0,
        0.0,
        0.0,
        0.0,
        0.0,
        0.0,
        0.0
    ],
    "is_collision_event": false
}