{
    "timestamp": 42.30000063031912,
    "x": 283.9291076660156,
    "y": 195.15426635742188,
    "speed": 6.228730853175596,
    "theta": 4.7120585441589355,
    "near_node_x": 276.6701354980469,
    "near_node_y": 195.15512084960938,
    "near_command": 4,
    "far_node_x": 270.6701354980469,
    "far_node_y": 195.15463256835938,
    "far_command": 4,
    "angle_near": 0.012211005254799458,
    "angle_far": 0.017373094562794376,
    "steer": 0.00020539081015158445,
    "throttle": 0.75,
    "brake": 0.0,
    "is_red_light_present": 0,
    "vehicle_detected_flag": 1,
    "distanse": 24.297075271606445,
    "steer_sequence": [
        -0.0016748777125030756,
        0.001765744760632515,
        0.0001635086809983477,
        -0.0012191291898488998,
        0.0012922900496050715,
        0.00011316422751406208,
        -0.0007484195521101356,
        0.000904570275451988,
        0.0007012591231614351,
        0.0001775549171725288,
        0.00029472599271684885,
        0.0004884513909928501,
        0.00014714653661940247,
        0.00035624695010483265,
        0.00030343938851729035,
        8.624365000287071e-05,
        0.0004802020266652107,
        0.0007871742709539831,
        0.0005060923285782337,
        0.0006103417836129665
    ],
    "throttle_sequence": [
        0.75,
        0.75,
        0.75,
        0.75,
        0.5216003656387329,
        0.0,
        0.0,
        0.6706355214118958,
        0.75,
        0.75,
        0.75,
        0.75,
        0.75,
        0.45232442021369934,
        0.0,
        0.04721047356724739,
        0.7391670942306519,
        0.75,
        0.75,
        0.75
    ],
    "brake_sequence": [
        0.0,
        0.0,
        0.0,
        0.0,
        0.0,
        0.07267749309539795,
        0.05228066071867943,
        0.0,
        0.0,
        0.0,
        0.0,
        0.0,
        0.0,
        0.0,
        0.12941114604473114,
        0.0,
        0.0,
        0.0,
        0.0,
        0.0
    ],
    "speed_sequence": [
        6.193188190460205,
        6.147477626800537,
        6.2082839012146,
        6.343472957611084,
        6.527908802032471,
        6.692282199859619,
        6.686481952667236,
        6.486404895782471,
        6.236277103424072,
        6.103152751922607,
        6.101755142211914,
        6.193721294403076,
        6.349956035614014,
        6.54783821105957,
        6.708965301513672,
        6.660006523132324,
        6.468365669250488,
        6.232572078704834,
        6.1167826652526855,
        6.1279473304748535
    ],
    "light_sequence": [
        0.0,
        0.0,
        0.0,
        0.0,
        0.0,
        0.0,
        0.0,
        0.0,
        0.0,
        0.0,
        0.0,
        0.0,
        0.0,
        0.0,
        0.0,
        0.0,
        0.0,
        0.0,
        0.0,
        0.0
    ],
    "is_collision_event": false
}