{
    "timestamp": 46.70000069588423,
    "x": 255.7061309814453,
    "y": 195.1507568359375,
    "speed": 6.275340950096766,
    "theta": 4.711884021759033,
    "near_node_x": 248.67019653320312,
    "near_node_y": 195.15284729003906,
    "near_command": 4,
    "far_node_x": 242.67019653320312,
    "far_node_y": 195.15235900878906,
    "far_command": 4,
    "angle_near": 0.011904461437668323,
    "angle_far": 0.021885772389584446,
    "steer": -7.156545325415209e-05,
    "throttle": 0.75,
    "brake": 0.0,
    "is_red_light_present": 0,
    "vehicle_detected_flag": 1,
    "distanse": 24.728368759155273,
    "steer_sequence": [
        0.0014184522442519665,
        -0.00022983862436376512,
        0.000396745657781139,
        0.0011683879420161247,
        -0.00029258604627102613,
        0.0003706956631503999,
        0.001033186912536621,
        -0.00025326499599032104,
        0.0008915101643651724,
        0.0013770705554634333,
        -0.0002446604776196182,
        0.000435493653640151,
        0.0005151089280843735,
        0.0008221238385885954,
        -0.00015183263167273253,
        0.0008428394794464111,
        0.00015663237718399614,
        0.0007625971338711679,
        0.0005799153004772961,
        0.0008756536990404129
    ],
    "throttle_sequence": [
        0.75,
        0.75,
        0.75,
        0.75,
        0.47169947624206543,
        0.0,
        0.019621560350060463,
        0.7114573121070862,
        0.75,
        0.75,
        0.75,
        0.75,
        0.75,
        0.41171929240226746,
        0.0,
        0.10022478550672531,
        0.75,
        0.75,
        0.75,
        0.75
    ],
    "brake_sequence": [
        0.0,
        0.0,
        0.0,
        0.0,
        0.0,
        0.12025057524442673,
        0.0,
        0.0,
        0.0,
        0.0,
        0.0,
        0.0,
        0.0,
        0.0,
        0.1552138328552246,
        0.0,
        0.0,
        0.0,
        0.0,
        0.0
    ],
    "speed_sequence": [
        6.099710941314697,
        6.097535133361816,
        6.188975811004639,
        6.344841003417969,
        6.542492866516113,
        6.706480503082275,
        6.6677350997924805,
        6.476094722747803,
        6.230818271636963,
        6.103671550750732,
        6.106614112854004,
        6.2016496658325195,
        6.359906196594238,
        6.559044361114502,
        6.716078281402588,
        6.6453022956848145,
        6.451586723327637,
        6.233102798461914,
        6.1381120681762695,
        6.16416597366333
    ],
    "light_sequence": [
        0.0,
        0.0,
        0.0,
        0.0,
        0.0,
        0.0,
        0.0,
        0.0,
        0.0,
        0.0,
        0.0,
        0.0,
        0.0,
        0.0,
        0.0,
        0.0,
        0.0,
        0.0,
        0.0,
        0.0
    ],
    "is_collision_event": false
}