{
    "timestamp": 47.300000704824924,
    "x": 251.7812042236328,
    "y": 195.15077209472656,
    "speed": 6.177215387338895,
    "theta": 4.711895942687988,
    "near_node_x": 244.67019653320312,
    "near_node_y": 195.15252685546875,
    "near_command": 4,
    "far_node_x": 238.67019653320312,
    "far_node_y": 195.15203857421875,
    "far_command": 4,
    "angle_near": 0.01410595598282895,
    "angle_far": 0.022710072250474476,
    "steer": 0.00033904414158314466,
    "throttle": 0.75,
    "brake": 0.0,
    "is_red_light_present": 0,
    "vehicle_detected_flag": 0,
    "distanse": 25,
    "steer_sequence": [
        0.001033186912536621,
        -0.00025326499599032104,
        0.0008915101643651724,
        0.0013770705554634333,
        -0.0002446604776196182,
        0.000435493653640151,
        0.0005151089280843735,
        0.0008221238385885954,
        -0.00015183263167273253,
        0.0008428394794464111,
        0.00015663237718399614,
        0.0007625971338711679,
        0.0005799153004772961,
        0.0008756536990404129,
        -7.156545325415209e-05,
        0.00039034493966028094,
        0.0009724660776555538,
        -0.00020144693553447723,
        0.00011092446948168799,
        0.0011706779478117824
    ],
    "throttle_sequence": [
        0.019621560350060463,
        0.7114573121070862,
        0.75,
        0.75,
        0.75,
        0.75,
        0.75,
        0.41171929240226746,
        0.0,
        0.10022478550672531,
        0.75,
        0.75,
        0.75,
        0.75,
        0.75,
        0.75,
        0.08183062821626663,
        0.0,
        0.25588515400886536,
        0.75
    ],
    "brake_sequence": [
        0.0,
        0.0,
        0.0,
        0.0,
        0.0,
        0.0,
        0.0,
        0.0,
        0.1552138328552246,
        0.0,
        0.0,
        0.0,
        0.0,
        0.0,
        0.0,
        0.0,
        0.0,
        0.30000001192092896,
        0.0,
        0.0
    ],
    "speed_sequence": [
        6.6677350997924805,
        6.476094722747803,
        6.230818271636963,
        6.103671550750732,
        6.106614112854004,
        6.2016496658325195,
        6.359906196594238,
        6.559044361114502,
        6.716078281402588,
        6.6453022956848145,
        6.451586723327637,
        6.233102798461914,
        6.1381120681762695,
        6.16416597366333,
        6.275341033935547,
        6.444247245788574,
        6.649869441986084,
        6.78706169128418,
        6.601265907287598,
        6.363394737243652
    ],
    "light_sequence": [
        0.0,
        0.0,
        0.0,
        0.0,
        0.0,
        0.0,
        0.0,
        0.0,
        0.0,
        0.0,
        0.0,
        0.0,
        0.0,
        0.0,
        0.0,
        0.0,
        0.0,
        0.0,
        0.0,
        0.0
    ],
    "is_collision_event": false
}