{
    "timestamp": 42.8000006377697,
    "x": 280.646484375,
    "y": 195.1538848876953,
    "speed": 6.401230520102795,
    "theta": 4.712043762207031,
    "near_node_x": 272.6701354980469,
    "near_node_y": 195.15480041503906,
    "near_command": 4,
    "far_node_x": 266.6701354980469,
    "far_node_y": 195.15431213378906,
    "far_command": 4,
    "angle_near": 0.013212455306048957,
    "angle_far": 0.01803739202727986,
    "steer": 0.0008763641235418618,
    "throttle": 0.75,
    "brake": 0.0,
    "is_red_light_present": 0,
    "vehicle_detected_flag": 1,
    "distanse": 24.686086654663086,
    "steer_sequence": [
        0.00011316422751406208,
        -0.0007484195521101356,
        0.000904570275451988,
        0.0007012591231614351,
        0.0001775549171725288,
        0.00029472599271684885,
        0.0004884513909928501,
        0.00014714653661940247,
        0.00035624695010483265,
        0.00030343938851729035,
        8.624365000287071e-05,
        0.0004802020266652107,
        0.0007871742709539831,
        0.0005060923285782337,
        0.0006103417836129665,
        0.00020539081015158445,
        0.00028988978010602295,
        0.0007637732778675854,
        -1.3220665096014272e-05,
        7.387913501588628e-05
    ],
    "throttle_sequence": [
        0.0,
        0.0,
        0.6706355214118958,
        0.75,
        0.75,
        0.75,
        0.75,
        0.75,
        0.45232442021369934,
        0.0,
        0.04721047356724739,
        0.7391670942306519,
        0.75,
        0.75,
        0.75,
        0.75,
        0.75,
        0.2909621298313141,
        0.0,
        0.2281409651041031
    ],
    "brake_sequence": [
        0.07267749309539795,
        0.05228066071867943,
        0.0,
        0.0,
        0.0,
        0.0,
        0.0,
        0.0,
        0.0,
        0.12941114604473114,
        0.0,
        0.0,
        0.0,
        0.0,
        0.0,
        0.0,
        0.0,
        0.0,
        0.2377244085073471,
        0.0
    ],
    "speed_sequence": [
        6.692282199859619,
        6.686481952667236,
        6.486404895782471,
        6.236277103424072,
        6.103152751922607,
        6.101755142211914,
        6.193721294403076,
        6.349956035614014,
        6.54783821105957,
        6.708965301513672,
        6.660006523132324,
        6.468365669250488,
        6.232572078704834,
        6.1167826652526855,
        6.1279473304748535,
        6.22873067855835,
        6.390815258026123,
        6.592287063598633,
        6.738655090332031,
        6.6095290184021
    ],
    "light_sequence": [
        0.0,
        0.0,
        0.0,
        0.0,
        0.0,
        0.0,
        0.0,
        0.0,
        0.0,
        0.0,
        0.0,
        0.0,
        0.0,
        0.0,
        0.0,
        0.0,
        0.0,
        0.0,
        0.0,
        0.0
    ],
    "is_collision_event": false
}