{
    "timestamp": 41.100000612437725,
    "x": 291.5473327636719,
    "y": 195.15773010253906,
    "speed": 6.23627704276205,
    "theta": 4.712477684020996,
    "near_node_x": 284.6701354980469,
    "near_node_y": 195.15577697753906,
    "near_command": 4,
    "far_node_x": 278.6701354980469,
    "far_node_y": 195.15528869628906,
    "far_command": 4,
    "angle_near": 0.011209017462869859,
    "angle_far": 0.005799797050085779,
    "steer": 0.0007012591231614351,
    "throttle": 0.75,
    "brake": 0.0,
    "is_red_light_present": 0,
    "vehicle_detected_flag": 1,
    "distanse": 24.36141586303711,
    "steer_sequence": [
        -0.009728393517434597,
        0.006919056177139282,
        -0.00037075893487781286,
        -0.006753864698112011,
        0.004758509807288647,
        -8.047447408898734e-06,
        -0.004783330950886011,
        0.0035725943744182587,
        -0.00029457989148795605,
        -0.003289845772087574,
        0.0024139350280165672,
        8.100602281047031e-05,
        -0.0016748777125030756,
        0.001765744760632515,
        0.0001635086809983477,
        -0.0012191291898488998,
        0.0012922900496050715,
        0.00011316422751406208,
        -0.0007484195521101356,
        0.000904570275451988
    ],
    "throttle_sequence": [
        0.0,
        0.1911097764968872,
        0.75,
        0.75,
        0.75,
        0.75,
        0.75,
        0.75,
        0.166574627161026,
        0.0,
        0.2672233581542969,
        0.75,
        0.75,
        0.75,
        0.75,
        0.75,
        0.5216003656387329,
        0.0,
        0.0,
        0.6706355214118958
    ],
    "brake_sequence": [
        0.30000001192092896,
        0.0,
        0.0,
        0.0,
        0.0,
        0.0,
        0.0,
        0.0,
        0.0,
        0.30000001192092896,
        0.0,
        0.0,
        0.0,
        0.0,
        0.0,
        0.0,
        0.0,
        0.07267749309539795,
        0.05228066071867943,
        0.0
    ],
    "speed_sequence": [
        6.814582347869873,
        6.6209235191345215,
        6.37294340133667,
        6.1618757247924805,
        6.084753513336182,
        6.123047351837158,
        6.2429656982421875,
        6.417562961578369,
        6.626668930053711,
        6.769063949584961,
        6.5990376472473145,
        6.3706374168396,
        6.193188190460205,
        6.147477626800537,
        6.2082839012146,
        6.343472957611084,
        6.527908802032471,
        6.692282199859619,
        6.686481952667236,
        6.486404895782471
    ],
    "light_sequence": [
        0.0,
        0.0,
        0.0,
        0.0,
        0.0,
        0.0,
        0.0,
        0.0,
        0.0,
        0.0,
        0.0,
        0.0,
        0.0,
        0.0,
        0.0,
        0.0,
        0.0,
        0.0,
        0.0,
        0.0
    ],
    "is_collision_event": false
}