{
    "timestamp": 48.00000071525574,
    "x": 247.26698303222656,
    "y": 195.15040588378906,
    "speed": 6.520438265854801,
    "theta": 4.712002754211426,
    "near_node_x": 240.67019653320312,
    "near_node_y": 195.15220642089844,
    "near_command": 4,
    "far_node_x": 234.67019653320312,
    "far_node_y": 195.15171813964844,
    "far_command": 4,
    "angle_near": 0.006513726493066662,
    "angle_far": 0.016183402347311967,
    "steer": 1.566986793477554e-05,
    "throttle": 0.548592209815979,
    "brake": 0.0,
    "is_red_light_present": 0,
    "vehicle_detected_flag": 1,
    "distanse": 24.745285034179688,
    "steer_sequence": [
        0.0008221238385885954,
        -0.00015183263167273253,
        0.0008428394794464111,
        0.00015663237718399614,
        0.0007625971338711679,
        0.0005799153004772961,
        0.0008756536990404129,
        -7.156545325415209e-05,
        0.00039034493966028094,
        0.0009724660776555538,
        -0.00020144693553447723,
        0.00011092446948168799,
        0.0011706779478117824,
        0.00033904414158314466,
        0.0003045465564355254,
        0.00115492707118392,
        -0.00011760318739106879,
        0.00024757342180237174,
        0.0010418589226901531,
        -0.00018265805556438863
    ],
    "throttle_sequence": [
        0.41171929240226746,
        0.0,
        0.10022478550672531,
        0.75,
        0.75,
        0.75,
        0.75,
        0.75,
        0.75,
        0.08183062821626663,
        0.0,
        0.25588515400886536,
        0.75,
        0.75,
        0.75,
        0.75,
        0.75,
        0.6444916129112244,
        0.0,
        0.0
    ],
    "brake_sequence": [
        0.0,
        0.1552138328552246,
        0.0,
        0.0,
        0.0,
        0.0,
        0.0,
        0.0,
        0.0,
        0.0,
        0.30000001192092896,
        0.0,
        0.0,
        0.0,
        0.0,
        0.0,
        0.0,
        0.0,
        0.029268566519021988,
        0.273903489112854
    ],
    "speed_sequence": [
        6.559044361114502,
        6.716078281402588,
        6.6453022956848145,
        6.451586723327637,
        6.233102798461914,
        6.1381120681762695,
        6.16416597366333,
        6.275341033935547,
        6.444247245788574,
        6.649869441986084,
        6.78706169128418,
        6.601265907287598,
        6.363394737243652,
        6.177215576171875,
        6.124323844909668,
        6.180048942565918,
        6.311705589294434,
        6.493948936462402,
        6.680495738983154,
        6.748206615447998
    ],
    "light_sequence": [
        0.0,
        0.0,
        0.0,
        0.0,
        0.0,
        0.0,
        0.0,
        0.0,
        0.0,
        0.0,
        0.0,
        0.0,
        0.0,
        0.0,
        0.0,
        0.0,
        0.0,
        0.0,
        0.0,
        0.0
    ],
    "is_collision_event": false
}