{
    "timestamp": 44.50000066310167,
    "x": 269.73162841796875,
    "y": 195.1522674560547,
    "speed": 6.485230974044513,
    "theta": 4.711997985839844,
    "near_node_x": 262.6701354980469,
    "near_node_y": 195.15399169921875,
    "near_command": 4,
    "far_node_x": 256.6701354980469,
    "far_node_y": 195.15350341796875,
    "far_command": 4,
    "angle_near": 0.00842144939249428,
    "angle_far": 0.016989978754052597,
    "steer": -0.0002970198402181268,
    "throttle": 0.6788411736488342,
    "brake": 0.0,
    "is_red_light_present": 0,
    "vehicle_detected_flag": 1,
    "distanse": 24.988250732421875,
    "steer_sequence": [
        0.0007637732778675854,
        -1.3220665096014272e-05,
        7.387913501588628e-05,
        0.0008763641235418618,
        0.000531181285623461,
        0.0003008207131642848,
        0.0008506235899403691,
        1.1827472917502746e-05,
        0.00029803032521158457,
        0.0009127240628004074,
        -0.00017925805877894163,
        0.0002963147999253124,
        0.0010779423173516989,
        0.0010331656085327268,
        -7.29943931219168e-05,
        0.00045779559877701104,
        0.0011066439328715205,
        -0.0003247177810408175,
        0.0004239646368660033,
        0.0010111744049936533
    ],
    "throttle_sequence": [
        0.2909621298313141,
        0.0,
        0.2281409651041031,
        0.75,
        0.75,
        0.75,
        0.75,
        0.75,
        0.4885203242301941,
        0.0,
        0.0012350272154435515,
        0.691666305065155,
        0.75,
        0.75,
        0.75,
        0.75,
        0.75,
        0.5030004978179932,
        0.0,
        0.0
    ],
    "brake_sequence": [
        0.0,
        0.2377244085073471,
        0.0,
        0.0,
        0.0,
        0.0,
        0.0,
        0.0,
        0.0,
        0.08354591578245163,
        0.0,
        0.0,
        0.0,
        0.0,
        0.0,
        0.0,
        0.0,
        0.0,
        0.10582037270069122,
        0.028209032490849495
    ],
    "speed_sequence": [
        6.592287063598633,
        6.738655090332031,
        6.6095290184021,
        6.401230335235596,
        6.219513416290283,
        6.166892051696777,
        6.222912311553955,
        6.3547444343566895,
        6.537022590637207,
        6.695153713226318,
        6.671420097351074,
        6.48030424118042,
        6.228274345397949,
        6.0930938720703125,
        6.090147495269775,
        6.181020259857178,
        6.336521148681641,
        6.533957481384277,
        6.702648162841797,
        6.681142807006836
    ],
    "light_sequence": [
        0.0,
        0.0,
        0.0,
        0.0,
        0.0,
        0.0,
        0.0,
        0.0,
        0.0,
        0.0,
        0.0,
        0.0,
        0.0,
        0.0,
        0.0,
        0.0,
        0.0,
        0.0,
        0.0,
        0.0
    ],
    "is_collision_event": false
}