{
    "timestamp": 41.600000619888306,
    "x": 288.41778564453125,
    "y": 195.15576171875,
    "speed": 6.547838214931791,
    "theta": 4.712267875671387,
    "near_node_x": 280.6701354980469,
    "near_node_y": 195.15545654296875,
    "near_command": 4,
    "far_node_x": 274.6701354980469,
    "far_node_y": 195.15496826171875,
    "far_command": 4,
    "angle_near": 0.009191313441521702,
    "angle_far": 0.010241336872417857,
    "steer": 0.00035624695010483265,
    "throttle": 0.45232442021369934,
    "brake": 0.0,
    "is_red_light_present": 0,
    "vehicle_detected_flag": 0,
    "distanse": 25,
    "steer_sequence": [
        -8.047447408898734e-06,
        -0.004783330950886011,
        0.0035725943744182587,
        -0.00029457989148795605,
        -0.003289845772087574,
        0.0024139350280165672,
        8.100602281047031e-05,
        -0.0016748777125030756,
        0.001765744760632515,
        0.0001635086809983477,
        -0.0012191291898488998,
        0.0012922900496050715,
        0.00011316422751406208,
        -0.0007484195521101356,
        0.000904570275451988,
        0.0007012591231614351,
        0.0001775549171725288,
        0.00029472599271684885,
        0.0004884513909928501,
        0.00014714653661940247
    ],
    "throttle_sequence": [
        0.75,
        0.75,
        0.75,
        0.166574627161026,
        0.0,
        0.2672233581542969,
        0.75,
        0.75,
        0.75,
        0.75,
        0.75,
        0.5216003656387329,
        0.0,
        0.0,
        0.6706355214118958,
        0.75,
        0.75,
        0.75,
        0.75,
        0.75
    ],
    "brake_sequence": [
        0.0,
        0.0,
        0.0,
        0.0,
        0.30000001192092896,
        0.0,
        0.0,
        0.0,
        0.0,
        0.0,
        0.0,
        0.0,
        0.07267749309539795,
        0.05228066071867943,
        0.0,
        0.0,
        0.0,
        0.0,
        0.0,
        0.0
    ],
    "speed_sequence": [
        6.123047351837158,
        6.2429656982421875,
        6.417562961578369,
        6.626668930053711,
        6.769063949584961,
        6.5990376472473145,
        6.3706374168396,
        6.193188190460205,
        6.147477626800537,
        6.2082839012146,
        6.343472957611084,
        6.527908802032471,
        6.692282199859619,
        6.686481952667236,
        6.486404895782471,
        6.236277103424072,
        6.103152751922607,
        6.101755142211914,
        6.193721294403076,
        6.349956035614014
    ],
    "light_sequence": [
        0.0,
        0.0,
        0.0,
        0.0,
        0.0,
        0.0,
        0.0,
        0.0,
        0.0,
        0.0,
        0.0,
        0.0,
        0.0,
        0.0,
        0.0,
        0.0,
        0.0,
        0.0,
        0.0,
        0.0
    ],
    "is_collision_event": false
}