{
    "timestamp": 46.20000068843365,
    "x": 258.8601379394531,
    "y": 195.15122985839844,
    "speed": 6.645302316990007,
    "theta": 4.711914539337158,
    "near_node_x": 250.67019653320312,
    "near_node_y": 195.15301513671875,
    "near_command": 4,
    "far_node_x": 244.67019653320312,
    "far_node_y": 195.15252685546875,
    "far_command": 4,
    "angle_near": 0.014703227926329644,
    "angle_far": 0.02195582453877012,
    "steer": 0.0008428394794464111,
    "throttle": 0.10022478550672531,
    "brake": 0.0,
    "is_red_light_present": 0,
    "vehicle_detected_flag": 0,
    "distanse": 25,
    "steer_sequence": [
        -0.0003247177810408175,
        0.0004239646368660033,
        0.0010111744049936533,
        -0.0002970198402181268,
        0.0008385930559597909,
        0.0014184522442519665,
        -0.00022983862436376512,
        0.000396745657781139,
        0.0011683879420161247,
        -0.00029258604627102613,
        0.0003706956631503999,
        0.001033186912536621,
        -0.00025326499599032104,
        0.0008915101643651724,
        0.0013770705554634333,
        -0.0002446604776196182,
        0.000435493653640151,
        0.0005151089280843735,
        0.0008221238385885954,
        -0.00015183263167273253
    ],
    "throttle_sequence": [
        0.5030004978179932,
        0.0,
        0.0,
        0.6788411736488342,
        0.75,
        0.75,
        0.75,
        0.75,
        0.75,
        0.47169947624206543,
        0.0,
        0.019621560350060463,
        0.7114573121070862,
        0.75,
        0.75,
        0.75,
        0.75,
        0.75,
        0.41171929240226746,
        0.0
    ],
    "brake_sequence": [
        0.0,
        0.10582037270069122,
        0.028209032490849495,
        0.0,
        0.0,
        0.0,
        0.0,
        0.0,
        0.0,
        0.0,
        0.12025057524442673,
        0.0,
        0.0,
        0.0,
        0.0,
        0.0,
        0.0,
        0.0,
        0.0,
        0.1552138328552246
    ],
    "speed_sequence": [
        6.533957481384277,
        6.702648162841797,
        6.681142807006836,
        6.485230922698975,
        6.2338995933532715,
        6.099710941314697,
        6.097535133361816,
        6.188975811004639,
        6.344841003417969,
        6.542492866516113,
        6.706480503082275,
        6.6677350997924805,
        6.476094722747803,
        6.230818271636963,
        6.103671550750732,
        6.106614112854004,
        6.2016496658325195,
        6.359906196594238,
        6.559044361114502,
        6.716078281402588
    ],
    "light_sequence": [
        0.0,
        0.0,
        0.0,
        0.0,
        0.0,
        0.0,
        0.0,
        0.0,
        0.0,
        0.0,
        0.0,
        0.0,
        0.0,
        0.0,
        0.0,
        0.0,
        0.0,
        0.0,
        0.0,
        0.0
    ],
    "is_collision_event": false
}