{
    "timestamp": 43.900000654160976,
    "x": 273.62701416015625,
    "y": 195.15249633789062,
    "speed": 6.090147316554597,
    "theta": 4.711897850036621,
    "near_node_x": 266.6701354980469,
    "near_node_y": 195.15431213378906,
    "near_command": 4,
    "far_node_x": 260.6701354980469,
    "far_node_y": 195.15382385253906,
    "far_command": 4,
    "angle_near": 0.013194415402993195,
    "angle_far": 0.022278712886700615,
    "steer": -7.29943931219168e-05,
    "throttle": 0.75,
    "brake": 0.0,
    "is_red_light_present": 0,
    "vehicle_detected_flag": 1,
    "distanse": 24.982820510864258,
    "steer_sequence": [
        0.0004802020266652107,
        0.0007871742709539831,
        0.0005060923285782337,
        0.0006103417836129665,
        0.00020539081015158445,
        0.00028988978010602295,
        0.0007637732778675854,
        -1.3220665096014272e-05,
        7.387913501588628e-05,
        0.0008763641235418618,
        0.000531181285623461,
        0.0003008207131642848,
        0.0008506235899403691,
        1.1827472917502746e-05,
        0.00029803032521158457,
        0.0009127240628004074,
        -0.00017925805877894163,
        0.0002963147999253124,
        0.0010779423173516989,
        0.0010331656085327268
    ],
    "throttle_sequence": [
        0.7391670942306519,
        0.75,
        0.75,
        0.75,
        0.75,
        0.75,
        0.2909621298313141,
        0.0,
        0.2281409651041031,
        0.75,
        0.75,
        0.75,
        0.75,
        0.75,
        0.4885203242301941,
        0.0,
        0.0012350272154435515,
        0.691666305065155,
        0.75,
        0.75
    ],
    "brake_sequence": [
        0.0,
        0.0,
        0.0,
        0.0,
        0.0,
        0.0,
        0.0,
        0.2377244085073471,
        0.0,
        0.0,
        0.0,
        0.0,
        0.0,
        0.0,
        0.0,
        0.08354591578245163,
        0.0,
        0.0,
        0.0,
        0.0
    ],
    "speed_sequence": [
        6.468365669250488,
        6.232572078704834,
        6.1167826652526855,
        6.1279473304748535,
        6.22873067855835,
        6.390815258026123,
        6.592287063598633,
        6.738655090332031,
        6.6095290184021,
        6.401230335235596,
        6.219513416290283,
        6.166892051696777,
        6.222912311553955,
        6.3547444343566895,
        6.537022590637207,
        6.695153713226318,
        6.671420097351074,
        6.48030424118042,
        6.228274345397949,
        6.0930938720703125
    ],
    "light_sequence": [
        0.0,
        0.0,
        0.0,
        0.0,
        0.0,
        0.0,
        0.0,
        0.0,
        0.0,
        0.0,
        0.0,
        0.0,
        0.0,
        0.0,
        0.0,
        0.0,
        0.0,
        0.0,
        0.0,
        0.0
    ],
    "is_collision_event": false
}