{
    "timestamp": 45.40000067651272,
    "x": 263.9690246582031,
    "y": 195.15167236328125,
    "speed": 6.476094736417018,
    "theta": 4.711983680725098,
    "near_node_x": 256.6701354980469,
    "near_node_y": 195.15350341796875,
    "near_command": 4,
    "far_node_x": 250.67019653320312,
    "far_node_y": 195.15301513671875,
    "far_command": 4,
    "angle_near": 0.008871301589622868,
    "angle_far": 0.01745984001609555,
    "steer": -0.00025326499599032104,
    "throttle": 0.7114573121070862,
    "brake": 0.0,
    "is_red_light_present": 0,
    "vehicle_detected_flag": 1,
    "distanse": 24.615982055664062,
    "steer_sequence": [
        0.0009127240628004074,
        -0.00017925805877894163,
        0.0002963147999253124,
        0.0010779423173516989,
        0.0010331656085327268,
        -7.29943931219168e-05,
        0.00045779559877701104,
        0.0011066439328715205,
        -0.0003247177810408175,
        0.0004239646368660033,
        0.0010111744049936533,
        -0.0002970198402181268,
        0.0008385930559597909,
        0.0014184522442519665,
        -0.00022983862436376512,
        0.000396745657781139,
        0.0011683879420161247,
        -0.00029258604627102613,
        0.0003706956631503999,
        0.001033186912536621
    ],
    "throttle_sequence": [
        0.0,
        0.0012350272154435515,
        0.691666305065155,
        0.75,
        0.75,
        0.75,
        0.75,
        0.75,
        0.5030004978179932,
        0.0,
        0.0,
        0.6788411736488342,
        0.75,
        0.75,
        0.75,
        0.75,
        0.75,
        0.47169947624206543,
        0.0,
        0.019621560350060463
    ],
    "brake_sequence": [
        0.08354591578245163,
        0.0,
        0.0,
        0.0,
        0.0,
        0.0,
        0.0,
        0.0,
        0.0,
        0.10582037270069122,
        0.028209032490849495,
        0.0,
        0.0,
        0.0,
        0.0,
        0.0,
        0.0,
        0.0,
        0.12025057524442673,
        0.0
    ],
    "speed_sequence": [
        6.695153713226318,
        6.671420097351074,
        6.48030424118042,
        6.228274345397949,
        6.0930938720703125,
        6.090147495269775,
        6.181020259857178,
        6.336521148681641,
        6.533957481384277,
        6.702648162841797,
        6.681142807006836,
        6.485230922698975,
        6.2338995933532715,
        6.099710941314697,
        6.097535133361816,
        6.188975811004639,
        6.344841003417969,
        6.542492866516113,
        6.706480503082275,
        6.6677350997924805
    ],
    "light_sequence": [
        0.0,
        0.0,
        0.0,
        0.0,
        0.0,
        0.0,
        0.0,
        0.0,
        0.0,
        0.0,
        0.0,
        0.0,
        0.0,
        0.0,
        0.0,
        0.0,
        0.0,
        0.0,
        0.0,
        0.0
    ],
    "is_collision_event": false
}