{
    "timestamp": 53.700000800192356,
    "x": 210.68548583984375,
    "y": 195.1473388671875,
    "speed": 6.544061975489613,
    "theta": 4.711862564086914,
    "near_node_x": 202.67019653320312,
    "near_node_y": 195.14910888671875,
    "near_command": 4,
    "far_node_x": 196.67019653320312,
    "far_node_y": 195.14862060546875,
    "far_command": 4,
    "angle_near": 0.01750445873201438,
    "angle_far": 0.02491724549686457,
    "steer": 0.0010134773328900337,
    "throttle": 0.4630340337753296,
    "brake": 0.0,
    "is_red_light_present": 0,
    "vehicle_detected_flag": 1,
    "distanse": 24.867908477783203,
    "steer_sequence": [
        0.00021671915601473302,
        0.0006189701380208135,
        0.0009503585170023143,
        -0.00030551032978110015,
        0.0010838714661076665,
        -3.3815009373938665e-05,
        0.00020387573749758303,
        0.0009854097152128816,
        0.001037508831359446,
        -0.00017271073011215776,
        0.00045517459511756897,
        0.0010878818575292826,
        -0.00036457297392189503,
        0.00045407848665490746,
        0.0009734788909554482,
        -0.0002804251271300018,
        0.000878101447597146,
        0.0010961717925965786,
        -0.0002288996911374852,
        0.0004371301329229027
    ],
    "throttle_sequence": [
        0.75,
        0.75,
        0.75,
        0.38254278898239136,
        0.0,
        0.13609638810157776,
        0.75,
        0.75,
        0.75,
        0.75,
        0.75,
        0.7083367109298706,
        0.0,
        0.0,
        0.35697102546691895,
        0.75,
        0.75,
        0.75,
        0.75,
        0.75
    ],
    "brake_sequence": [
        0.0,
        0.0,
        0.0,
        0.0,
        0.17360833287239075,
        0.0,
        0.0,
        0.0,
        0.0,
        0.0,
        0.0,
        0.0,
        0.004558401182293892,
        0.30000001192092896,
        0.0,
        0.0,
        0.0,
        0.0,
        0.0,
        0.0
    ],
    "speed_sequence": [
        6.111592769622803,
        6.208105087280273,
        6.3673624992370605,
        6.567111015319824,
        6.7211384773254395,
        6.63529109954834,
        6.4394073486328125,
        6.2321014404296875,
        6.1502485275268555,
        6.185615539550781,
        6.303266525268555,
        6.476356029510498,
        6.673595905303955,
        6.783812999725342,
        6.573033332824707,
        6.328159332275391,
        6.166144847869873,
        6.137753486633301,
        6.210822105407715,
        6.354314804077148
    ],
    "light_sequence": [
        0.0,
        0.0,
        0.0,
        0.0,
        0.0,
        0.0,
        0.0,
        0.0,
        0.0,
        0.0,
        0.0,
        0.0,
        0.0,
        0.0,
        0.0,
        0.0,
        0.0,
        0.0,
        0.0,
        0.0
    ],
    "is_collision_event": false
}