{
    "timestamp": 57.100000850856304,
    "x": 188.8407745361328,
    "y": 195.1454315185547,
    "speed": 6.497269162131347,
    "theta": 4.711839199066162,
    "near_node_x": 180.67018127441406,
    "near_node_y": 195.14732360839844,
    "near_command": 4,
    "far_node_x": 174.67019653320312,
    "far_node_y": 195.14683532714844,
    "far_command": 4,
    "angle_near": 0.01825498265818545,
    "angle_far": 0.025847137808995835,
    "steer": 0.0010728518245741725,
    "throttle": 0.6325350999832153,
    "brake": 0.0,
    "is_red_light_present": 0,
    "vehicle_detected_flag": 0,
    "distanse": 25,
    "steer_sequence": [
        -6.831167411291972e-05,
        0.00033034099033102393,
        0.0011900891549885273,
        -0.00027551400125958025,
        0.0003268635191489011,
        0.0011755138402804732,
        -0.00037041993346065283,
        0.0006349911564029753,
        0.001510191010311246,
        -0.0002631157694850117,
        0.00035718988510780036,
        0.00119637546595186,
        -0.0003482829197309911,
        0.00042259108158759773,
        0.0009883817983791232,
        -0.00016895815497264266,
        0.0008103508735075593,
        0.0012037106789648533,
        -0.00021380768157541752,
        0.0004018843756057322
    ],
    "throttle_sequence": [
        0.75,
        0.75,
        0.75,
        0.5771163702011108,
        0.0,
        0.0,
        0.6344731450080872,
        0.75,
        0.75,
        0.75,
        0.75,
        0.75,
        0.3606501817703247,
        0.0,
        0.1621638387441635,
        0.75,
        0.75,
        0.75,
        0.75,
        0.75
    ],
    "brake_sequence": [
        0.0,
        0.0,
        0.0,
        0.0,
        0.03998630866408348,
        0.1460866630077362,
        0.0,
        0.0,
        0.0,
        0.0,
        0.0,
        0.0,
        0.0,
        0.18500973284244537,
        0.0,
        0.0,
        0.0,
        0.0,
        0.0,
        0.0
    ],
    "speed_sequence": [
        6.162137031555176,
        6.208906650543213,
        6.334384918212891,
        6.512556076049805,
        6.68319845199585,
        6.712346076965332,
        6.496133804321289,
        6.249190330505371,
        6.120359897613525,
        6.122169494628906,
        6.216452598571777,
        6.3741888999938965,
        6.5729660987854,
        6.723999977111816,
        6.62772798538208,
        6.429871082305908,
        6.230354309082031,
        6.157516002655029,
        6.19926118850708,
        6.321321964263916
    ],
    "light_sequence": [
        0.0,
        0.0,
        0.0,
        0.0,
        0.0,
        0.0,
        0.0,
        0.0,
        0.0,
        0.0,
        0.0,
        0.0,
        0.0,
        0.0,
        0.0,
        0.0,
        0.0,
        0.0,
        0.0,
        0.0
    ],
    "is_collision_event": false
}