{
    "timestamp": 53.40000079572201,
    "x": 212.5877685546875,
    "y": 195.1475372314453,
    "speed": 6.137753519958637,
    "theta": 4.711822986602783,
    "near_node_x": 204.67018127441406,
    "near_node_y": 195.14927673339844,
    "near_command": 4,
    "far_node_x": 198.67018127441406,
    "far_node_y": 195.14878845214844,
    "far_command": 4,
    "angle_near": 0.019850449785917157,
    "angle_far": 0.027287377986032372,
    "steer": 0.0010961717925965786,
    "throttle": 0.75,
    "brake": 0.0,
    "is_red_light_present": 0,
    "vehicle_detected_flag": 0,
    "distanse": 25,
    "steer_sequence": [
        0.0002687036758288741,
        0.00163481873460114,
        0.00013598817167803645,
        0.00021671915601473302,
        0.0006189701380208135,
        0.0009503585170023143,
        -0.00030551032978110015,
        0.0010838714661076665,
        -3.3815009373938665e-05,
        0.00020387573749758303,
        0.0009854097152128816,
        0.001037508831359446,
        -0.00017271073011215776,
        0.00045517459511756897,
        0.0010878818575292826,
        -0.00036457297392189503,
        0.00045407848665490746,
        0.0009734788909554482,
        -0.0002804251271300018,
        0.000878101447597146
    ],
    "throttle_sequence": [
        0.7153066396713257,
        0.75,
        0.75,
        0.75,
        0.75,
        0.75,
        0.38254278898239136,
        0.0,
        0.13609638810157776,
        0.75,
        0.75,
        0.75,
        0.75,
        0.75,
        0.7083367109298706,
        0.0,
        0.0,
        0.35697102546691895,
        0.75,
        0.75
    ],
    "brake_sequence": [
        0.0,
        0.0,
        0.0,
        0.0,
        0.0,
        0.0,
        0.0,
        0.17360833287239075,
        0.0,
        0.0,
        0.0,
        0.0,
        0.0,
        0.0,
        0.0,
        0.004558401182293892,
        0.30000001192092896,
        0.0,
        0.0,
        0.0
    ],
    "speed_sequence": [
        6.473764419555664,
        6.230711460113525,
        6.106491565704346,
        6.111592769622803,
        6.208105087280273,
        6.3673624992370605,
        6.567111015319824,
        6.7211384773254395,
        6.63529109954834,
        6.4394073486328125,
        6.2321014404296875,
        6.1502485275268555,
        6.185615539550781,
        6.303266525268555,
        6.476356029510498,
        6.673595905303955,
        6.783812999725342,
        6.573033332824707,
        6.328159332275391,
        6.166144847869873
    ],
    "light_sequence": [
        0.0,
        0.0,
        0.0,
        0.0,
        0.0,
        0.0,
        0.0,
        0.0,
        0.0,
        0.0,
        0.0,
        0.0,
        0.0,
        0.0,
        0.0,
        0.0,
        0.0,
        0.0,
        0.0,
        0.0
    ],
    "is_collision_event": false
}