{
    "timestamp": 59.00000087916851,
    "x": 176.55618286132812,
    "y": 195.14463806152344,
    "speed": 6.661867561271712,
    "theta": 4.7118754386901855,
    "near_node_x": 168.67019653320312,
    "near_node_y": 195.14634704589844,
    "near_command": 4,
    "far_node_x": 162.67019653320312,
    "far_node_y": 195.14585876464844,
    "far_command": 4,
    "angle_near": 0.017030108568117524,
    "angle_far": 0.024409951483011137,
    "steer": 0.0010833719279617071,
    "throttle": 0.03562832996249199,
    "brake": 0.0,
    "is_red_light_present": 0,
    "vehicle_detected_flag": 0,
    "distanse": 25,
    "steer_sequence": [
        0.0004018843756057322,
        0.0010728518245741725,
        -0.00029571057530120015,
        0.00039644347270950675,
        0.0008404605905525386,
        2.8477044907049276e-05,
        0.0007650040206499398,
        0.0004422750207595527,
        0.0008399393409490585,
        -7.618388917762786e-05,
        0.00030779128428548574,
        0.001091290032491088,
        -0.0004493876185733825,
        0.0003456840349826962,
        0.0016533074667677283,
        -0.00016673709615133703,
        0.00024251648574136198,
        0.0012130547547712922,
        -0.00029461379745043814,
        0.0003484482003841549
    ],
    "throttle_sequence": [
        0.75,
        0.6325350999832153,
        0.0,
        0.0,
        0.5637880563735962,
        0.75,
        0.75,
        0.75,
        0.75,
        0.75,
        0.2797955870628357,
        0.0,
        0.23975658416748047,
        0.75,
        0.75,
        0.75,
        0.75,
        0.75,
        0.46548140048980713,
        0.0
    ],
    "brake_sequence": [
        0.0,
        0.0,
        0.01991099864244461,
        0.24958883225917816,
        0.0,
        0.0,
        0.0,
        0.0,
        0.0,
        0.0,
        0.0,
        0.24137769639492035,
        0.0,
        0.0,
        0.0,
        0.0,
        0.0,
        0.0,
        0.0,
        0.0960993766784668
    ],
    "speed_sequence": [
        6.321321964263916,
        6.497269153594971,
        6.6777262687683105,
        6.741110324859619,
        6.515725135803223,
        6.268057346343994,
        6.140520095825195,
        6.1431050300598145,
        6.237951755523682,
        6.396060466766357,
        6.59504508972168,
        6.739198684692383,
        6.605759620666504,
        6.3961968421936035,
        6.217592239379883,
        6.168280124664307,
        6.2266669273376465,
        6.360098838806152,
        6.5433831214904785,
        6.698608875274658
    ],
    "light_sequence": [
        0.0,
        0.0,
        0.0,
        0.0,
        0.0,
        0.0,
        0.0,
        0.0,
        0.0,
        0.0,
        0.0,
        0.0,
        0.0,
        0.0,
        0.0,
        0.0,
        0.0,
        0.0,
        0.0,
        0.0
    ],
    "is_collision_event": false
}