{
    "timestamp": 56.00000083446503,
    "x": 195.89224243164062,
    "y": 195.14602661132812,
    "speed": 6.12216966801585,
    "theta": 4.7119011878967285,
    "near_node_x": 188.67019653320312,
    "near_node_y": 195.14797973632812,
    "near_command": 4,
    "far_node_x": 182.67019653320312,
    "far_node_y": 195.14749145507812,
    "far_command": 4,
    "angle_near": 0.012462756490950567,
    "angle_far": 0.021610102701030254,
    "steer": -0.0002631157694850117,
    "throttle": 0.75,
    "brake": 0.0,
    "is_red_light_present": 0,
    "vehicle_detected_flag": 0,
    "distanse": 25,
    "steer_sequence": [
        0.001074832514859736,
        0.000410882115829736,
        0.0004614583740476519,
        0.000547567440662533,
        0.0010027281241491437,
        -0.00022005224309396,
        0.0009667543927207589,
        8.724104554858059e-05,
        1.5169435755524319e-05,
        0.0005870161694474518,
        0.0013797320425510406,
        -6.831167411291972e-05,
        0.00033034099033102393,
        0.0011900891549885273,
        -0.00027551400125958025,
        0.0003268635191489011,
        0.0011755138402804732,
        -0.00037041993346065283,
        0.0006349911564029753,
        0.001510191010311246
    ],
    "throttle_sequence": [
        0.7259383797645569,
        0.75,
        0.75,
        0.75,
        0.75,
        0.75,
        0.3379707336425781,
        0.0,
        0.1841598004102707,
        0.75,
        0.75,
        0.75,
        0.75,
        0.75,
        0.5771163702011108,
        0.0,
        0.0,
        0.6344731450080872,
        0.75,
        0.75
    ],
    "brake_sequence": [
        0.0,
        0.0,
        0.0,
        0.0,
        0.0,
        0.0,
        0.0,
        0.2028336226940155,
        0.0,
        0.0,
        0.0,
        0.0,
        0.0,
        0.0,
        0.0,
        0.03998630866408348,
        0.1460866630077362,
        0.0,
        0.0,
        0.0
    ],
    "speed_sequence": [
        6.471306324005127,
        6.231739044189453,
        6.111579418182373,
        6.119584083557129,
        6.2181572914123535,
        6.378773212432861,
        6.5793681144714355,
        6.729115962982178,
        6.621849060058594,
        6.421181678771973,
        6.227898597717285,
        6.162137031555176,
        6.208906650543213,
        6.334384918212891,
        6.512556076049805,
        6.68319845199585,
        6.712346076965332,
        6.496133804321289,
        6.249190330505371,
        6.120359897613525
    ],
    "light_sequence": [
        0.0,
        0.0,
        0.0,
        0.0,
        0.0,
        0.0,
        0.0,
        0.0,
        0.0,
        0.0,
        0.0,
        0.0,
        0.0,
        0.0,
        0.0,
        0.0,
        0.0,
        0.0,
        0.0,
        0.0
    ],
    "is_collision_event": false
}