{
    "timestamp": 58.50000087171793,
    "x": 179.8011474609375,
    "y": 195.14474487304688,
    "speed": 6.168280195684692,
    "theta": 4.711897850036621,
    "near_node_x": 172.67019653320312,
    "near_node_y": 195.14666748046875,
    "near_command": 4,
    "far_node_x": 166.67019653320312,
    "far_node_y": 195.14617919921875,
    "far_command": 4,
    "angle_near": 0.012687601515802031,
    "angle_far": 0.021876811943868327,
    "steer": -0.00016673709615133703,
    "throttle": 0.75,
    "brake": 0.0,
    "is_red_light_present": 0,
    "vehicle_detected_flag": 1,
    "distanse": 24.39296531677246,
    "steer_sequence": [
        0.0009883817983791232,
        -0.00016895815497264266,
        0.0008103508735075593,
        0.0012037106789648533,
        -0.00021380768157541752,
        0.0004018843756057322,
        0.0010728518245741725,
        -0.00029571057530120015,
        0.00039644347270950675,
        0.0008404605905525386,
        2.8477044907049276e-05,
        0.0007650040206499398,
        0.0004422750207595527,
        0.0008399393409490585,
        -7.618388917762786e-05,
        0.00030779128428548574,
        0.001091290032491088,
        -0.0004493876185733825,
        0.0003456840349826962,
        0.0016533074667677283
    ],
    "throttle_sequence": [
        0.1621638387441635,
        0.75,
        0.75,
        0.75,
        0.75,
        0.75,
        0.6325350999832153,
        0.0,
        0.0,
        0.5637880563735962,
        0.75,
        0.75,
        0.75,
        0.75,
        0.75,
        0.2797955870628357,
        0.0,
        0.23975658416748047,
        0.75,
        0.75
    ],
    "brake_sequence": [
        0.0,
        0.0,
        0.0,
        0.0,
        0.0,
        0.0,
        0.0,
        0.01991099864244461,
        0.24958883225917816,
        0.0,
        0.0,
        0.0,
        0.0,
        0.0,
        0.0,
        0.0,
        0.24137769639492035,
        0.0,
        0.0,
        0.0
    ],
    "speed_sequence": [
        6.62772798538208,
        6.429871082305908,
        6.230354309082031,
        6.157516002655029,
        6.19926118850708,
        6.321321964263916,
        6.497269153594971,
        6.6777262687683105,
        6.741110324859619,
        6.515725135803223,
        6.268057346343994,
        6.140520095825195,
        6.1431050300598145,
        6.237951755523682,
        6.396060466766357,
        6.59504508972168,
        6.739198684692383,
        6.605759620666504,
        6.3961968421936035,
        6.217592239379883
    ],
    "light_sequence": [
        0.0,
        0.0,
        0.0,
        0.0,
        0.0,
        0.0,
        0.0,
        0.0,
        0.0,
        0.0,
        0.0,
        0.0,
        0.0,
        0.0,
        0.0,
        0.0,
        0.0,
        0.0,
        0.0,
        0.0
    ],
    "is_collision_event": false
}