{
    "timestamp": 50.50000075250864,
    "x": 231.20367431640625,
    "y": 195.14892578125,
    "speed": 6.606508043074054,
    "theta": 4.711953639984131,
    "near_node_x": 224.67019653320312,
    "near_node_y": 195.15089416503906,
    "near_command": 4,
    "far_node_x": 218.67018127441406,
    "far_node_y": 195.15040588378906,
    "far_command": 4,
    "angle_near": 0.007704289039908548,
    "angle_far": 0.018200003830437052,
    "steer": 0.00012061793677276,
    "throttle": 0.23891116678714752,
    "brake": 0.0,
    "is_red_light_present": 0,
    "vehicle_detected_flag": 1,
    "distanse": 23.521516799926758,
    "steer_sequence": [
        -0.00012663078086916357,
        0.0002107792388414964,
        0.0010916152969002724,
        -0.00039569000364281237,
        0.00032701820600777864,
        0.0010182036785408854,
        0.0008567469194531441,
        -0.0001554247719468549,
        0.0004491166037041694,
        0.0010038198670372367,
        -0.00025180194643326104,
        0.0007957363850437105,
        0.00019378661818336695,
        0.0007751039229333401,
        0.0006001018336974084,
        0.0008219038718380034,
        -4.1946796045522206e-06,
        0.0003890766529366374,
        0.0009697829373180866,
        -0.00018338831432629377
    ],
    "throttle_sequence": [
        0.75,
        0.2699640691280365,
        0.0,
        0.24747295677661896,
        0.75,
        0.75,
        0.75,
        0.75,
        0.75,
        0.4551027715206146,
        0.0,
        0.050823405385017395,
        0.7378895282745361,
        0.75,
        0.75,
        0.75,
        0.75,
        0.75,
        0.2767488658428192,
        0.0
    ],
    "brake_sequence": [
        0.0,
        0.0,
        0.24807600677013397,
        0.0,
        0.0,
        0.0,
        0.0,
        0.0,
        0.0,
        0.0,
        0.10199319571256638,
        0.0,
        0.0,
        0.0,
        0.0,
        0.0,
        0.0,
        0.0,
        0.0,
        0.2483026087284088
    ],
    "speed_sequence": [
        6.398866176605225,
        6.5976972579956055,
        6.740968227386475,
        6.603537559509277,
        6.392284393310547,
        6.215436935424805,
        6.168145179748535,
        6.227929592132568,
        6.362346649169922,
        6.5462541580200195,
        6.700234413146973,
        6.657654762268066,
        6.467507839202881,
        6.232805252075195,
        6.118368148803711,
        6.130499839782715,
        6.231958866119385,
        6.394492149353027,
        6.596230506896973,
        6.741577625274658
    ],
    "light_sequence": [
        0.0,
        0.0,
        0.0,
        0.0,
        0.0,
        0.0,
        0.0,
        0.0,
        0.0,
        0.0,
        0.0,
        0.0,
        0.0,
        0.0,
        0.0,
        0.0,
        0.0,
        0.0,
        0.0,
        0.0
    ],
    "is_collision_event": false
}