{
    "timestamp": 51.30000076442957,
    "x": 226.056640625,
    "y": 195.1485137939453,
    "speed": 6.664299456175259,
    "theta": 4.71197509765625,
    "near_node_x": 218.67018127441406,
    "near_node_y": 195.15040588378906,
    "near_command": 4,
    "far_node_x": 212.67019653320312,
    "far_node_y": 195.14991760253906,
    "far_command": 4,
    "angle_near": 0.009032718990073196,
    "angle_far": 0.01770091770570967,
    "steer": -0.0002652652619872242,
    "throttle": 0.026882851496338844,
    "brake": 0.0,
    "is_red_light_present": 0,
    "vehicle_detected_flag": 1,
    "distanse": 22.7497615814209,
    "steer_sequence": [
        0.0004491166037041694,
        0.0010038198670372367,
        -0.00025180194643326104,
        0.0007957363850437105,
        0.00019378661818336695,
        0.0007751039229333401,
        0.0006001018336974084,
        0.0008219038718380034,
        -4.1946796045522206e-06,
        0.0003890766529366374,
        0.0009697829373180866,
        -0.00018338831432629377,
        0.00012061793677276,
        0.0011855486081913114,
        0.00033164932392537594,
        0.00028930226108059287,
        0.0011235751444473863,
        -0.0001086356642190367,
        0.00021920789731666446,
        0.0011116296518594027
    ],
    "throttle_sequence": [
        0.75,
        0.4551027715206146,
        0.0,
        0.050823405385017395,
        0.7378895282745361,
        0.75,
        0.75,
        0.75,
        0.75,
        0.75,
        0.2767488658428192,
        0.0,
        0.23891116678714752,
        0.75,
        0.75,
        0.75,
        0.75,
        0.75,
        0.4713120460510254,
        0.0
    ],
    "brake_sequence": [
        0.0,
        0.0,
        0.10199319571256638,
        0.0,
        0.0,
        0.0,
        0.0,
        0.0,
        0.0,
        0.0,
        0.0,
        0.2483026087284088,
        0.0,
        0.0,
        0.0,
        0.0,
        0.0,
        0.0,
        0.0,
        0.09315580129623413
    ],
    "speed_sequence": [
        6.362346649169922,
        6.5462541580200195,
        6.700234413146973,
        6.657654762268066,
        6.467507839202881,
        6.232805252075195,
        6.118368148803711,
        6.130499839782715,
        6.231958866119385,
        6.394492149353027,
        6.596230506896973,
        6.741577625274658,
        6.606508255004883,
        6.395927429199219,
        6.216899394989014,
        6.167234897613525,
        6.225329875946045,
        6.358580589294434,
        6.541774749755859,
        6.697798252105713
    ],
    "light_sequence": [
        0.0,
        0.0,
        0.0,
        0.0,
        0.0,
        0.0,
        0.0,
        0.0,
        0.0,
        0.0,
        0.0,
        0.0,
        0.0,
        0.0,
        0.0,
        0.0,
        0.0,
        0.0,
        0.0,
        0.0
    ],
    "is_collision_event": false
}