{
    "timestamp": 52.60000078380108,
    "x": 217.75733947753906,
    "y": 195.1476287841797,
    "speed": 6.185615683352289,
    "theta": 4.711877822875977,
    "near_node_x": 210.67018127441406,
    "near_node_y": 195.14976501464844,
    "near_command": 4,
    "far_node_x": 204.67018127441406,
    "far_node_y": 195.14927673339844,
    "far_command": 4,
    "angle_near": 0.012026254320328077,
    "angle_far": 0.022081756289450194,
    "steer": -0.00017271073011215776,
    "throttle": 0.75,
    "brake": 0.0,
    "is_red_light_present": 0,
    "vehicle_detected_flag": 1,
    "distanse": 24.988983154296875,
    "steer_sequence": [
        0.0011855486081913114,
        0.00033164932392537594,
        0.00028930226108059287,
        0.0011235751444473863,
        -0.0001086356642190367,
        0.00021920789731666446,
        0.0011116296518594027,
        -0.0002652652619872242,
        0.0002687036758288741,
        0.00163481873460114,
        0.00013598817167803645,
        0.00021671915601473302,
        0.0006189701380208135,
        0.0009503585170023143,
        -0.00030551032978110015,
        0.0010838714661076665,
        -3.3815009373938665e-05,
        0.00020387573749758303,
        0.0009854097152128816,
        0.001037508831359446
    ],
    "throttle_sequence": [
        0.75,
        0.75,
        0.75,
        0.75,
        0.75,
        0.4713120460510254,
        0.0,
        0.026882851496338844,
        0.7153066396713257,
        0.75,
        0.75,
        0.75,
        0.75,
        0.75,
        0.38254278898239136,
        0.0,
        0.13609638810157776,
        0.75,
        0.75,
        0.75
    ],
    "brake_sequence": [
        0.0,
        0.0,
        0.0,
        0.0,
        0.0,
        0.0,
        0.09315580129623413,
        0.0,
        0.0,
        0.0,
        0.0,
        0.0,
        0.0,
        0.0,
        0.0,
        0.17360833287239075,
        0.0,
        0.0,
        0.0,
        0.0
    ],
    "speed_sequence": [
        6.395927429199219,
        6.216899394989014,
        6.167234897613525,
        6.225329875946045,
        6.358580589294434,
        6.541774749755859,
        6.697798252105713,
        6.664299488067627,
        6.473764419555664,
        6.230711460113525,
        6.106491565704346,
        6.111592769622803,
        6.208105087280273,
        6.3673624992370605,
        6.567111015319824,
        6.7211384773254395,
        6.63529109954834,
        6.4394073486328125,
        6.2321014404296875,
        6.1502485275268555
    ],
    "light_sequence": [
        0.0,
        0.0,
        0.0,
        0.0,
        0.0,
        0.0,
        0.0,
        0.0,
        0.0,
        0.0,
        0.0,
        0.0,
        0.0,
        0.0,
        0.0,
        0.0,
        0.0,
        0.0,
        0.0,
        0.0
    ],
    "is_collision_event": false
}