{
    "timestamp": 56.10000083595514,
    "x": 195.2716522216797,
    "y": 195.14596557617188,
    "speed": 6.216452795764669,
    "theta": 4.711878776550293,
    "near_node_x": 188.67019653320312,
    "near_node_y": 195.14797973632812,
    "near_command": 4,
    "far_node_x": 182.67019653320312,
    "far_node_y": 195.14749145507812,
    "far_command": 4,
    "angle_near": 0.011760432383698819,
    "angle_far": 0.022304057125484306,
    "steer": 0.00035718988510780036,
    "throttle": 0.75,
    "brake": 0.0,
    "is_red_light_present": 0,
    "vehicle_detected_flag": 1,
    "distanse": 24.914827346801758,
    "steer_sequence": [
        0.000410882115829736,
        0.0004614583740476519,
        0.000547567440662533,
        0.0010027281241491437,
        -0.00022005224309396,
        0.0009667543927207589,
        8.724104554858059e-05,
        1.5169435755524319e-05,
        0.0005870161694474518,
        0.0013797320425510406,
        -6.831167411291972e-05,
        0.00033034099033102393,
        0.0011900891549885273,
        -0.00027551400125958025,
        0.0003268635191489011,
        0.0011755138402804732,
        -0.00037041993346065283,
        0.0006349911564029753,
        0.001510191010311246,
        -0.0002631157694850117
    ],
    "throttle_sequence": [
        0.75,
        0.75,
        0.75,
        0.75,
        0.75,
        0.3379707336425781,
        0.0,
        0.1841598004102707,
        0.75,
        0.75,
        0.75,
        0.75,
        0.75,
        0.5771163702011108,
        0.0,
        0.0,
        0.6344731450080872,
        0.75,
        0.75,
        0.75
    ],
    "brake_sequence": [
        0.0,
        0.0,
        0.0,
        0.0,
        0.0,
        0.0,
        0.2028336226940155,
        0.0,
        0.0,
        0.0,
        0.0,
        0.0,
        0.0,
        0.0,
        0.03998630866408348,
        0.1460866630077362,
        0.0,
        0.0,
        0.0,
        0.0
    ],
    "speed_sequence": [
        6.231739044189453,
        6.111579418182373,
        6.119584083557129,
        6.2181572914123535,
        6.378773212432861,
        6.5793681144714355,
        6.729115962982178,
        6.621849060058594,
        6.421181678771973,
        6.227898597717285,
        6.162137031555176,
        6.208906650543213,
        6.334384918212891,
        6.512556076049805,
        6.68319845199585,
        6.712346076965332,
        6.496133804321289,
        6.249190330505371,
        6.120359897613525,
        6.122169494628906
    ],
    "light_sequence": [
        0.0,
        0.0,
        0.0,
        0.0,
        0.0,
        0.0,
        0.0,
        0.0,
        0.0,
        0.0,
        0.0,
        0.0,
        0.0,
        0.0,
        0.0,
        0.0,
        0.0,
        0.0,
        0.0,
        0.0
    ],
    "is_collision_event": false
}