{
    "timestamp": 59.60000088810921,
    "x": 172.77603149414062,
    "y": 195.14405822753906,
    "speed": 6.377455794478865,
    "theta": 4.711810111999512,
    "near_node_x": 164.67018127441406,
    "near_node_y": 195.14602661132812,
    "near_command": 4,
    "far_node_x": 158.67019653320312,
    "far_node_y": 195.14553833007812,
    "far_command": 4,
    "angle_near": 0.019276295528755615,
    "angle_far": 0.02717775958284856,
    "steer": 0.0011144320014864206,
    "throttle": 0.75,
    "brake": 0.0,
    "is_red_light_present": 0,
    "vehicle_detected_flag": 1,
    "distanse": 24.70752716064453,
    "steer_sequence": [
        0.0007650040206499398,
        0.0004422750207595527,
        0.0008399393409490585,
        -7.618388917762786e-05,
        0.00030779128428548574,
        0.001091290032491088,
        -0.0004493876185733825,
        0.0003456840349826962,
        0.0016533074667677283,
        -0.00016673709615133703,
        0.00024251648574136198,
        0.0012130547547712922,
        -0.00029461379745043814,
        0.0003484482003841549,
        0.0010833719279617071,
        -0.00023192900698632002,
        0.0008473927155137062,
        0.0013633780181407928,
        -0.0002189009392168373,
        0.00042337627382948995
    ],
    "throttle_sequence": [
        0.75,
        0.75,
        0.75,
        0.75,
        0.2797955870628357,
        0.0,
        0.23975658416748047,
        0.75,
        0.75,
        0.75,
        0.75,
        0.75,
        0.46548140048980713,
        0.0,
        0.03562832996249199,
        0.7234117984771729,
        0.75,
        0.75,
        0.75,
        0.75
    ],
    "brake_sequence": [
        0.0,
        0.0,
        0.0,
        0.0,
        0.0,
        0.24137769639492035,
        0.0,
        0.0,
        0.0,
        0.0,
        0.0,
        0.0,
        0.0,
        0.0960993766784668,
        0.0,
        0.0,
        0.0,
        0.0,
        0.0,
        0.0
    ],
    "speed_sequence": [
        6.140520095825195,
        6.1431050300598145,
        6.237951755523682,
        6.396060466766357,
        6.59504508972168,
        6.739198684692383,
        6.605759620666504,
        6.3961968421936035,
        6.217592239379883,
        6.168280124664307,
        6.2266669273376465,
        6.360098838806152,
        6.5433831214904785,
        6.698608875274658,
        6.661867618560791,
        6.471506595611572,
        6.231518268585205,
        6.1109161376953125,
        6.1186137199401855,
        6.2169904708862305
    ],
    "light_sequence": [
        0.0,
        0.0,
        0.0,
        0.0,
        0.0,
        0.0,
        0.0,
        0.0,
        0.0,
        0.0,
        0.0,
        0.0,
        0.0,
        0.0,
        0.0,
        0.0,
        0.0,
        0.0,
        0.0,
        0.0
    ],
    "is_collision_event": false
}