{
    "timestamp": 51.60000076889992,
    "x": 224.1448516845703,
    "y": 195.14817810058594,
    "speed": 6.106491505451769,
    "theta": 4.7118377685546875,
    "near_node_x": 216.67018127441406,
    "near_node_y": 195.15025329589844,
    "near_command": 4,
    "far_node_x": 210.67018127441406,
    "far_node_y": 195.14976501464844,
    "far_command": 4,
    "angle_near": 0.01568440128952199,
    "angle_far": 0.024843714848507316,
    "steer": 0.00013598817167803645,
    "throttle": 0.75,
    "brake": 0.0,
    "is_red_light_present": 0,
    "vehicle_detected_flag": 1,
    "distanse": 23.296144485473633,
    "steer_sequence": [
        0.0007957363850437105,
        0.00019378661818336695,
        0.0007751039229333401,
        0.0006001018336974084,
        0.0008219038718380034,
        -4.1946796045522206e-06,
        0.0003890766529366374,
        0.0009697829373180866,
        -0.00018338831432629377,
        0.00012061793677276,
        0.0011855486081913114,
        0.00033164932392537594,
        0.00028930226108059287,
        0.0011235751444473863,
        -0.0001086356642190367,
        0.00021920789731666446,
        0.0011116296518594027,
        -0.0002652652619872242,
        0.0002687036758288741,
        0.00163481873460114
    ],
    "throttle_sequence": [
        0.050823405385017395,
        0.7378895282745361,
        0.75,
        0.75,
        0.75,
        0.75,
        0.75,
        0.2767488658428192,
        0.0,
        0.23891116678714752,
        0.75,
        0.75,
        0.75,
        0.75,
        0.75,
        0.4713120460510254,
        0.0,
        0.026882851496338844,
        0.7153066396713257,
        0.75
    ],
    "brake_sequence": [
        0.0,
        0.0,
        0.0,
        0.0,
        0.0,
        0.0,
        0.0,
        0.0,
        0.2483026087284088,
        0.0,
        0.0,
        0.0,
        0.0,
        0.0,
        0.0,
        0.0,
        0.09315580129623413,
        0.0,
        0.0,
        0.0
    ],
    "speed_sequence": [
        6.657654762268066,
        6.467507839202881,
        6.232805252075195,
        6.118368148803711,
        6.130499839782715,
        6.231958866119385,
        6.394492149353027,
        6.596230506896973,
        6.741577625274658,
        6.606508255004883,
        6.395927429199219,
        6.216899394989014,
        6.167234897613525,
        6.225329875946045,
        6.358580589294434,
        6.541774749755859,
        6.697798252105713,
        6.664299488067627,
        6.473764419555664,
        6.230711460113525
    ],
    "light_sequence": [
        0.0,
        0.0,
        0.0,
        0.0,
        0.0,
        0.0,
        0.0,
        0.0,
        0.0,
        0.0,
        0.0,
        0.0,
        0.0,
        0.0,
        0.0,
        0.0,
        0.0,
        0.0,
        0.0,
        0.0
    ],
    "is_collision_event": false
}