{
    "timestamp": 54.40000081062317,
    "x": 206.1991424560547,
    "y": 195.14691162109375,
    "speed": 6.2181574777320625,
    "theta": 4.711798667907715,
    "near_node_x": 198.67018127441406,
    "near_node_y": 195.14878845214844,
    "near_command": 4,
    "far_node_x": 192.67019653320312,
    "far_node_y": 195.14830017089844,
    "far_command": 4,
    "angle_near": 0.019562625836647685,
    "angle_far": 0.027964826237664265,
    "steer": 0.0010027281241491437,
    "throttle": 0.75,
    "brake": 0.0,
    "is_red_light_present": 0,
    "vehicle_detected_flag": 1,
    "distanse": 24.275474548339844,
    "steer_sequence": [
        0.0009854097152128816,
        0.001037508831359446,
        -0.00017271073011215776,
        0.00045517459511756897,
        0.0010878818575292826,
        -0.00036457297392189503,
        0.00045407848665490746,
        0.0009734788909554482,
        -0.0002804251271300018,
        0.000878101447597146,
        0.0010961717925965786,
        -0.0002288996911374852,
        0.0004371301329229027,
        0.0010134773328900337,
        -0.00025950849521905184,
        0.00026094898930750787,
        0.001074832514859736,
        0.000410882115829736,
        0.0004614583740476519,
        0.000547567440662533
    ],
    "throttle_sequence": [
        0.75,
        0.75,
        0.75,
        0.75,
        0.7083367109298706,
        0.0,
        0.0,
        0.35697102546691895,
        0.75,
        0.75,
        0.75,
        0.75,
        0.75,
        0.4630340337753296,
        0.0,
        0.03643485903739929,
        0.7259383797645569,
        0.75,
        0.75,
        0.75
    ],
    "brake_sequence": [
        0.0,
        0.0,
        0.0,
        0.0,
        0.0,
        0.004558401182293892,
        0.30000001192092896,
        0.0,
        0.0,
        0.0,
        0.0,
        0.0,
        0.0,
        0.0,
        0.10920991003513336,
        0.0,
        0.0,
        0.0,
        0.0,
        0.0
    ],
    "speed_sequence": [
        6.2321014404296875,
        6.1502485275268555,
        6.185615539550781,
        6.303266525268555,
        6.476356029510498,
        6.673595905303955,
        6.783812999725342,
        6.573033332824707,
        6.328159332275391,
        6.166144847869873,
        6.137753486633301,
        6.210822105407715,
        6.354314804077148,
        6.54406213760376,
        6.702437877655029,
        6.6620306968688965,
        6.471306324005127,
        6.231739044189453,
        6.111579418182373,
        6.119584083557129
    ],
    "light_sequence": [
        0.0,
        0.0,
        0.0,
        0.0,
        0.0,
        0.0,
        0.0,
        0.0,
        0.0,
        0.0,
        0.0,
        0.0,
        0.0,
        0.0,
        0.0,
        0.0,
        0.0,
        0.0,
        0.0,
        0.0
    ],
    "is_collision_event": false
}