{
    "timestamp": 55.40000082552433,
    "x": 199.7648468017578,
    "y": 195.14634704589844,
    "speed": 6.512556251127259,
    "theta": 4.711933135986328,
    "near_node_x": 192.67019653320312,
    "near_node_y": 195.14830017089844,
    "near_command": 4,
    "far_node_x": 186.67019653320312,
    "far_node_y": 195.14781188964844,
    "far_command": 4,
    "angle_near": 0.010367688687439121,
    "angle_far": 0.019731517035171148,
    "steer": -0.00027551400125958025,
    "throttle": 0.5771163702011108,
    "brake": 0.0,
    "is_red_light_present": 0,
    "vehicle_detected_flag": 0,
    "distanse": 25,
    "steer_sequence": [
        0.0010961717925965786,
        -0.0002288996911374852,
        0.0004371301329229027,
        0.0010134773328900337,
        -0.00025950849521905184,
        0.00026094898930750787,
        0.001074832514859736,
        0.000410882115829736,
        0.0004614583740476519,
        0.000547567440662533,
        0.0010027281241491437,
        -0.00022005224309396,
        0.0009667543927207589,
        8.724104554858059e-05,
        1.5169435755524319e-05,
        0.0005870161694474518,
        0.0013797320425510406,
        -6.831167411291972e-05,
        0.00033034099033102393,
        0.0011900891549885273
    ],
    "throttle_sequence": [
        0.75,
        0.75,
        0.75,
        0.4630340337753296,
        0.0,
        0.03643485903739929,
        0.7259383797645569,
        0.75,
        0.75,
        0.75,
        0.75,
        0.75,
        0.3379707336425781,
        0.0,
        0.1841598004102707,
        0.75,
        0.75,
        0.75,
        0.75,
        0.75
    ],
    "brake_sequence": [
        0.0,
        0.0,
        0.0,
        0.0,
        0.10920991003513336,
        0.0,
        0.0,
        0.0,
        0.0,
        0.0,
        0.0,
        0.0,
        0.0,
        0.2028336226940155,
        0.0,
        0.0,
        0.0,
        0.0,
        0.0,
        0.0
    ],
    "speed_sequence": [
        6.137753486633301,
        6.210822105407715,
        6.354314804077148,
        6.54406213760376,
        6.702437877655029,
        6.6620306968688965,
        6.471306324005127,
        6.231739044189453,
        6.111579418182373,
        6.119584083557129,
        6.2181572914123535,
        6.378773212432861,
        6.5793681144714355,
        6.729115962982178,
        6.621849060058594,
        6.421181678771973,
        6.227898597717285,
        6.162137031555176,
        6.208906650543213,
        6.334384918212891
    ],
    "light_sequence": [
        0.0,
        0.0,
        0.0,
        0.0,
        0.0,
        0.0,
        0.0,
        0.0,
        0.0,
        0.0,
        0.0,
        0.0,
        0.0,
        0.0,
        0.0,
        0.0,
        0.0,
        0.0,
        0.0,
        0.0
    ],
    "is_collision_event": false
}