{
    "timestamp": 58.00000086426735,
    "x": 183.04698181152344,
    "y": 195.14503479003906,
    "speed": 6.5950450410564745,
    "theta": 4.711903095245361,
    "near_node_x": 176.67019653320312,
    "near_node_y": 195.14700317382812,
    "near_command": 4,
    "far_node_x": 170.67018127441406,
    "far_node_y": 195.14651489257812,
    "far_command": 4,
    "angle_near": 0.010176123005746922,
    "angle_far": 0.02101034155752566,
    "steer": 0.00030779128428548574,
    "throttle": 0.2797955870628357,
    "brake": 0.0,
    "is_red_light_present": 0,
    "vehicle_detected_flag": 1,
    "distanse": 24.53415298461914,
    "steer_sequence": [
        -0.0002631157694850117,
        0.00035718988510780036,
        0.00119637546595186,
        -0.0003482829197309911,
        0.00042259108158759773,
        0.0009883817983791232,
        -0.00016895815497264266,
        0.0008103508735075593,
        0.0012037106789648533,
        -0.00021380768157541752,
        0.0004018843756057322,
        0.0010728518245741725,
        -0.00029571057530120015,
        0.00039644347270950675,
        0.0008404605905525386,
        2.8477044907049276e-05,
        0.0007650040206499398,
        0.0004422750207595527,
        0.0008399393409490585,
        -7.618388917762786e-05
    ],
    "throttle_sequence": [
        0.75,
        0.75,
        0.75,
        0.3606501817703247,
        0.0,
        0.1621638387441635,
        0.75,
        0.75,
        0.75,
        0.75,
        0.75,
        0.6325350999832153,
        0.0,
        0.0,
        0.5637880563735962,
        0.75,
        0.75,
        0.75,
        0.75,
        0.75
    ],
    "brake_sequence": [
        0.0,
        0.0,
        0.0,
        0.0,
        0.18500973284244537,
        0.0,
        0.0,
        0.0,
        0.0,
        0.0,
        0.0,
        0.0,
        0.01991099864244461,
        0.24958883225917816,
        0.0,
        0.0,
        0.0,
        0.0,
        0.0,
        0.0
    ],
    "speed_sequence": [
        6.122169494628906,
        6.216452598571777,
        6.3741888999938965,
        6.5729660987854,
        6.723999977111816,
        6.62772798538208,
        6.429871082305908,
        6.230354309082031,
        6.157516002655029,
        6.19926118850708,
        6.321321964263916,
        6.497269153594971,
        6.6777262687683105,
        6.741110324859619,
        6.515725135803223,
        6.268057346343994,
        6.140520095825195,
        6.1431050300598145,
        6.237951755523682,
        6.396060466766357
    ],
    "light_sequence": [
        0.0,
        0.0,
        0.0,
        0.0,
        0.0,
        0.0,
        0.0,
        0.0,
        0.0,
        0.0,
        0.0,
        0.0,
        0.0,
        0.0,
        0.0,
        0.0,
        0.0,
        0.0,
        0.0,
        0.0
    ],
    "is_collision_event": false
}