{
    "timestamp": 65.60000097751617,
    "x": 134.17684936523438,
    "y": 195.14100646972656,
    "speed": 6.543824688316192,
    "theta": 4.711958408355713,
    "near_node_x": 126.67017364501953,
    "near_node_y": 195.14292907714844,
    "near_command": 4,
    "far_node_x": 120.67017364501953,
    "far_node_y": 195.1424560546875,
    "far_command": 4,
    "angle_near": 0.010004719311463066,
    "angle_far": 0.01853010713061104,
    "steer": -0.00025617971550673246,
    "throttle": 0.4638836085796356,
    "brake": 0.0,
    "is_red_light_present": 0,
    "vehicle_detected_flag": 1,
    "distanse": 18.50233268737793,
    "steer_sequence": [
        0.00048682125634513795,
        0.0008946469170041382,
        -6.137745367595926e-05,
        0.00030900511774234474,
        0.0010279793059453368,
        -0.00020567855972331017,
        8.574061939725652e-05,
        0.0013449102407321334,
        0.0002503163705114275,
        0.00021807588927913457,
        0.001146353897638619,
        -0.00015613007417414337,
        0.0002479450195096433,
        0.0010935317259281874,
        -0.00040850951336324215,
        0.000334495009155944,
        0.0015960708260536194,
        -0.00012714894546661526,
        0.0002605897607281804,
        0.0011723689967766404
    ],
    "throttle_sequence": [
        0.75,
        0.75,
        0.75,
        0.6370616555213928,
        0.0,
        0.0,
        0.5567681789398193,
        0.75,
        0.75,
        0.75,
        0.75,
        0.75,
        0.2787162661552429,
        0.0,
        0.24073201417922974,
        0.75,
        0.75,
        0.75,
        0.75,
        0.75
    ],
    "brake_sequence": [
        0.0,
        0.0,
        0.0,
        0.0,
        0.018328197300434113,
        0.2582986354827881,
        0.0,
        0.0,
        0.0,
        0.0,
        0.0,
        0.0,
        0.0,
        0.24192705750465393,
        0.0,
        0.0,
        0.0,
        0.0,
        0.0,
        0.0
    ],
    "speed_sequence": [
        6.157087802886963,
        6.198453426361084,
        6.320226669311523,
        6.496020793914795,
        6.6772966384887695,
        6.743529319763184,
        6.517671585083008,
        6.26975679397583,
        6.141773223876953,
        6.143982410430908,
        6.238539695739746,
        6.396452903747559,
        6.595325469970703,
        6.739328384399414,
        6.605465888977051,
        6.3957414627075195,
        6.217373847961426,
        6.168325901031494,
        6.226898193359375,
        6.360457897186279
    ],
    "light_sequence": [
        0.0,
        0.0,
        0.0,
        0.0,
        0.0,
        0.0,
        0.0,
        0.0,
        0.0,
        0.0,
        0.0,
        0.0,
        0.0,
        0.0,
        0.0,
        0.0,
        0.0,
        0.0,
        0.0,
        0.0
    ],
    "is_collision_event": false
}