{
    "timestamp": 69.80000104010105,
    "x": 106.9125747680664,
    "y": 195.13897705078125,
    "speed": 6.884252355243942,
    "theta": 4.712024688720703,
    "near_node_x": 99.36705017089844,
    "near_node_y": 195.14073181152344,
    "near_command": 1,
    "far_node_x": 92.63850402832031,
    "far_node_y": 197.54071044921875,
    "far_command": 1,
    "angle_near": 0.007570864425765583,
    "angle_far": -9.53014288865402,
    "steer": -0.0003782640560530126,
    "throttle": 0.2313816100358963,
    "brake": 0.0,
    "is_red_light_present": 0,
    "vehicle_detected_flag": 0,
    "distanse": 25,
    "steer_sequence": [
        0.00020814745221287012,
        0.00025681755505502224,
        0.0011921538971364498,
        -0.0001607757731107995,
        0.00026375678135082126,
        0.001322879339568317,
        -0.0004371824616100639,
        0.0003428317722864449,
        0.0011228435905650258,
        0.0002473009517416358,
        0.0009093238040804863,
        3.4058208257192746e-05,
        0.0002692781563382596,
        0.0009958219015970826,
        -0.00017573402146808803,
        0.00033405108842998743,
        0.0011944338912144303,
        -0.00033715690369717777,
        0.00020333255815785378,
        0.001202998566441238
    ],
    "throttle_sequence": [
        0.75,
        0.75,
        0.75,
        0.75,
        0.3793441951274872,
        0.0,
        0.14064504206180573,
        0.75,
        0.75,
        0.75,
        0.75,
        0.75,
        0.6944557428359985,
        0.0,
        0.6286250352859497,
        0.75,
        0.75,
        0.75,
        0.3632194995880127,
        0.0
    ],
    "brake_sequence": [
        0.0,
        0.0,
        0.0,
        0.0,
        0.0,
        0.17349998652935028,
        0.0,
        0.0,
        0.0,
        0.0,
        0.0,
        0.0,
        0.0,
        0.006631361320614815,
        0.0,
        0.0,
        0.0,
        0.0,
        0.0,
        0.05657796189188957
    ],
    "speed_sequence": [
        6.116806507110596,
        6.117995262145996,
        6.211791515350342,
        6.369227409362793,
        6.567847728729248,
        6.720889091491699,
        6.633777618408203,
        6.437714099884033,
        6.231775283813477,
        6.151572227478027,
        6.188117980957031,
        6.306550979614258,
        6.48018741607666,
        6.674152374267578,
        6.775640487670898,
        6.681670665740967,
        6.643986701965332,
        6.710935592651367,
        6.850016117095947,
        6.965274810791016
    ],
    "light_sequence": [
        0.0,
        0.0,
        0.0,
        0.0,
        0.0,
        0.0,
        0.0,
        0.0,
        0.0,
        0.0,
        0.0,
        0.0,
        0.0,
        0.0,
        0.0,
        0.0,
        0.0,
        0.0,
        0.0,
        0.0
    ],
    "is_collision_event": false
}