{
    "timestamp": 61.30000091344118,
    "x": 161.8466796875,
    "y": 195.1432342529297,
    "speed": 6.379763431784261,
    "theta": 4.711912631988525,
    "near_node_x": 154.67018127441406,
    "near_node_y": 195.1452178955078,
    "near_command": 4,
    "far_node_x": 148.67018127441406,
    "far_node_y": 195.1447296142578,
    "far_command": 4,
    "angle_near": 0.011478729306243078,
    "angle_far": 0.02081342241746416,
    "steer": -0.00019154473557136953,
    "throttle": 0.75,
    "brake": 0.0,
    "is_red_light_present": 0,
    "vehicle_detected_flag": 0,
    "distanse": 25,
    "steer_sequence": [
        0.0013633780181407928,
        -0.0002189009392168373,
        0.00042337627382948995,
        0.0011144320014864206,
        -0.0002949319896288216,
        0.00042608845978975296,
        0.0009545345674268901,
        -0.0001451220887247473,
        0.0008139279671013355,
        0.0006074327975511551,
        0.0007798689766786993,
        -9.247232810594141e-05,
        0.0004175211361143738,
        0.0010422400664538145,
        -0.00031047200900502503,
        0.00024343225231859833,
        0.0015038765268400311,
        0.0001451283023925498,
        0.00026632429216988385,
        0.001206049695611
    ],
    "throttle_sequence": [
        0.75,
        0.75,
        0.75,
        0.75,
        0.34318429231643677,
        0.0,
        0.1791316717863083,
        0.75,
        0.75,
        0.75,
        0.75,
        0.75,
        0.588247537612915,
        0.0,
        0.0,
        0.623724102973938,
        0.75,
        0.75,
        0.75,
        0.75
    ],
    "brake_sequence": [
        0.0,
        0.0,
        0.0,
        0.0,
        0.0,
        0.19908204674720764,
        0.0,
        0.0,
        0.0,
        0.0,
        0.0,
        0.0,
        0.0,
        0.035751573741436005,
        0.1661514937877655,
        0.0,
        0.0,
        0.0,
        0.0,
        0.0
    ],
    "speed_sequence": [
        6.1109161376953125,
        6.1186137199401855,
        6.2169904708862305,
        6.377455711364746,
        6.577943801879883,
        6.72810173034668,
        6.6232590675354,
        6.423382759094238,
        6.2287516593933105,
        6.161415100097656,
        6.2070631980896,
        6.331787586212158,
        6.509485244750977,
        6.682039737701416,
        6.7179179191589355,
        6.499112129211426,
        6.252372741699219,
        6.124449253082275,
        6.12696647644043,
        6.221705913543701
    ],
    "light_sequence": [
        0.0,
        0.0,
        0.0,
        0.0,
        0.0,
        0.0,
        0.0,
        0.0,
        0.0,
        0.0,
        0.0,
        0.0,
        0.0,
        0.0,
        0.0,
        0.0,
        0.0,
        0.0,
        0.0,
        0.0
    ],
    "is_collision_event": false
}