{
    "timestamp": 64.5000009611249,
    "x": 141.24081420898438,
    "y": 195.14170837402344,
    "speed": 6.143982281299715,
    "theta": 4.71190071105957,
    "near_node_x": 134.67018127441406,
    "near_node_y": 195.14358520507812,
    "near_command": 4,
    "far_node_x": 128.67018127441406,
    "far_node_y": 195.14309692382812,
    "far_command": 4,
    "angle_near": 0.011619180626640826,
    "angle_far": 0.021656225827506526,
    "steer": 0.00021807588927913457,
    "throttle": 0.75,
    "brake": 0.0,
    "is_red_light_present": 0,
    "vehicle_detected_flag": 1,
    "distanse": 20.77875328063965,
    "steer_sequence": [
        -0.0003393258957657963,
        0.0006455113762058318,
        0.0009103738702833652,
        0.0007731758523732424,
        -0.00012256979243829846,
        0.0005161258159205317,
        0.0009756811195984483,
        -0.0002628900983836502,
        0.0007989124278537929,
        0.000250390381552279,
        0.0007281860453076661,
        0.00048682125634513795,
        0.0008946469170041382,
        -6.137745367595926e-05,
        0.00030900511774234474,
        0.0010279793059453368,
        -0.00020567855972331017,
        8.574061939725652e-05,
        0.0013449102407321334,
        0.0002503163705114275
    ],
    "throttle_sequence": [
        0.6351487040519714,
        0.75,
        0.75,
        0.75,
        0.75,
        0.75,
        0.36211466789245605,
        0.0,
        0.16050037741661072,
        0.75,
        0.75,
        0.75,
        0.75,
        0.75,
        0.6370616555213928,
        0.0,
        0.0,
        0.5567681789398193,
        0.75,
        0.75
    ],
    "brake_sequence": [
        0.0,
        0.0,
        0.0,
        0.0,
        0.0,
        0.0,
        0.0,
        0.18406856060028076,
        0.0,
        0.0,
        0.0,
        0.0,
        0.0,
        0.0,
        0.0,
        0.018328197300434113,
        0.2582986354827881,
        0.0,
        0.0,
        0.0
    ],
    "speed_sequence": [
        6.495944976806641,
        6.2489800453186035,
        6.120079517364502,
        6.121846675872803,
        6.216074466705322,
        6.373807907104492,
        6.572566509246826,
        6.723743438720703,
        6.6281962394714355,
        6.430475234985352,
        6.230465888977051,
        6.157087802886963,
        6.198453426361084,
        6.320226669311523,
        6.496020793914795,
        6.6772966384887695,
        6.743529319763184,
        6.517671585083008,
        6.26975679397583,
        6.141773223876953
    ],
    "light_sequence": [
        0.0,
        0.0,
        0.0,
        0.0,
        0.0,
        0.0,
        0.0,
        0.0,
        0.0,
        0.0,
        0.0,
        0.0,
        0.0,
        0.0,
        0.0,
        0.0,
        0.0,
        0.0,
        0.0,
        0.0
    ],
    "is_collision_event": false
}