{
    "timestamp": 60.200000897049904,
    "x": 168.874755859375,
    "y": 195.1438446044922,
    "speed": 6.161414946749404,
    "theta": 4.711796760559082,
    "near_node_x": 162.67019653320312,
    "near_node_y": 195.14585876464844,
    "near_command": 4,
    "far_node_x": 156.67019653320312,
    "far_node_y": 195.14537048339844,
    "far_command": 4,
    "angle_near": 0.01534134118069484,
    "angle_far": 0.026777606913955247,
    "steer": 0.0006074327975511551,
    "throttle": 0.75,
    "brake": 0.0,
    "is_red_light_present": 0,
    "vehicle_detected_flag": 1,
    "distanse": 24.600542068481445,
    "steer_sequence": [
        -0.0004493876185733825,
        0.0003456840349826962,
        0.0016533074667677283,
        -0.00016673709615133703,
        0.00024251648574136198,
        0.0012130547547712922,
        -0.00029461379745043814,
        0.0003484482003841549,
        0.0010833719279617071,
        -0.00023192900698632002,
        0.0008473927155137062,
        0.0013633780181407928,
        -0.0002189009392168373,
        0.00042337627382948995,
        0.0011144320014864206,
        -0.0002949319896288216,
        0.00042608845978975296,
        0.0009545345674268901,
        -0.0001451220887247473,
        0.0008139279671013355
    ],
    "throttle_sequence": [
        0.23975658416748047,
        0.75,
        0.75,
        0.75,
        0.75,
        0.75,
        0.46548140048980713,
        0.0,
        0.03562832996249199,
        0.7234117984771729,
        0.75,
        0.75,
        0.75,
        0.75,
        0.75,
        0.34318429231643677,
        0.0,
        0.1791316717863083,
        0.75,
        0.75
    ],
    "brake_sequence": [
        0.0,
        0.0,
        0.0,
        0.0,
        0.0,
        0.0,
        0.0,
        0.0960993766784668,
        0.0,
        0.0,
        0.0,
        0.0,
        0.0,
        0.0,
        0.0,
        0.0,
        0.19908204674720764,
        0.0,
        0.0,
        0.0
    ],
    "speed_sequence": [
        6.605759620666504,
        6.3961968421936035,
        6.217592239379883,
        6.168280124664307,
        6.2266669273376465,
        6.360098838806152,
        6.5433831214904785,
        6.698608875274658,
        6.661867618560791,
        6.471506595611572,
        6.231518268585205,
        6.1109161376953125,
        6.1186137199401855,
        6.2169904708862305,
        6.377455711364746,
        6.577943801879883,
        6.72810173034668,
        6.6232590675354,
        6.423382759094238,
        6.2287516593933105
    ],
    "light_sequence": [
        0.0,
        0.0,
        0.0,
        0.0,
        0.0,
        0.0,
        0.0,
        0.0,
        0.0,
        0.0,
        0.0,
        0.0,
        0.0,
        0.0,
        0.0,
        0.0,
        0.0,
        0.0,
        0.0,
        0.0
    ],
    "is_collision_event": false
}