{
    "timestamp": 61.50000091642141,
    "x": 160.52386474609375,
    "y": 195.14328002929688,
    "speed": 6.727794933299005,
    "theta": 4.711849212646484,
    "near_node_x": 152.67019653320312,
    "near_node_y": 195.14505004882812,
    "near_command": 4,
    "far_node_x": 146.67018127441406,
    "far_node_y": 195.14456176757812,
    "far_command": 4,
    "angle_near": 0.018036378587345935,
    "angle_far": 0.025648420964137615,
    "steer": 0.0011488505406305194,
    "throttle": 0.0,
    "brake": 0.19903229176998138,
    "is_red_light_present": 0,
    "vehicle_detected_flag": 0,
    "distanse": 25,
    "steer_sequence": [
        0.00042337627382948995,
        0.0011144320014864206,
        -0.0002949319896288216,
        0.00042608845978975296,
        0.0009545345674268901,
        -0.0001451220887247473,
        0.0008139279671013355,
        0.0006074327975511551,
        0.0007798689766786993,
        -9.247232810594141e-05,
        0.0004175211361143738,
        0.0010422400664538145,
        -0.00031047200900502503,
        0.00024343225231859833,
        0.0015038765268400311,
        0.0001451283023925498,
        0.00026632429216988385,
        0.001206049695611,
        -0.00019154473557136953,
        0.0002909203467424959
    ],
    "throttle_sequence": [
        0.75,
        0.75,
        0.34318429231643677,
        0.0,
        0.1791316717863083,
        0.75,
        0.75,
        0.75,
        0.75,
        0.75,
        0.588247537612915,
        0.0,
        0.0,
        0.623724102973938,
        0.75,
        0.75,
        0.75,
        0.75,
        0.75,
        0.33952194452285767
    ],
    "brake_sequence": [
        0.0,
        0.0,
        0.0,
        0.19908204674720764,
        0.0,
        0.0,
        0.0,
        0.0,
        0.0,
        0.0,
        0.0,
        0.035751573741436005,
        0.1661514937877655,
        0.0,
        0.0,
        0.0,
        0.0,
        0.0,
        0.0,
        0.0
    ],
    "speed_sequence": [
        6.2169904708862305,
        6.377455711364746,
        6.577943801879883,
        6.72810173034668,
        6.6232590675354,
        6.423382759094238,
        6.2287516593933105,
        6.161415100097656,
        6.2070631980896,
        6.331787586212158,
        6.509485244750977,
        6.682039737701416,
        6.7179179191589355,
        6.499112129211426,
        6.252372741699219,
        6.124449253082275,
        6.12696647644043,
        6.221705913543701,
        6.379763603210449,
        6.578754425048828
    ],
    "light_sequence": [
        0.0,
        0.0,
        0.0,
        0.0,
        0.0,
        0.0,
        0.0,
        0.0,
        0.0,
        0.0,
        0.0,
        0.0,
        0.0,
        0.0,
        0.0,
        0.0,
        0.0,
        0.0,
        0.0,
        0.0
    ],
    "is_collision_event": false
}