{
    "timestamp": 62.40000092983246,
    "x": 154.7073516845703,
    "y": 195.14280700683594,
    "speed": 6.711937303478157,
    "theta": 4.711865425109863,
    "near_node_x": 146.67018127441406,
    "near_node_y": 195.14456176757812,
    "near_command": 4,
    "far_node_x": 140.67018127441406,
    "far_node_y": 195.14407348632812,
    "far_command": 4,
    "angle_near": 0.017511077600067912,
    "angle_far": 0.024851090032464777,
    "steer": 0.0011206938652321696,
    "throttle": 0.0,
    "brake": 0.14460965991020203,
    "is_red_light_present": 0,
    "vehicle_detected_flag": 1,
    "distanse": 24.999465942382812,
    "steer_sequence": [
        -9.247232810594141e-05,
        0.0004175211361143738,
        0.0010422400664538145,
        -0.00031047200900502503,
        0.00024343225231859833,
        0.0015038765268400311,
        0.0001451283023925498,
        0.00026632429216988385,
        0.001206049695611,
        -0.00019154473557136953,
        0.0002909203467424959,
        0.0011488505406305194,
        -0.00040319858817383647,
        0.0004167812876403332,
        0.0016001240583136678,
        -0.0001046233155648224,
        0.0002767652622424066,
        0.00119155237916857,
        -0.00026248430367559195,
        0.00032833527075126767
    ],
    "throttle_sequence": [
        0.75,
        0.588247537612915,
        0.0,
        0.0,
        0.623724102973938,
        0.75,
        0.75,
        0.75,
        0.75,
        0.75,
        0.33952194452285767,
        0.0,
        0.18406210839748383,
        0.75,
        0.75,
        0.75,
        0.75,
        0.75,
        0.5762917399406433,
        0.0
    ],
    "brake_sequence": [
        0.0,
        0.0,
        0.035751573741436005,
        0.1661514937877655,
        0.0,
        0.0,
        0.0,
        0.0,
        0.0,
        0.0,
        0.0,
        0.19903229176998138,
        0.0,
        0.0,
        0.0,
        0.0,
        0.0,
        0.0,
        0.0,
        0.0402102991938591
    ],
    "speed_sequence": [
        6.331787586212158,
        6.509485244750977,
        6.682039737701416,
        6.7179179191589355,
        6.499112129211426,
        6.252372741699219,
        6.124449253082275,
        6.12696647644043,
        6.221705913543701,
        6.379763603210449,
        6.578754425048828,
        6.727795124053955,
        6.62155818939209,
        6.4213738441467285,
        6.228114604949951,
        6.162354469299316,
        6.209133148193359,
        6.334613800048828,
        6.512784957885742,
        6.683262825012207
    ],
    "light_sequence": [
        0.0,
        0.0,
        0.0,
        0.0,
        0.0,
        0.0,
        0.0,
        0.0,
        0.0,
        0.0,
        0.0,
        0.0,
        0.0,
        0.0,
        0.0,
        0.0,
        0.0,
        0.0,
        0.0,
        0.0
    ],
    "is_collision_event": false
}