{
    "timestamp": 67.10000099986792,
    "x": 124.53386688232422,
    "y": 195.14027404785156,
    "speed": 6.210572671984848,
    "theta": 4.711801528930664,
    "near_node_x": 116.67017364501953,
    "near_node_y": 195.14212036132812,
    "near_command": 4,
    "far_node_x": 110.67017364501953,
    "far_node_y": 195.14163208007812,
    "far_command": 4,
    "angle_near": 0.020229032340173557,
    "angle_far": 0.028069019313367527,
    "steer": 0.0012200810015201569,
    "throttle": 0.75,
    "brake": 0.0,
    "is_red_light_present": 0,
    "vehicle_detected_flag": 1,
    "distanse": 16.939533233642578,
    "steer_sequence": [
        0.000334495009155944,
        0.0015960708260536194,
        -0.00012714894546661526,
        0.0002605897607281804,
        0.0011723689967766404,
        -0.00025617971550673246,
        0.0003501498431432992,
        0.0009396140812896192,
        -0.00013938387564849108,
        0.0008509468170814216,
        0.000697766721714288,
        0.0008041692199185491,
        -5.7399043726036325e-05,
        0.0004471857682801783,
        0.0010044133523479104,
        -0.00021628027025144547,
        0.00016112653247546405,
        0.0013071076245978475,
        0.0002777398913167417,
        0.0002984213933814317
    ],
    "throttle_sequence": [
        0.75,
        0.75,
        0.75,
        0.75,
        0.75,
        0.4638836085796356,
        0.0,
        0.03798684477806091,
        0.72560054063797,
        0.75,
        0.75,
        0.75,
        0.75,
        0.75,
        0.33278441429138184,
        0.0,
        0.18910105526447296,
        0.75,
        0.75,
        0.75
    ],
    "brake_sequence": [
        0.0,
        0.0,
        0.0,
        0.0,
        0.0,
        0.0,
        0.09698671847581863,
        0.0,
        0.0,
        0.0,
        0.0,
        0.0,
        0.0,
        0.0,
        0.0,
        0.20674173533916473,
        0.0,
        0.0,
        0.0,
        0.0
    ],
    "speed_sequence": [
        6.3957414627075195,
        6.217373847961426,
        6.168325901031494,
        6.226898193359375,
        6.360457897186279,
        6.543824672698975,
        6.698853492736816,
        6.661212921142578,
        6.4709014892578125,
        6.231733322143555,
        6.112086296081543,
        6.120479583740234,
        6.219320297241211,
        6.380126953125,
        6.580807685852051,
        6.730196952819824,
        6.620467662811279,
        6.418934345245361,
        6.226953506469727,
        6.162741661071777
    ],
    "light_sequence": [
        0.0,
        0.0,
        0.0,
        0.0,
        0.0,
        0.0,
        0.0,
        0.0,
        0.0,
        0.0,
        0.0,
        0.0,
        0.0,
        0.0,
        0.0,
        0.0,
        0.0,
        0.0,
        0.0,
        0.0
    ],
    "is_collision_event": false
}