{
    "timestamp": 61.10000091046095,
    "x": 163.1020050048828,
    "y": 195.14337158203125,
    "speed": 6.126966379182659,
    "theta": 4.711861610412598,
    "near_node_x": 156.67019653320312,
    "near_node_y": 195.14537048339844,
    "near_command": 4,
    "far_node_x": 150.67018127441406,
    "far_node_y": 195.14488220214844,
    "far_command": 4,
    "angle_near": 0.012418814391960346,
    "angle_far": 0.023263264568283967,
    "steer": 0.00026632429216988385,
    "throttle": 0.75,
    "brake": 0.0,
    "is_red_light_present": 0,
    "vehicle_detected_flag": 0,
    "distanse": 25,
    "steer_sequence": [
        -0.00023192900698632002,
        0.0008473927155137062,
        0.0013633780181407928,
        -0.0002189009392168373,
        0.00042337627382948995,
        0.0011144320014864206,
        -0.0002949319896288216,
        0.00042608845978975296,
        0.0009545345674268901,
        -0.0001451220887247473,
        0.0008139279671013355,
        0.0006074327975511551,
        0.0007798689766786993,
        -9.247232810594141e-05,
        0.0004175211361143738,
        0.0010422400664538145,
        -0.00031047200900502503,
        0.00024343225231859833,
        0.0015038765268400311,
        0.0001451283023925498
    ],
    "throttle_sequence": [
        0.7234117984771729,
        0.75,
        0.75,
        0.75,
        0.75,
        0.75,
        0.34318429231643677,
        0.0,
        0.1791316717863083,
        0.75,
        0.75,
        0.75,
        0.75,
        0.75,
        0.588247537612915,
        0.0,
        0.0,
        0.623724102973938,
        0.75,
        0.75
    ],
    "brake_sequence": [
        0.0,
        0.0,
        0.0,
        0.0,
        0.0,
        0.0,
        0.0,
        0.19908204674720764,
        0.0,
        0.0,
        0.0,
        0.0,
        0.0,
        0.0,
        0.0,
        0.035751573741436005,
        0.1661514937877655,
        0.0,
        0.0,
        0.0
    ],
    "speed_sequence": [
        6.471506595611572,
        6.231518268585205,
        6.1109161376953125,
        6.1186137199401855,
        6.2169904708862305,
        6.377455711364746,
        6.577943801879883,
        6.72810173034668,
        6.6232590675354,
        6.423382759094238,
        6.2287516593933105,
        6.161415100097656,
        6.2070631980896,
        6.331787586212158,
        6.509485244750977,
        6.682039737701416,
        6.7179179191589355,
        6.499112129211426,
        6.252372741699219,
        6.124449253082275
    ],
    "light_sequence": [
        0.0,
        0.0,
        0.0,
        0.0,
        0.0,
        0.0,
        0.0,
        0.0,
        0.0,
        0.0,
        0.0,
        0.0,
        0.0,
        0.0,
        0.0,
        0.0,
        0.0,
        0.0,
        0.0,
        0.0
    ],
    "is_collision_event": false
}