{
    "timestamp": 65.1000009700656,
    "x": 137.3347625732422,
    "y": 195.1415252685547,
    "speed": 6.395741552686489,
    "theta": 4.711985111236572,
    "near_node_x": 130.67018127441406,
    "near_node_y": 195.1432647705078,
    "near_command": 4,
    "far_node_x": 124.67017364501953,
    "far_node_y": 195.1427764892578,
    "far_command": 4,
    "angle_near": 0.008194736565685465,
    "angle_far": 0.017488693212569115,
    "steer": 0.000334495009155944,
    "throttle": 0.75,
    "brake": 0.0,
    "is_red_light_present": 0,
    "vehicle_detected_flag": 1,
    "distanse": 19.289093017578125,
    "steer_sequence": [
        0.0009756811195984483,
        -0.0002628900983836502,
        0.0007989124278537929,
        0.000250390381552279,
        0.0007281860453076661,
        0.00048682125634513795,
        0.0008946469170041382,
        -6.137745367595926e-05,
        0.00030900511774234474,
        0.0010279793059453368,
        -0.00020567855972331017,
        8.574061939725652e-05,
        0.0013449102407321334,
        0.0002503163705114275,
        0.00021807588927913457,
        0.001146353897638619,
        -0.00015613007417414337,
        0.0002479450195096433,
        0.0010935317259281874,
        -0.00040850951336324215
    ],
    "throttle_sequence": [
        0.36211466789245605,
        0.0,
        0.16050037741661072,
        0.75,
        0.75,
        0.75,
        0.75,
        0.75,
        0.6370616555213928,
        0.0,
        0.0,
        0.5567681789398193,
        0.75,
        0.75,
        0.75,
        0.75,
        0.75,
        0.2787162661552429,
        0.0,
        0.24073201417922974
    ],
    "brake_sequence": [
        0.0,
        0.18406856060028076,
        0.0,
        0.0,
        0.0,
        0.0,
        0.0,
        0.0,
        0.0,
        0.018328197300434113,
        0.2582986354827881,
        0.0,
        0.0,
        0.0,
        0.0,
        0.0,
        0.0,
        0.0,
        0.24192705750465393,
        0.0
    ],
    "speed_sequence": [
        6.572566509246826,
        6.723743438720703,
        6.6281962394714355,
        6.430475234985352,
        6.230465888977051,
        6.157087802886963,
        6.198453426361084,
        6.320226669311523,
        6.496020793914795,
        6.6772966384887695,
        6.743529319763184,
        6.517671585083008,
        6.26975679397583,
        6.141773223876953,
        6.143982410430908,
        6.238539695739746,
        6.396452903747559,
        6.595325469970703,
        6.739328384399414,
        6.605465888977051
    ],
    "light_sequence": [
        0.0,
        0.0,
        0.0,
        0.0,
        0.0,
        0.0,
        0.0,
        0.0,
        0.0,
        0.0,
        0.0,
        0.0,
        0.0,
        0.0,
        0.0,
        0.0,
        0.0,
        0.0,
        0.0,
        0.0
    ],
    "is_collision_event": false
}