{
    "timestamp": 67.70000100880861,
    "x": 120.6178970336914,
    "y": 195.14007568359375,
    "speed": 6.2465005931886,
    "theta": 4.711832523345947,
    "near_node_x": 112.67017364501953,
    "near_node_y": 195.1417999267578,
    "near_command": 4,
    "far_node_x": 105.67017364501953,
    "far_node_y": 195.1412353515625,
    "far_command": 4,
    "angle_near": 0.01947542799694784,
    "angle_far": 0.02746053898512217,
    "steer": 0.0014258712762966752,
    "throttle": 0.75,
    "brake": 0.0,
    "is_red_light_present": 0,
    "vehicle_detected_flag": 1,
    "distanse": 15.822701454162598,
    "steer_sequence": [
        0.0003501498431432992,
        0.0009396140812896192,
        -0.00013938387564849108,
        0.0008509468170814216,
        0.000697766721714288,
        0.0008041692199185491,
        -5.7399043726036325e-05,
        0.0004471857682801783,
        0.0010044133523479104,
        -0.00021628027025144547,
        0.00016112653247546405,
        0.0013071076245978475,
        0.0002777398913167417,
        0.0002984213933814317,
        0.0012200810015201569,
        -0.00017596181714907289,
        0.0002758245391305536,
        0.0010914492886513472,
        -0.0002194244007114321,
        0.0002301409258507192
    ],
    "throttle_sequence": [
        0.0,
        0.03798684477806091,
        0.72560054063797,
        0.75,
        0.75,
        0.75,
        0.75,
        0.75,
        0.33278441429138184,
        0.0,
        0.18910105526447296,
        0.75,
        0.75,
        0.75,
        0.75,
        0.75,
        0.5665881633758545,
        0.0,
        0.0,
        0.6432263255119324
    ],
    "brake_sequence": [
        0.09698671847581863,
        0.0,
        0.0,
        0.0,
        0.0,
        0.0,
        0.0,
        0.0,
        0.0,
        0.20674173533916473,
        0.0,
        0.0,
        0.0,
        0.0,
        0.0,
        0.0,
        0.0,
        0.043907761573791504,
        0.12733161449432373,
        0.0
    ],
    "speed_sequence": [
        6.698853492736816,
        6.661212921142578,
        6.4709014892578125,
        6.231733322143555,
        6.112086296081543,
        6.120479583740234,
        6.219320297241211,
        6.380126953125,
        6.580807685852051,
        6.730196952819824,
        6.620467662811279,
        6.418934345245361,
        6.226953506469727,
        6.162741661071777,
        6.210572719573975,
        6.336790084838867,
        6.515465259552002,
        6.684270858764648,
        6.7071356773376465,
        6.493712902069092
    ],
    "light_sequence": [
        0.0,
        0.0,
        0.0,
        0.0,
        0.0,
        0.0,
        0.0,
        0.0,
        0.0,
        0.0,
        0.0,
        0.0,
        0.0,
        0.0,
        0.0,
        0.0,
        0.0,
        0.0,
        0.0,
        0.0
    ],
    "is_collision_event": false
}