{
    "timestamp": 63.9000009521842,
    "x": 145.122802734375,
    "y": 195.1418914794922,
    "speed": 6.496020832103761,
    "theta": 4.711888790130615,
    "near_node_x": 138.67018127441406,
    "near_node_y": 195.14390563964844,
    "near_command": 4,
    "far_node_x": 132.67019653320312,
    "far_node_y": 195.14341735839844,
    "far_command": 4,
    "angle_near": 0.010783475575228775,
    "angle_far": 0.021647392155901116,
    "steer": 0.00030900511774234474,
    "throttle": 0.6370616555213928,
    "brake": 0.0,
    "is_red_light_present": 0,
    "vehicle_detected_flag": 1,
    "distanse": 22.09484100341797,
    "steer_sequence": [
        -0.0001046233155648224,
        0.0002767652622424066,
        0.00119155237916857,
        -0.00026248430367559195,
        0.00032833527075126767,
        0.0011206938652321696,
        -0.0003393258957657963,
        0.0006455113762058318,
        0.0009103738702833652,
        0.0007731758523732424,
        -0.00012256979243829846,
        0.0005161258159205317,
        0.0009756811195984483,
        -0.0002628900983836502,
        0.0007989124278537929,
        0.000250390381552279,
        0.0007281860453076661,
        0.00048682125634513795,
        0.0008946469170041382,
        -6.137745367595926e-05
    ],
    "throttle_sequence": [
        0.75,
        0.75,
        0.75,
        0.5762917399406433,
        0.0,
        0.0,
        0.6351487040519714,
        0.75,
        0.75,
        0.75,
        0.75,
        0.75,
        0.36211466789245605,
        0.0,
        0.16050037741661072,
        0.75,
        0.75,
        0.75,
        0.75,
        0.75
    ],
    "brake_sequence": [
        0.0,
        0.0,
        0.0,
        0.0,
        0.0402102991938591,
        0.14460965991020203,
        0.0,
        0.0,
        0.0,
        0.0,
        0.0,
        0.0,
        0.0,
        0.18406856060028076,
        0.0,
        0.0,
        0.0,
        0.0,
        0.0,
        0.0
    ],
    "speed_sequence": [
        6.162354469299316,
        6.209133148193359,
        6.334613800048828,
        6.512784957885742,
        6.683262825012207,
        6.711937427520752,
        6.495944976806641,
        6.2489800453186035,
        6.120079517364502,
        6.121846675872803,
        6.216074466705322,
        6.373807907104492,
        6.572566509246826,
        6.723743438720703,
        6.6281962394714355,
        6.430475234985352,
        6.230465888977051,
        6.157087802886963,
        6.198453426361084,
        6.320226669311523
    ],
    "light_sequence": [
        0.0,
        0.0,
        0.0,
        0.0,
        0.0,
        0.0,
        0.0,
        0.0,
        0.0,
        0.0,
        0.0,
        0.0,
        0.0,
        0.0,
        0.0,
        0.0,
        0.0,
        0.0,
        0.0,
        0.0
    ],
    "is_collision_event": false
}