{
    "timestamp": 66.30000098794699,
    "x": 129.69078063964844,
    "y": 195.14035034179688,
    "speed": 6.219320497935532,
    "theta": 4.711859703063965,
    "near_node_x": 122.67017364501953,
    "near_node_y": 195.14260864257812,
    "near_command": 4,
    "far_node_x": 116.67017364501953,
    "far_node_y": 195.14212036132812,
    "far_command": 4,
    "angle_near": 0.011918166133475612,
    "angle_far": 0.02255957267885989,
    "steer": -5.7399043726036325e-05,
    "throttle": 0.75,
    "brake": 0.0,
    "is_red_light_present": 0,
    "vehicle_detected_flag": 1,
    "distanse": 18.345096588134766,
    "steer_sequence": [
        0.0013449102407321334,
        0.0002503163705114275,
        0.00021807588927913457,
        0.001146353897638619,
        -0.00015613007417414337,
        0.0002479450195096433,
        0.0010935317259281874,
        -0.00040850951336324215,
        0.000334495009155944,
        0.0015960708260536194,
        -0.00012714894546661526,
        0.0002605897607281804,
        0.0011723689967766404,
        -0.00025617971550673246,
        0.0003501498431432992,
        0.0009396140812896192,
        -0.00013938387564849108,
        0.0008509468170814216,
        0.000697766721714288,
        0.0008041692199185491
    ],
    "throttle_sequence": [
        0.75,
        0.75,
        0.75,
        0.75,
        0.75,
        0.2787162661552429,
        0.0,
        0.24073201417922974,
        0.75,
        0.75,
        0.75,
        0.75,
        0.75,
        0.4638836085796356,
        0.0,
        0.03798684477806091,
        0.72560054063797,
        0.75,
        0.75,
        0.75
    ],
    "brake_sequence": [
        0.0,
        0.0,
        0.0,
        0.0,
        0.0,
        0.0,
        0.24192705750465393,
        0.0,
        0.0,
        0.0,
        0.0,
        0.0,
        0.0,
        0.0,
        0.09698671847581863,
        0.0,
        0.0,
        0.0,
        0.0,
        0.0
    ],
    "speed_sequence": [
        6.26975679397583,
        6.141773223876953,
        6.143982410430908,
        6.238539695739746,
        6.396452903747559,
        6.595325469970703,
        6.739328384399414,
        6.605465888977051,
        6.3957414627075195,
        6.217373847961426,
        6.168325901031494,
        6.226898193359375,
        6.360457897186279,
        6.543824672698975,
        6.698853492736816,
        6.661212921142578,
        6.4709014892578125,
        6.231733322143555,
        6.112086296081543,
        6.120479583740234
    ],
    "light_sequence": [
        0.0,
        0.0,
        0.0,
        0.0,
        0.0,
        0.0,
        0.0,
        0.0,
        0.0,
        0.0,
        0.0,
        0.0,
        0.0,
        0.0,
        0.0,
        0.0,
        0.0,
        0.0,
        0.0,
        0.0
    ],
    "is_collision_event": false
}