{
    "timestamp": 63.40000094473362,
    "x": 148.27268981933594,
    "y": 195.142333984375,
    "speed": 6.43047519690628,
    "theta": 4.711956024169922,
    "near_node_x": 140.67018127441406,
    "near_node_y": 195.14407348632812,
    "near_command": 4,
    "far_node_x": 134.67018127441406,
    "far_node_y": 195.14358520507812,
    "far_command": 4,
    "angle_near": 0.011706263554121368,
    "angle_far": 0.01954557261228787,
    "steer": 0.000250390381552279,
    "throttle": 0.75,
    "brake": 0.0,
    "is_red_light_present": 0,
    "vehicle_detected_flag": 1,
    "distanse": 23.18573570251465,
    "steer_sequence": [
        0.0002909203467424959,
        0.0011488505406305194,
        -0.00040319858817383647,
        0.0004167812876403332,
        0.0016001240583136678,
        -0.0001046233155648224,
        0.0002767652622424066,
        0.00119155237916857,
        -0.00026248430367559195,
        0.00032833527075126767,
        0.0011206938652321696,
        -0.0003393258957657963,
        0.0006455113762058318,
        0.0009103738702833652,
        0.0007731758523732424,
        -0.00012256979243829846,
        0.0005161258159205317,
        0.0009756811195984483,
        -0.0002628900983836502,
        0.0007989124278537929
    ],
    "throttle_sequence": [
        0.33952194452285767,
        0.0,
        0.18406210839748383,
        0.75,
        0.75,
        0.75,
        0.75,
        0.75,
        0.5762917399406433,
        0.0,
        0.0,
        0.6351487040519714,
        0.75,
        0.75,
        0.75,
        0.75,
        0.75,
        0.36211466789245605,
        0.0,
        0.16050037741661072
    ],
    "brake_sequence": [
        0.0,
        0.19903229176998138,
        0.0,
        0.0,
        0.0,
        0.0,
        0.0,
        0.0,
        0.0,
        0.0402102991938591,
        0.14460965991020203,
        0.0,
        0.0,
        0.0,
        0.0,
        0.0,
        0.0,
        0.0,
        0.18406856060028076,
        0.0
    ],
    "speed_sequence": [
        6.578754425048828,
        6.727795124053955,
        6.62155818939209,
        6.4213738441467285,
        6.228114604949951,
        6.162354469299316,
        6.209133148193359,
        6.334613800048828,
        6.512784957885742,
        6.683262825012207,
        6.711937427520752,
        6.495944976806641,
        6.2489800453186035,
        6.120079517364502,
        6.121846675872803,
        6.216074466705322,
        6.373807907104492,
        6.572566509246826,
        6.723743438720703,
        6.6281962394714355
    ],
    "light_sequence": [
        0.0,
        0.0,
        0.0,
        0.0,
        0.0,
        0.0,
        0.0,
        0.0,
        0.0,
        0.0,
        0.0,
        0.0,
        0.0,
        0.0,
        0.0,
        0.0,
        0.0,
        0.0,
        0.0,
        0.0
    ],
    "is_collision_event": false
}