{
    "timestamp": 63.20000094175339,
    "x": 149.59800720214844,
    "y": 195.1422882080078,
    "speed": 6.723743556555623,
    "theta": 4.711944580078125,
    "near_node_x": 142.67019653320312,
    "near_node_y": 195.1442413330078,
    "near_command": 4,
    "far_node_x": 136.67018127441406,
    "far_node_y": 195.1437530517578,
    "far_command": 4,
    "angle_near": 0.009332128828931476,
    "angle_far": 0.018993109011437116,
    "steer": -0.0002628900983836502,
    "throttle": 0.0,
    "brake": 0.18406856060028076,
    "is_red_light_present": 0,
    "vehicle_detected_flag": 1,
    "distanse": 23.562707901000977,
    "steer_sequence": [
        0.001206049695611,
        -0.00019154473557136953,
        0.0002909203467424959,
        0.0011488505406305194,
        -0.00040319858817383647,
        0.0004167812876403332,
        0.0016001240583136678,
        -0.0001046233155648224,
        0.0002767652622424066,
        0.00119155237916857,
        -0.00026248430367559195,
        0.00032833527075126767,
        0.0011206938652321696,
        -0.0003393258957657963,
        0.0006455113762058318,
        0.0009103738702833652,
        0.0007731758523732424,
        -0.00012256979243829846,
        0.0005161258159205317,
        0.0009756811195984483
    ],
    "throttle_sequence": [
        0.75,
        0.75,
        0.33952194452285767,
        0.0,
        0.18406210839748383,
        0.75,
        0.75,
        0.75,
        0.75,
        0.75,
        0.5762917399406433,
        0.0,
        0.0,
        0.6351487040519714,
        0.75,
        0.75,
        0.75,
        0.75,
        0.75,
        0.36211466789245605
    ],
    "brake_sequence": [
        0.0,
        0.0,
        0.0,
        0.19903229176998138,
        0.0,
        0.0,
        0.0,
        0.0,
        0.0,
        0.0,
        0.0,
        0.0402102991938591,
        0.14460965991020203,
        0.0,
        0.0,
        0.0,
        0.0,
        0.0,
        0.0,
        0.0
    ],
    "speed_sequence": [
        6.221705913543701,
        6.379763603210449,
        6.578754425048828,
        6.727795124053955,
        6.62155818939209,
        6.4213738441467285,
        6.228114604949951,
        6.162354469299316,
        6.209133148193359,
        6.334613800048828,
        6.512784957885742,
        6.683262825012207,
        6.711937427520752,
        6.495944976806641,
        6.2489800453186035,
        6.120079517364502,
        6.121846675872803,
        6.216074466705322,
        6.373807907104492,
        6.572566509246826
    ],
    "light_sequence": [
        0.0,
        0.0,
        0.0,
        0.0,
        0.0,
        0.0,
        0.0,
        0.0,
        0.0,
        0.0,
        0.0,
        0.0,
        0.0,
        0.0,
        0.0,
        0.0,
        0.0,
        0.0,
        0.0,
        0.0
    ],
    "is_collision_event": false
}