{
    "timestamp": 63.70000094920397,
    "x": 146.39759826660156,
    "y": 195.14205932617188,
    "speed": 6.19845348861607,
    "theta": 4.711829662322998,
    "near_node_x": 138.67018127441406,
    "near_node_y": 195.14390563964844,
    "near_command": 4,
    "far_node_x": 132.67019653320312,
    "far_node_y": 195.14341735839844,
    "far_command": 4,
    "angle_near": 0.01836620790123222,
    "angle_far": 0.02638771157192365,
    "steer": 0.0008946469170041382,
    "throttle": 0.75,
    "brake": 0.0,
    "is_red_light_present": 0,
    "vehicle_detected_flag": 1,
    "distanse": 22.415668487548828,
    "steer_sequence": [
        0.0004167812876403332,
        0.0016001240583136678,
        -0.0001046233155648224,
        0.0002767652622424066,
        0.00119155237916857,
        -0.00026248430367559195,
        0.00032833527075126767,
        0.0011206938652321696,
        -0.0003393258957657963,
        0.0006455113762058318,
        0.0009103738702833652,
        0.0007731758523732424,
        -0.00012256979243829846,
        0.0005161258159205317,
        0.0009756811195984483,
        -0.0002628900983836502,
        0.0007989124278537929,
        0.000250390381552279,
        0.0007281860453076661,
        0.00048682125634513795
    ],
    "throttle_sequence": [
        0.75,
        0.75,
        0.75,
        0.75,
        0.75,
        0.5762917399406433,
        0.0,
        0.0,
        0.6351487040519714,
        0.75,
        0.75,
        0.75,
        0.75,
        0.75,
        0.36211466789245605,
        0.0,
        0.16050037741661072,
        0.75,
        0.75,
        0.75
    ],
    "brake_sequence": [
        0.0,
        0.0,
        0.0,
        0.0,
        0.0,
        0.0,
        0.0402102991938591,
        0.14460965991020203,
        0.0,
        0.0,
        0.0,
        0.0,
        0.0,
        0.0,
        0.0,
        0.18406856060028076,
        0.0,
        0.0,
        0.0,
        0.0
    ],
    "speed_sequence": [
        6.4213738441467285,
        6.228114604949951,
        6.162354469299316,
        6.209133148193359,
        6.334613800048828,
        6.512784957885742,
        6.683262825012207,
        6.711937427520752,
        6.495944976806641,
        6.2489800453186035,
        6.120079517364502,
        6.121846675872803,
        6.216074466705322,
        6.373807907104492,
        6.572566509246826,
        6.723743438720703,
        6.6281962394714355,
        6.430475234985352,
        6.230465888977051,
        6.157087802886963
    ],
    "light_sequence": [
        0.0,
        0.0,
        0.0,
        0.0,
        0.0,
        0.0,
        0.0,
        0.0,
        0.0,
        0.0,
        0.0,
        0.0,
        0.0,
        0.0,
        0.0,
        0.0,
        0.0,
        0.0,
        0.0,
        0.0
    ],
    "is_collision_event": false
}