{
    "timestamp": 68.50000102072954,
    "x": 115.48420715332031,
    "y": 195.13954162597656,
    "speed": 6.437714076875631,
    "theta": 4.711991310119629,
    "near_node_x": 107.67017364501953,
    "near_node_y": 195.14138793945312,
    "near_command": 4,
    "far_node_x": 101.42015838623047,
    "far_node_y": 195.14089965820312,
    "far_command": 4,
    "angle_near": 0.00925621550671015,
    "angle_far": 0.017261650316064903,
    "steer": 0.0003428317722864449,
    "throttle": 0.75,
    "brake": 0.0,
    "is_red_light_present": 0,
    "vehicle_detected_flag": 0,
    "distanse": 25,
    "steer_sequence": [
        0.0010044133523479104,
        -0.00021628027025144547,
        0.00016112653247546405,
        0.0013071076245978475,
        0.0002777398913167417,
        0.0002984213933814317,
        0.0012200810015201569,
        -0.00017596181714907289,
        0.0002758245391305536,
        0.0010914492886513472,
        -0.0002194244007114321,
        0.0002301409258507192,
        0.0014258712762966752,
        0.00020814745221287012,
        0.00025681755505502224,
        0.0011921538971364498,
        -0.0001607757731107995,
        0.00026375678135082126,
        0.001322879339568317,
        -0.0004371824616100639
    ],
    "throttle_sequence": [
        0.33278441429138184,
        0.0,
        0.18910105526447296,
        0.75,
        0.75,
        0.75,
        0.75,
        0.75,
        0.5665881633758545,
        0.0,
        0.0,
        0.6432263255119324,
        0.75,
        0.75,
        0.75,
        0.75,
        0.75,
        0.3793441951274872,
        0.0,
        0.14064504206180573
    ],
    "brake_sequence": [
        0.0,
        0.20674173533916473,
        0.0,
        0.0,
        0.0,
        0.0,
        0.0,
        0.0,
        0.0,
        0.043907761573791504,
        0.12733161449432373,
        0.0,
        0.0,
        0.0,
        0.0,
        0.0,
        0.0,
        0.0,
        0.17349998652935028,
        0.0
    ],
    "speed_sequence": [
        6.580807685852051,
        6.730196952819824,
        6.620467662811279,
        6.418934345245361,
        6.226953506469727,
        6.162741661071777,
        6.210572719573975,
        6.336790084838867,
        6.515465259552002,
        6.684270858764648,
        6.7071356773376465,
        6.493712902069092,
        6.246500492095947,
        6.116806507110596,
        6.117995262145996,
        6.211791515350342,
        6.369227409362793,
        6.567847728729248,
        6.720889091491699,
        6.633777618408203
    ],
    "light_sequence": [
        0.0,
        0.0,
        0.0,
        0.0,
        0.0,
        0.0,
        0.0,
        0.0,
        0.0,
        0.0,
        0.0,
        0.0,
        0.0,
        0.0,
        0.0,
        0.0,
        0.0,
        0.0,
        0.0,
        0.0
    ],
    "is_collision_event": false
}