{
    "timestamp": 68.30000101774931,
    "x": 116.81048583984375,
    "y": 195.1396026611328,
    "speed": 6.72088926395997,
    "theta": 4.711851119995117,
    "near_node_x": 107.67017364501953,
    "near_node_y": 195.14138793945312,
    "near_command": 4,
    "far_node_x": 101.42015838623047,
    "far_node_y": 195.14089965820312,
    "far_command": 4,
    "angle_near": 0.019649162602942326,
    "angle_far": 0.026011610351345207,
    "steer": 0.001322879339568317,
    "throttle": 0.0,
    "brake": 0.17349998652935028,
    "is_red_light_present": 0,
    "vehicle_detected_flag": 1,
    "distanse": 14.647911071777344,
    "steer_sequence": [
        -5.7399043726036325e-05,
        0.0004471857682801783,
        0.0010044133523479104,
        -0.00021628027025144547,
        0.00016112653247546405,
        0.0013071076245978475,
        0.0002777398913167417,
        0.0002984213933814317,
        0.0012200810015201569,
        -0.00017596181714907289,
        0.0002758245391305536,
        0.0010914492886513472,
        -0.0002194244007114321,
        0.0002301409258507192,
        0.0014258712762966752,
        0.00020814745221287012,
        0.00025681755505502224,
        0.0011921538971364498,
        -0.0001607757731107995,
        0.00026375678135082126
    ],
    "throttle_sequence": [
        0.75,
        0.75,
        0.33278441429138184,
        0.0,
        0.18910105526447296,
        0.75,
        0.75,
        0.75,
        0.75,
        0.75,
        0.5665881633758545,
        0.0,
        0.0,
        0.6432263255119324,
        0.75,
        0.75,
        0.75,
        0.75,
        0.75,
        0.3793441951274872
    ],
    "brake_sequence": [
        0.0,
        0.0,
        0.0,
        0.20674173533916473,
        0.0,
        0.0,
        0.0,
        0.0,
        0.0,
        0.0,
        0.0,
        0.043907761573791504,
        0.12733161449432373,
        0.0,
        0.0,
        0.0,
        0.0,
        0.0,
        0.0,
        0.0
    ],
    "speed_sequence": [
        6.219320297241211,
        6.380126953125,
        6.580807685852051,
        6.730196952819824,
        6.620467662811279,
        6.418934345245361,
        6.226953506469727,
        6.162741661071777,
        6.210572719573975,
        6.336790084838867,
        6.515465259552002,
        6.684270858764648,
        6.7071356773376465,
        6.493712902069092,
        6.246500492095947,
        6.116806507110596,
        6.117995262145996,
        6.211791515350342,
        6.369227409362793,
        6.567847728729248
    ],
    "light_sequence": [
        0.0,
        0.0,
        0.0,
        0.0,
        0.0,
        0.0,
        0.0,
        0.0,
        0.0,
        0.0,
        0.0,
        0.0,
        0.0,
        0.0,
        0.0,
        0.0,
        0.0,
        0.0,
        0.0,
        0.0
    ],
    "is_collision_event": false
}