{
    "timestamp": 75.20000112056732,
    "x": 88.53761291503906,
    "y": 216.7374725341797,
    "speed": 6.491763864297611,
    "theta": 3.1645140647888184,
    "near_node_x": 88.40410614013672,
    "near_node_y": 224.33030700683594,
    "near_command": 4,
    "far_node_x": 88.40501403808594,
    "far_node_y": 230.33030700683594,
    "far_command": 4,
    "angle_near": -0.3059139084955001,
    "angle_far": -0.7543507581232897,
    "steer": -0.004270350560545921,
    "throttle": 0.6552865505218506,
    "brake": 0.0,
    "is_red_light_present": 0,
    "vehicle_detected_flag": 1,
    "distanse": 21.29191780090332,
    "steer_sequence": [
        -0.23992130160331726,
        -0.13992130756378174,
        -0.03992130607366562,
        0.0010993671603500843,
        -0.09890063107013702,
        -0.09389137476682663,
        -0.007617517840117216,
        -0.10761751979589462,
        -0.035020001232624054,
        0.00032500235829502344,
        -0.0996749997138977,
        -0.0073562972247600555,
        0.005140083376318216,
        -0.03533013164997101,
        -0.08232442289590836,
        0.017675580456852913,
        0.02098814770579338,
        -0.07901185005903244,
        0.02098814770579338,
        -0.014585684053599834
    ],
    "throttle_sequence": [
        0.0,
        0.75,
        0.75,
        0.75,
        0.75,
        0.75,
        0.75,
        0.75,
        0.518734872341156,
        0.0,
        0.0,
        0.7354382276535034,
        0.75,
        0.75,
        0.75,
        0.75,
        0.75,
        0.5434273481369019,
        0.0,
        0.0
    ],
    "brake_sequence": [
        0.30000001192092896,
        0.0,
        0.0,
        0.0,
        0.0,
        0.0,
        0.0,
        0.0,
        0.0,
        0.1385183483362198,
        0.06056227535009384,
        0.0,
        0.0,
        0.0,
        0.0,
        0.0,
        0.0,
        0.0,
        0.05311613157391548,
        0.08184967935085297
    ],
    "speed_sequence": [
        6.774956703186035,
        6.343154430389404,
        6.0624308586120605,
        5.928887367248535,
        5.9150261878967285,
        5.977346420288086,
        6.11954927444458,
        6.320487022399902,
        6.523989677429199,
        6.7128005027771,
        6.69334077835083,
        6.466658115386963,
        6.2223029136657715,
        6.0908989906311035,
        6.087547302246094,
        6.16801118850708,
        6.32586669921875,
        6.522492408752441,
        6.684779167175293,
        6.696078777313232
    ],
    "light_sequence": [
        0.0,
        0.0,
        0.0,
        0.0,
        0.0,
        0.0,
        0.0,
        0.0,
        0.0,
        0.0,
        0.0,
        0.0,
        0.0,
        0.0,
        0.0,
        0.0,
        0.0,
        0.0,
        0.0,
        0.0
    ],
    "is_collision_event": false
}