{
    "timestamp": 73.10000108927488,
    "x": 89.9789047241211,
    "y": 203.46055603027344,
    "speed": 6.94222079537067,
    "theta": 3.521491527557373,
    "near_node_x": 88.4019775390625,
    "near_node_y": 210.33030700683594,
    "near_command": 4,
    "far_node_x": 88.40288543701172,
    "far_node_y": 216.33030700683594,
    "far_command": 4,
    "angle_near": -8.838495597254495,
    "angle_far": -14.784944846111033,
    "steer": -0.13992130756378174,
    "throttle": 0.0,
    "brake": 0.30000001192092896,
    "is_red_light_present": 0,
    "vehicle_detected_flag": 0,
    "distanse": 25,
    "steer_sequence": [
        -0.13188724219799042,
        -0.23188723623752594,
        -0.16979984939098358,
        -0.2697998285293579,
        -0.22235620021820068,
        -0.12235620617866516,
        -0.05885421857237816,
        -0.15885421633720398,
        -0.2588542103767395,
        -0.2802984416484833,
        -0.18029843270778656,
        -0.08029843121767044,
        -0.18029843270778656,
        -0.2802984416484833,
        -0.30744364857673645,
        -0.20744365453720093,
        -0.30744364857673645,
        -0.21559779345989227,
        -0.11559779942035675,
        -0.21559779345989227
    ],
    "throttle_sequence": [
        0.75,
        0.75,
        0.75,
        0.048752859234809875,
        0.0,
        0.0,
        0.75,
        0.75,
        0.75,
        0.75,
        0.75,
        0.75,
        0.75,
        0.75,
        0.75,
        0.75,
        0.75,
        0.75,
        0.75,
        0.0
    ],
    "brake_sequence": [
        0.0,
        0.0,
        0.0,
        0.0,
        0.30000001192092896,
        0.30000001192092896,
        0.0,
        0.0,
        0.0,
        0.0,
        0.0,
        0.0,
        0.0,
        0.0,
        0.0,
        0.0,
        0.0,
        0.0,
        0.0,
        0.22409957647323608
    ],
    "speed_sequence": [
        6.412891387939453,
        6.5477375984191895,
        6.681889533996582,
        6.909667491912842,
        6.973616600036621,
        6.76716947555542,
        6.42859411239624,
        6.361917018890381,
        5.64279842376709,
        5.012077808380127,
        4.798134803771973,
        4.8759307861328125,
        5.05121374130249,
        5.101531505584717,
        4.993025302886963,
        5.224750518798828,
        5.299319744110107,
        5.22738790512085,
        6.084330081939697,
        6.739367485046387
    ],
    "light_sequence": [
        0.0,
        0.0,
        0.0,
        0.0,
        0.0,
        0.0,
        0.0,
        0.0,
        0.0,
        0.0,
        0.0,
        0.0,
        0.0,
        0.0,
        0.0,
        0.0,
        0.0,
        0.0,
        0.0,
        0.0
    ],
    "is_collision_event": false
}