{
    "timestamp": 70.50000105053186,
    "x": 102.25882720947266,
    "y": 195.26271057128906,
    "speed": 6.93058545682228,
    "theta": 4.658310890197754,
    "near_node_x": 94.6953353881836,
    "near_node_y": 196.27267456054688,
    "near_command": 1,
    "far_node_x": 89.54194641113281,
    "far_node_y": 201.280517578125,
    "far_command": 1,
    "angle_near": -4.5073125734647785,
    "angle_far": -22.22568844597724,
    "steer": -0.08108863234519958,
    "throttle": 0.029744507744908333,
    "brake": 0.0,
    "is_red_light_present": 0,
    "vehicle_detected_flag": 0,
    "distanse": 25,
    "steer_sequence": [
        0.0003428317722864449,
        0.0011228435905650258,
        0.0002473009517416358,
        0.0009093238040804863,
        3.4058208257192746e-05,
        0.0002692781563382596,
        0.0009958219015970826,
        -0.00017573402146808803,
        0.00033405108842998743,
        0.0011944338912144303,
        -0.00033715690369717777,
        0.00020333255815785378,
        0.001202998566441238,
        -0.0003782640560530126,
        0.0003385710879229009,
        -0.0996614322066307,
        0.0003385710879229009,
        0.01452296506613493,
        -0.03692026808857918,
        -0.1369202733039856
    ],
    "throttle_sequence": [
        0.75,
        0.75,
        0.75,
        0.75,
        0.75,
        0.6944557428359985,
        0.0,
        0.6286250352859497,
        0.75,
        0.75,
        0.75,
        0.3632194995880127,
        0.0,
        0.2313816100358963,
        0.75,
        0.75,
        0.75,
        0.75,
        0.75,
        0.5639026761054993
    ],
    "brake_sequence": [
        0.0,
        0.0,
        0.0,
        0.0,
        0.0,
        0.0,
        0.006631361320614815,
        0.0,
        0.0,
        0.0,
        0.0,
        0.0,
        0.05657796189188957,
        0.0,
        0.0,
        0.0,
        0.0,
        0.0,
        0.0,
        0.0
    ],
    "speed_sequence": [
        6.437714099884033,
        6.231775283813477,
        6.151572227478027,
        6.188117980957031,
        6.306550979614258,
        6.48018741607666,
        6.674152374267578,
        6.775640487670898,
        6.681670665740967,
        6.643986701965332,
        6.710935592651367,
        6.850016117095947,
        6.965274810791016,
        6.884252548217773,
        6.68001651763916,
        6.493805408477783,
        6.418408393859863,
        6.480517864227295,
        6.61337947845459,
        6.793344020843506
    ],
    "light_sequence": [
        0.0,
        0.0,
        0.0,
        0.0,
        0.0,
        0.0,
        0.0,
        0.0,
        0.0,
        0.0,
        0.0,
        0.0,
        0.0,
        0.0,
        0.0,
        0.0,
        0.0,
        0.0,
        0.0,
        0.0
    ],
    "is_collision_event": false
}