{
    "timestamp": 79.30000118166208,
    "x": 88.40699768066406,
    "y": 243.05538940429688,
    "speed": 6.699966733390564,
    "theta": 3.1415927410125732,
    "near_node_x": 88.4080581665039,
    "near_node_y": 250.33030700683594,
    "near_command": 4,
    "far_node_x": 88.40896606445312,
    "far_node_y": 256.330322265625,
    "far_command": 4,
    "angle_near": 0.008577362476172268,
    "angle_far": 0.008433816632565467,
    "steer": 0.0005060324911028147,
    "throttle": 0.0,
    "brake": 0.10102488100528717,
    "is_red_light_present": 0,
    "vehicle_detected_flag": 1,
    "distanse": 23.311304092407227,
    "steer_sequence": [
        -0.002465197816491127,
        -0.0020071573089808226,
        0.002945672022178769,
        -0.00343869486823678,
        0.0013967675622552633,
        0.0006649735732935369,
        -0.0007822325569577515,
        -0.0008026518626138568,
        0.0015804877039045095,
        -0.00017971984925679862,
        -0.0011999127455055714,
        0.0013937951298430562,
        2.353979471081402e-05,
        -0.0010972104500979185,
        0.0011035625357180834,
        0.0007520922226831317,
        -0.00041116279317066073,
        0.0006810954073444009,
        0.000331282673869282,
        -6.243732059374452e-05
    ],
    "throttle_sequence": [
        0.75,
        0.75,
        0.6620036959648132,
        0.0,
        0.0,
        0.5111982822418213,
        0.75,
        0.75,
        0.75,
        0.75,
        0.75,
        0.27471843361854553,
        0.0,
        0.24495938420295715,
        0.75,
        0.75,
        0.75,
        0.75,
        0.75,
        0.4564637541770935
    ],
    "brake_sequence": [
        0.0,
        0.0,
        0.0,
        0.025926996022462845,
        0.30000001192092896,
        0.0,
        0.0,
        0.0,
        0.0,
        0.0,
        0.0,
        0.0,
        0.24291905760765076,
        0.0,
        0.0,
        0.0,
        0.0,
        0.0,
        0.0,
        0.0
    ],
    "speed_sequence": [
        6.176095962524414,
        6.30723237991333,
        6.489105701446533,
        6.679594039916992,
        6.757942199707031,
        6.530821800231934,
        6.282575607299805,
        6.1508636474609375,
        6.1497626304626465,
        6.241998672485352,
        6.398412704467773,
        6.596293926239014,
        6.739442825317383,
        6.604141712188721,
        6.393881320953369,
        6.216533660888672,
        6.168659687042236,
        6.228030204772949,
        6.362137794494629,
        6.545876502990723
    ],
    "light_sequence": [
        0.0,
        0.0,
        0.0,
        0.0,
        0.0,
        0.0,
        0.0,
        0.0,
        0.0,
        0.0,
        0.0,
        0.0,
        0.0,
        0.0,
        0.0,
        0.0,
        0.0,
        0.0,
        0.0,
        0.0
    ],
    "is_collision_event": false
}