{
    "timestamp": 72.40000107884407,
    "x": 91.81497955322266,
    "y": 199.9158477783203,
    "speed": 5.101531535518782,
    "theta": 3.917898416519165,
    "near_node_x": 88.40166473388672,
    "near_node_y": 206.0163116455078,
    "near_command": 1,
    "far_node_x": 88.4019775390625,
    "far_node_y": 210.33030700683594,
    "far_command": 4,
    "angle_near": -15.251253985070822,
    "angle_far": -26.334137363719762,
    "steer": -0.2802984416484833,
    "throttle": 0.75,
    "brake": 0.0,
    "is_red_light_present": 0,
    "vehicle_detected_flag": 0,
    "distanse": 25,
    "steer_sequence": [
        -0.1369202733039856,
        -0.08108863234519958,
        -0.0029396212194114923,
        -0.10293962061405182,
        -0.20293961465358734,
        -0.11951939016580582,
        -0.031887236982584,
        -0.13188724219799042,
        -0.23188723623752594,
        -0.16979984939098358,
        -0.2697998285293579,
        -0.22235620021820068,
        -0.12235620617866516,
        -0.05885421857237816,
        -0.15885421633720398,
        -0.2588542103767395,
        -0.2802984416484833,
        -0.18029843270778656,
        -0.08029843121767044,
        -0.18029843270778656
    ],
    "throttle_sequence": [
        0.5639026761054993,
        0.029744507744908333,
        0.0,
        0.6706196069717407,
        0.75,
        0.75,
        0.75,
        0.75,
        0.75,
        0.75,
        0.048752859234809875,
        0.0,
        0.0,
        0.75,
        0.75,
        0.75,
        0.75,
        0.75,
        0.75,
        0.75
    ],
    "brake_sequence": [
        0.0,
        0.0,
        0.07696294784545898,
        0.0,
        0.0,
        0.0,
        0.0,
        0.0,
        0.0,
        0.0,
        0.0,
        0.30000001192092896,
        0.30000001192092896,
        0.0,
        0.0,
        0.0,
        0.0,
        0.0,
        0.0,
        0.0
    ],
    "speed_sequence": [
        6.793344020843506,
        6.9305853843688965,
        6.964645862579346,
        6.7638020515441895,
        6.484086513519287,
        6.285659313201904,
        6.301238536834717,
        6.412891387939453,
        6.5477375984191895,
        6.681889533996582,
        6.909667491912842,
        6.973616600036621,
        6.76716947555542,
        6.42859411239624,
        6.361917018890381,
        5.64279842376709,
        5.012077808380127,
        4.798134803771973,
        4.8759307861328125,
        5.05121374130249
    ],
    "light_sequence": [
        0.0,
        0.0,
        0.0,
        0.0,
        0.0,
        0.0,
        0.0,
        0.0,
        0.0,
        0.0,
        0.0,
        0.0,
        0.0,
        0.0,
        0.0,
        0.0,
        0.0,
        0.0,
        0.0,
        0.0
    ],
    "is_collision_event": false
}