{
    "timestamp": 77.30000115185976,
    "x": 88.41938018798828,
    "y": 230.16387939453125,
    "speed": 6.176095995963177,
    "theta": 3.144153356552124,
    "near_node_x": 88.40592956542969,
    "near_node_y": 236.33030700683594,
    "near_command": 4,
    "far_node_x": 88.4068374633789,
    "far_node_y": 242.33030700683594,
    "far_command": 4,
    "angle_near": -0.02147825355770276,
    "angle_far": -0.08738755812329597,
    "steer": -0.002465197816491127,
    "throttle": 0.75,
    "brake": 0.0,
    "is_red_light_present": 0,
    "vehicle_detected_flag": 1,
    "distanse": 24.706310272216797,
    "steer_sequence": [
        0.001825204468332231,
        -0.004269258119165897,
        -0.0283767431974411,
        0.017926204949617386,
        -0.0034379935823380947,
        -0.027116376906633377,
        0.019261673092842102,
        -0.0022695916704833508,
        -0.022383660078048706,
        0.01414220780134201,
        3.224539614166133e-05,
        -0.01618324965238571,
        0.010070842690765858,
        -0.0006943154730834067,
        -0.011530348099768162,
        0.00847147312015295,
        -0.0005004206905141473,
        -0.008659695275127888,
        0.006011055316776037,
        0.0002859564556274563
    ],
    "throttle_sequence": [
        0.75,
        0.75,
        0.75,
        0.75,
        0.75,
        0.41613736748695374,
        0.0,
        0.10327708721160889,
        0.75,
        0.75,
        0.75,
        0.75,
        0.75,
        0.75,
        0.06936634331941605,
        0.0,
        0.25376763939857483,
        0.75,
        0.75,
        0.75
    ],
    "brake_sequence": [
        0.0,
        0.0,
        0.0,
        0.0,
        0.0,
        0.0,
        0.14631585776805878,
        0.0,
        0.0,
        0.0,
        0.0,
        0.0,
        0.0,
        0.0,
        0.0,
        0.30000001192092896,
        0.0,
        0.0,
        0.0,
        0.0
    ],
    "speed_sequence": [
        6.243980407714844,
        6.112671852111816,
        6.11269998550415,
        6.203904628753662,
        6.359317779541016,
        6.557729721069336,
        6.713018417358398,
        6.644155025482178,
        6.4524736404418945,
        6.234105110168457,
        6.139487266540527,
        6.167016506195068,
        6.278405666351318,
        6.447233200073242,
        6.653303623199463,
        6.789863109588623,
        6.601782321929932,
        6.362921714782715,
        6.17529296875,
        6.121020317077637
    ],
    "light_sequence": [
        0.0,
        0.0,
        0.0,
        0.0,
        0.0,
        0.0,
        0.0,
        0.0,
        0.0,
        0.0,
        0.0,
        0.0,
        0.0,
        0.0,
        0.0,
        0.0,
        0.0,
        0.0,
        0.0,
        0.0
    ],
    "is_collision_event": false
}