{
    "timestamp": 78.30000116676092,
    "x": 88.40989685058594,
    "y": 236.58253479003906,
    "speed": 6.398412737559872,
    "theta": 3.1419382095336914,
    "near_node_x": 88.40714263916016,
    "near_node_y": 244.33030700683594,
    "near_command": 4,
    "far_node_x": 88.4080581665039,
    "far_node_y": 250.33030700683594,
    "far_command": 4,
    "angle_near": -0.009291437832773274,
    "angle_far": -0.021996212194728967,
    "steer": -0.0011999127455055714,
    "throttle": 0.75,
    "brake": 0.0,
    "is_red_light_present": 0,
    "vehicle_detected_flag": 0,
    "distanse": 25,
    "steer_sequence": [
        3.224539614166133e-05,
        -0.01618324965238571,
        0.010070842690765858,
        -0.0006943154730834067,
        -0.011530348099768162,
        0.00847147312015295,
        -0.0005004206905141473,
        -0.008659695275127888,
        0.006011055316776037,
        0.0002859564556274563,
        -0.002465197816491127,
        -0.0020071573089808226,
        0.002945672022178769,
        -0.00343869486823678,
        0.0013967675622552633,
        0.0006649735732935369,
        -0.0007822325569577515,
        -0.0008026518626138568,
        0.0015804877039045095,
        -0.00017971984925679862
    ],
    "throttle_sequence": [
        0.75,
        0.75,
        0.75,
        0.75,
        0.06936634331941605,
        0.0,
        0.25376763939857483,
        0.75,
        0.75,
        0.75,
        0.75,
        0.75,
        0.6620036959648132,
        0.0,
        0.0,
        0.5111982822418213,
        0.75,
        0.75,
        0.75,
        0.75
    ],
    "brake_sequence": [
        0.0,
        0.0,
        0.0,
        0.0,
        0.0,
        0.30000001192092896,
        0.0,
        0.0,
        0.0,
        0.0,
        0.0,
        0.0,
        0.0,
        0.025926996022462845,
        0.30000001192092896,
        0.0,
        0.0,
        0.0,
        0.0,
        0.0
    ],
    "speed_sequence": [
        6.139487266540527,
        6.167016506195068,
        6.278405666351318,
        6.447233200073242,
        6.653303623199463,
        6.789863109588623,
        6.601782321929932,
        6.362921714782715,
        6.17529296875,
        6.121020317077637,
        6.176095962524414,
        6.30723237991333,
        6.489105701446533,
        6.679594039916992,
        6.757942199707031,
        6.530821800231934,
        6.282575607299805,
        6.1508636474609375,
        6.1497626304626465,
        6.241998672485352
    ],
    "light_sequence": [
        0.0,
        0.0,
        0.0,
        0.0,
        0.0,
        0.0,
        0.0,
        0.0,
        0.0,
        0.0,
        0.0,
        0.0,
        0.0,
        0.0,
        0.0,
        0.0,
        0.0,
        0.0,
        0.0,
        0.0
    ],
    "is_collision_event": false
}