{
    "timestamp": 70.20000104606152,
    "x": 104.2800064086914,
    "y": 195.17501831054688,
    "speed": 6.480517786012637,
    "theta": 4.686755180358887,
    "near_node_x": 96.97162628173828,
    "near_node_y": 195.4621124267578,
    "near_command": 1,
    "far_node_x": 90.88328552246094,
    "far_node_y": 199.2284698486328,
    "far_command": 1,
    "angle_near": -0.7808814991476261,
    "angle_far": -15.365558458117965,
    "steer": 0.01452296506613493,
    "throttle": 0.75,
    "brake": 0.0,
    "is_red_light_present": 0,
    "vehicle_detected_flag": 0,
    "distanse": 25,
    "steer_sequence": [
        0.00026375678135082126,
        0.001322879339568317,
        -0.0004371824616100639,
        0.0003428317722864449,
        0.0011228435905650258,
        0.0002473009517416358,
        0.0009093238040804863,
        3.4058208257192746e-05,
        0.0002692781563382596,
        0.0009958219015970826,
        -0.00017573402146808803,
        0.00033405108842998743,
        0.0011944338912144303,
        -0.00033715690369717777,
        0.00020333255815785378,
        0.001202998566441238,
        -0.0003782640560530126,
        0.0003385710879229009,
        -0.0996614322066307,
        0.0003385710879229009
    ],
    "throttle_sequence": [
        0.3793441951274872,
        0.0,
        0.14064504206180573,
        0.75,
        0.75,
        0.75,
        0.75,
        0.75,
        0.6944557428359985,
        0.0,
        0.6286250352859497,
        0.75,
        0.75,
        0.75,
        0.3632194995880127,
        0.0,
        0.2313816100358963,
        0.75,
        0.75,
        0.75
    ],
    "brake_sequence": [
        0.0,
        0.17349998652935028,
        0.0,
        0.0,
        0.0,
        0.0,
        0.0,
        0.0,
        0.0,
        0.006631361320614815,
        0.0,
        0.0,
        0.0,
        0.0,
        0.0,
        0.05657796189188957,
        0.0,
        0.0,
        0.0,
        0.0
    ],
    "speed_sequence": [
        6.567847728729248,
        6.720889091491699,
        6.633777618408203,
        6.437714099884033,
        6.231775283813477,
        6.151572227478027,
        6.188117980957031,
        6.306550979614258,
        6.48018741607666,
        6.674152374267578,
        6.775640487670898,
        6.681670665740967,
        6.643986701965332,
        6.710935592651367,
        6.850016117095947,
        6.965274810791016,
        6.884252548217773,
        6.68001651763916,
        6.493805408477783,
        6.418408393859863
    ],
    "light_sequence": [
        0.0,
        0.0,
        0.0,
        0.0,
        0.0,
        0.0,
        0.0,
        0.0,
        0.0,
        0.0,
        0.0,
        0.0,
        0.0,
        0.0,
        0.0,
        0.0,
        0.0,
        0.0,
        0.0,
        0.0
    ],
    "is_collision_event": false
}