{
    "timestamp": 70.80000105500221,
    "x": 100.22024536132812,
    "y": 195.47946166992188,
    "speed": 6.48408667505946,
    "theta": 4.5991997718811035,
    "near_node_x": 92.63850402832031,
    "near_node_y": 197.54071044921875,
    "near_command": 1,
    "far_node_x": 88.70015716552734,
    "far_node_y": 203.5830078125,
    "far_command": 1,
    "angle_near": -8.724123404017728,
    "angle_far": -28.638332178661624,
    "steer": -0.20293961465358734,
    "throttle": 0.75,
    "brake": 0.0,
    "is_red_light_present": 0,
    "vehicle_detected_flag": 1,
    "distanse": 13.398550987243652,
    "steer_sequence": [
        0.0009093238040804863,
        3.4058208257192746e-05,
        0.0002692781563382596,
        0.0009958219015970826,
        -0.00017573402146808803,
        0.00033405108842998743,
        0.0011944338912144303,
        -0.00033715690369717777,
        0.00020333255815785378,
        0.001202998566441238,
        -0.0003782640560530126,
        0.0003385710879229009,
        -0.0996614322066307,
        0.0003385710879229009,
        0.01452296506613493,
        -0.03692026808857918,
        -0.1369202733039856,
        -0.08108863234519958,
        -0.0029396212194114923,
        -0.10293962061405182
    ],
    "throttle_sequence": [
        0.75,
        0.75,
        0.6944557428359985,
        0.0,
        0.6286250352859497,
        0.75,
        0.75,
        0.75,
        0.3632194995880127,
        0.0,
        0.2313816100358963,
        0.75,
        0.75,
        0.75,
        0.75,
        0.75,
        0.5639026761054993,
        0.029744507744908333,
        0.0,
        0.6706196069717407
    ],
    "brake_sequence": [
        0.0,
        0.0,
        0.0,
        0.006631361320614815,
        0.0,
        0.0,
        0.0,
        0.0,
        0.0,
        0.05657796189188957,
        0.0,
        0.0,
        0.0,
        0.0,
        0.0,
        0.0,
        0.0,
        0.0,
        0.07696294784545898,
        0.0
    ],
    "speed_sequence": [
        6.188117980957031,
        6.306550979614258,
        6.48018741607666,
        6.674152374267578,
        6.775640487670898,
        6.681670665740967,
        6.643986701965332,
        6.710935592651367,
        6.850016117095947,
        6.965274810791016,
        6.884252548217773,
        6.68001651763916,
        6.493805408477783,
        6.418408393859863,
        6.480517864227295,
        6.61337947845459,
        6.793344020843506,
        6.9305853843688965,
        6.964645862579346,
        6.7638020515441895
    ],
    "light_sequence": [
        0.0,
        0.0,
        0.0,
        0.0,
        0.0,
        0.0,
        0.0,
        0.0,
        0.0,
        0.0,
        0.0,
        0.0,
        0.0,
        0.0,
        0.0,
        0.0,
        0.0,
        0.0,
        0.0,
        0.0
    ],
    "is_collision_event": false
}