{
    "timestamp": 72.80000108480453,
    "x": 90.69969177246094,
    "y": 201.67880249023438,
    "speed": 5.227387862282318,
    "theta": 3.684612989425659,
    "near_node_x": 88.40167236328125,
    "near_node_y": 208.33030700683594,
    "near_command": 1,
    "far_node_x": 88.40228271484375,
    "far_node_y": 212.33030700683594,
    "far_command": 4,
    "angle_near": -12.053311455678083,
    "angle_far": -18.94117191653392,
    "steer": -0.21559779345989227,
    "throttle": 0.75,
    "brake": 0.0,
    "is_red_light_present": 0,
    "vehicle_detected_flag": 0,
    "distanse": 25,
    "steer_sequence": [
        -0.20293961465358734,
        -0.11951939016580582,
        -0.031887236982584,
        -0.13188724219799042,
        -0.23188723623752594,
        -0.16979984939098358,
        -0.2697998285293579,
        -0.22235620021820068,
        -0.12235620617866516,
        -0.05885421857237816,
        -0.15885421633720398,
        -0.2588542103767395,
        -0.2802984416484833,
        -0.18029843270778656,
        -0.08029843121767044,
        -0.18029843270778656,
        -0.2802984416484833,
        -0.30744364857673645,
        -0.20744365453720093,
        -0.30744364857673645
    ],
    "throttle_sequence": [
        0.75,
        0.75,
        0.75,
        0.75,
        0.75,
        0.75,
        0.048752859234809875,
        0.0,
        0.0,
        0.75,
        0.75,
        0.75,
        0.75,
        0.75,
        0.75,
        0.75,
        0.75,
        0.75,
        0.75,
        0.75
    ],
    "brake_sequence": [
        0.0,
        0.0,
        0.0,
        0.0,
        0.0,
        0.0,
        0.0,
        0.30000001192092896,
        0.30000001192092896,
        0.0,
        0.0,
        0.0,
        0.0,
        0.0,
        0.0,
        0.0,
        0.0,
        0.0,
        0.0,
        0.0
    ],
    "speed_sequence": [
        6.484086513519287,
        6.285659313201904,
        6.301238536834717,
        6.412891387939453,
        6.5477375984191895,
        6.681889533996582,
        6.909667491912842,
        6.973616600036621,
        6.76716947555542,
        6.42859411239624,
        6.361917018890381,
        5.64279842376709,
        5.012077808380127,
        4.798134803771973,
        4.8759307861328125,
        5.05121374130249,
        5.101531505584717,
        4.993025302886963,
        5.224750518798828,
        5.299319744110107
    ],
    "light_sequence": [
        0.0,
        0.0,
        0.0,
        0.0,
        0.0,
        0.0,
        0.0,
        0.0,
        0.0,
        0.0,
        0.0,
        0.0,
        0.0,
        0.0,
        0.0,
        0.0,
        0.0,
        0.0,
        0.0,
        0.0
    ],
    "is_collision_event": false
}