{
    "timestamp": 76.70000114291906,
    "x": 88.4318618774414,
    "y": 226.30303955078125,
    "speed": 6.6533035812414685,
    "theta": 3.146975040435791,
    "near_node_x": 88.40562438964844,
    "near_node_y": 234.33030700683594,
    "near_command": 4,
    "far_node_x": 88.40653991699219,
    "far_node_y": 240.33030700683594,
    "far_command": 4,
    "angle_near": -0.12129675867741747,
    "angle_far": -0.20513997355431768,
    "steer": -0.011530348099768162,
    "throttle": 0.06936634331941605,
    "brake": 0.0,
    "is_red_light_present": 0,
    "vehicle_detected_flag": 1,
    "distanse": 23.755334854125977,
    "steer_sequence": [
        0.017675580456852913,
        0.02098814770579338,
        -0.07901185005903244,
        0.02098814770579338,
        -0.014585684053599834,
        -0.004270350560545921,
        0.001825204468332231,
        -0.004269258119165897,
        -0.0283767431974411,
        0.017926204949617386,
        -0.0034379935823380947,
        -0.027116376906633377,
        0.019261673092842102,
        -0.0022695916704833508,
        -0.022383660078048706,
        0.01414220780134201,
        3.224539614166133e-05,
        -0.01618324965238571,
        0.010070842690765858,
        -0.0006943154730834067
    ],
    "throttle_sequence": [
        0.75,
        0.75,
        0.5434273481369019,
        0.0,
        0.0,
        0.6552865505218506,
        0.75,
        0.75,
        0.75,
        0.75,
        0.75,
        0.41613736748695374,
        0.0,
        0.10327708721160889,
        0.75,
        0.75,
        0.75,
        0.75,
        0.75,
        0.75
    ],
    "brake_sequence": [
        0.0,
        0.0,
        0.0,
        0.05311613157391548,
        0.08184967935085297,
        0.0,
        0.0,
        0.0,
        0.0,
        0.0,
        0.0,
        0.0,
        0.14631585776805878,
        0.0,
        0.0,
        0.0,
        0.0,
        0.0,
        0.0,
        0.0
    ],
    "speed_sequence": [
        6.16801118850708,
        6.32586669921875,
        6.522492408752441,
        6.684779167175293,
        6.696078777313232,
        6.491764068603516,
        6.243980407714844,
        6.112671852111816,
        6.11269998550415,
        6.203904628753662,
        6.359317779541016,
        6.557729721069336,
        6.713018417358398,
        6.644155025482178,
        6.4524736404418945,
        6.234105110168457,
        6.139487266540527,
        6.167016506195068,
        6.278405666351318,
        6.447233200073242
    ],
    "light_sequence": [
        0.0,
        0.0,
        0.0,
        0.0,
        0.0,
        0.0,
        0.0,
        0.0,
        0.0,
        0.0,
        0.0,
        0.0,
        0.0,
        0.0,
        0.0,
        0.0,
        0.0,
        0.0,
        0.0,
        0.0
    ],
    "is_collision_event": false
}