{
    "timestamp": 77.70000115782022,
    "x": 88.41466522216797,
    "y": 232.77601623535156,
    "speed": 6.7579423980990025,
    "theta": 3.142737865447998,
    "near_node_x": 88.40653991699219,
    "near_node_y": 240.33030700683594,
    "near_command": 4,
    "far_node_x": 88.4074478149414,
    "far_node_y": 246.33030700683594,
    "far_command": 4,
    "angle_near": -0.006008405517913546,
    "angle_far": -0.037126107861127786,
    "steer": 0.0013967675622552633,
    "throttle": 0.0,
    "brake": 0.30000001192092896,
    "is_red_light_present": 0,
    "vehicle_detected_flag": 0,
    "distanse": 25,
    "steer_sequence": [
        -0.0034379935823380947,
        -0.027116376906633377,
        0.019261673092842102,
        -0.0022695916704833508,
        -0.022383660078048706,
        0.01414220780134201,
        3.224539614166133e-05,
        -0.01618324965238571,
        0.010070842690765858,
        -0.0006943154730834067,
        -0.011530348099768162,
        0.00847147312015295,
        -0.0005004206905141473,
        -0.008659695275127888,
        0.006011055316776037,
        0.0002859564556274563,
        -0.002465197816491127,
        -0.0020071573089808226,
        0.002945672022178769,
        -0.00343869486823678
    ],
    "throttle_sequence": [
        0.75,
        0.41613736748695374,
        0.0,
        0.10327708721160889,
        0.75,
        0.75,
        0.75,
        0.75,
        0.75,
        0.75,
        0.06936634331941605,
        0.0,
        0.25376763939857483,
        0.75,
        0.75,
        0.75,
        0.75,
        0.75,
        0.6620036959648132,
        0.0
    ],
    "brake_sequence": [
        0.0,
        0.0,
        0.14631585776805878,
        0.0,
        0.0,
        0.0,
        0.0,
        0.0,
        0.0,
        0.0,
        0.0,
        0.30000001192092896,
        0.0,
        0.0,
        0.0,
        0.0,
        0.0,
        0.0,
        0.0,
        0.025926996022462845
    ],
    "speed_sequence": [
        6.359317779541016,
        6.557729721069336,
        6.713018417358398,
        6.644155025482178,
        6.4524736404418945,
        6.234105110168457,
        6.139487266540527,
        6.167016506195068,
        6.278405666351318,
        6.447233200073242,
        6.653303623199463,
        6.789863109588623,
        6.601782321929932,
        6.362921714782715,
        6.17529296875,
        6.121020317077637,
        6.176095962524414,
        6.30723237991333,
        6.489105701446533,
        6.679594039916992
    ],
    "light_sequence": [
        0.0,
        0.0,
        0.0,
        0.0,
        0.0,
        0.0,
        0.0,
        0.0,
        0.0,
        0.0,
        0.0,
        0.0,
        0.0,
        0.0,
        0.0,
        0.0,
        0.0,
        0.0,
        0.0,
        0.0
    ],
    "is_collision_event": false
}