{
    "timestamp": 76.60000114142895,
    "x": 88.43583679199219,
    "y": 225.64378356933594,
    "speed": 6.4472334302136804,
    "theta": 3.1464388370513916,
    "near_node_x": 88.40531921386719,
    "near_node_y": 232.33030700683594,
    "near_command": 4,
    "far_node_x": 88.40623474121094,
    "far_node_y": 238.33030700683594,
    "far_command": 4,
    "angle_near": -0.01588475056679269,
    "angle_far": -0.14369267137885747,
    "steer": -0.0006943154730834067,
    "throttle": 0.75,
    "brake": 0.0,
    "is_red_light_present": 0,
    "vehicle_detected_flag": 1,
    "distanse": 23.612552642822266,
    "steer_sequence": [
        -0.08232442289590836,
        0.017675580456852913,
        0.02098814770579338,
        -0.07901185005903244,
        0.02098814770579338,
        -0.014585684053599834,
        -0.004270350560545921,
        0.001825204468332231,
        -0.004269258119165897,
        -0.0283767431974411,
        0.017926204949617386,
        -0.0034379935823380947,
        -0.027116376906633377,
        0.019261673092842102,
        -0.0022695916704833508,
        -0.022383660078048706,
        0.01414220780134201,
        3.224539614166133e-05,
        -0.01618324965238571,
        0.010070842690765858
    ],
    "throttle_sequence": [
        0.75,
        0.75,
        0.75,
        0.5434273481369019,
        0.0,
        0.0,
        0.6552865505218506,
        0.75,
        0.75,
        0.75,
        0.75,
        0.75,
        0.41613736748695374,
        0.0,
        0.10327708721160889,
        0.75,
        0.75,
        0.75,
        0.75,
        0.75
    ],
    "brake_sequence": [
        0.0,
        0.0,
        0.0,
        0.0,
        0.05311613157391548,
        0.08184967935085297,
        0.0,
        0.0,
        0.0,
        0.0,
        0.0,
        0.0,
        0.0,
        0.14631585776805878,
        0.0,
        0.0,
        0.0,
        0.0,
        0.0,
        0.0
    ],
    "speed_sequence": [
        6.087547302246094,
        6.16801118850708,
        6.32586669921875,
        6.522492408752441,
        6.684779167175293,
        6.696078777313232,
        6.491764068603516,
        6.243980407714844,
        6.112671852111816,
        6.11269998550415,
        6.203904628753662,
        6.359317779541016,
        6.557729721069336,
        6.713018417358398,
        6.644155025482178,
        6.4524736404418945,
        6.234105110168457,
        6.139487266540527,
        6.167016506195068,
        6.278405666351318
    ],
    "light_sequence": [
        0.0,
        0.0,
        0.0,
        0.0,
        0.0,
        0.0,
        0.0,
        0.0,
        0.0,
        0.0,
        0.0,
        0.0,
        0.0,
        0.0,
        0.0,
        0.0,
        0.0,
        0.0,
        0.0,
        0.0
    ],
    "is_collision_event": false
}