{
    "timestamp": 74.30000110715628,
    "x": 88.76776123046875,
    "y": 210.98809814453125,
    "speed": 6.4666579888913915,
    "theta": 3.222269058227539,
    "near_node_x": 88.40319061279297,
    "near_node_y": 218.33030700683594,
    "near_command": 4,
    "far_node_x": 88.40410614013672,
    "far_node_y": 224.33030700683594,
    "far_command": 4,
    "angle_near": -1.7797871673701013,
    "angle_far": -3.061155092412581,
    "steer": -0.0073562972247600555,
    "throttle": 0.7354382276535034,
    "brake": 0.0,
    "is_red_light_present": 0,
    "vehicle_detected_flag": 1,
    "distanse": 19.826478958129883,
    "steer_sequence": [
        -0.18029843270778656,
        -0.2802984416484833,
        -0.30744364857673645,
        -0.20744365453720093,
        -0.30744364857673645,
        -0.21559779345989227,
        -0.11559779942035675,
        -0.21559779345989227,
        -0.13992130756378174,
        -0.23992130160331726,
        -0.13992130756378174,
        -0.03992130607366562,
        0.0010993671603500843,
        -0.09890063107013702,
        -0.09389137476682663,
        -0.007617517840117216,
        -0.10761751979589462,
        -0.035020001232624054,
        0.00032500235829502344,
        -0.0996749997138977
    ],
    "throttle_sequence": [
        0.75,
        0.75,
        0.75,
        0.75,
        0.75,
        0.75,
        0.75,
        0.0,
        0.0,
        0.0,
        0.75,
        0.75,
        0.75,
        0.75,
        0.75,
        0.75,
        0.75,
        0.518734872341156,
        0.0,
        0.0
    ],
    "brake_sequence": [
        0.0,
        0.0,
        0.0,
        0.0,
        0.0,
        0.0,
        0.0,
        0.22409957647323608,
        0.30000001192092896,
        0.30000001192092896,
        0.0,
        0.0,
        0.0,
        0.0,
        0.0,
        0.0,
        0.0,
        0.0,
        0.1385183483362198,
        0.06056227535009384
    ],
    "speed_sequence": [
        5.05121374130249,
        5.101531505584717,
        4.993025302886963,
        5.224750518798828,
        5.299319744110107,
        5.22738790512085,
        6.084330081939697,
        6.739367485046387,
        6.942220687866211,
        6.774956703186035,
        6.343154430389404,
        6.0624308586120605,
        5.928887367248535,
        5.9150261878967285,
        5.977346420288086,
        6.11954927444458,
        6.320487022399902,
        6.523989677429199,
        6.7128005027771,
        6.69334077835083
    ],
    "light_sequence": [
        0.0,
        0.0,
        0.0,
        0.0,
        0.0,
        0.0,
        0.0,
        0.0,
        0.0,
        0.0,
        0.0,
        0.0,
        0.0,
        0.0,
        0.0,
        0.0,
        0.0,
        0.0,
        0.0,
        0.0
    ],
    "is_collision_event": false
}