{
    "timestamp": 86.40000128746033,
    "x": 88.41258239746094,
    "y": 287.7667541503906,
    "speed": 2.988467707816598,
    "theta": 3.1415927410125732,
    "near_node_x": 88.41413879394531,
    "near_node_y": 290.330322265625,
    "near_command": 4,
    "far_node_x": 88.41504669189453,
    "far_node_y": 296.330322265625,
    "far_command": 4,
    "angle_near": -0.032479377202237446,
    "angle_far": -0.014181615090337251,
    "steer": 0.0,
    "throttle": 0.0,
    "brake": 0.5,
    "is_red_light_present": 0,
    "vehicle_detected_flag": 1,
    "distanse": 9.282172203063965,
    "steer_sequence": [
        0.0002575971884652972,
        0.0012641452485695481,
        -0.0005139718996360898,
        0.0003460739681031555,
        0.001682477886788547,
        -0.0001657914399402216,
        0.0002738932380452752,
        0.0012099817395210266,
        -0.00028895956347696483,
        0.000354972667992115,
        0.00105455017182976,
        -0.0002182548341806978,
        0.0008409322472289205,
        0.0007867231033742428,
        0.0,
        0.0,
        0.0,
        0.0,
        0.0,
        0.0
    ],
    "throttle_sequence": [
        0.29738712310791016,
        0.0,
        0.2226683795452118,
        0.75,
        0.75,
        0.75,
        0.75,
        0.75,
        0.4986320734024048,
        0.0,
        0.0,
        0.6833579540252686,
        0.75,
        0.75,
        0.0,
        0.0,
        0.0,
        0.0,
        0.0,
        0.0
    ],
    "brake_sequence": [
        0.0,
        0.2329530417919159,
        0.0,
        0.0,
        0.0,
        0.0,
        0.0,
        0.0,
        0.0,
        0.07809608429670334,
        0.013935037888586521,
        0.0,
        0.0,
        0.0,
        0.5,
        0.5,
        0.5,
        0.5,
        0.5,
        0.5
    ],
    "speed_sequence": [
        6.590549945831299,
        6.737375259399414,
        6.611064910888672,
        6.403751373291016,
        6.22059440612793,
        6.166409015655518,
        6.2213616371154785,
        6.352447986602783,
        6.534228801727295,
        6.693656921386719,
        6.675635814666748,
        6.482603073120117,
        6.230151653289795,
        6.095090866088867,
        6.092247009277344,
        6.006762504577637,
        5.681896686553955,
        5.410226821899414,
        4.471173286437988,
        3.6369071006774902
    ],
    "light_sequence": [
        0.0,
        0.0,
        0.0,
        0.0,
        0.0,
        0.0,
        0.0,
        0.0,
        0.0,
        0.0,
        0.0,
        0.0,
        0.0,
        0.0,
        0.0,
        0.0,
        0.0,
        0.0,
        0.0,
        0.0
    ],
    "is_collision_event": false
}