{
    "timestamp": 88.60000132024288,
    "x": 88.41277313232422,
    "y": 288.6493225097656,
    "speed": 0.0,
    "theta": 3.1415927410125732,
    "near_node_x": 88.41413879394531,
    "near_node_y": 290.330322265625,
    "near_command": 4,
    "far_node_x": 88.41504669189453,
    "far_node_y": 296.330322265625,
    "far_command": 4,
    "angle_near": -0.02719342248828713,
    "angle_far": 0.002394824053780528,
    "steer": 0.0,
    "throttle": 0.0,
    "brake": 0.5,
    "is_red_light_present": 0,
    "vehicle_detected_flag": 1,
    "distanse": 10.835023880004883,
    "steer_sequence": [
        0.0,
        0.0,
        0.0,
        0.0,
        0.0,
        0.0,
        0.0,
        0.0,
        0.0,
        0.0,
        0.0,
        0.0,
        0.0,
        0.0,
        0.0,
        0.0,
        0.0,
        0.0,
        0.0,
        0.0
    ],
    "throttle_sequence": [
        0.0,
        0.0,
        0.0,
        0.0,
        0.0,
        0.0,
        0.0,
        0.0,
        0.0,
        0.0,
        0.0,
        0.0,
        0.0,
        0.0,
        0.0,
        0.0,
        0.0,
        0.0,
        0.0,
        0.0
    ],
    "brake_sequence": [
        0.5,
        0.5,
        0.5,
        0.5,
        0.5,
        0.5,
        0.5,
        0.5,
        0.5,
        0.5,
        0.5,
        0.5,
        0.5,
        0.5,
        0.5,
        0.5,
        0.5,
        0.5,
        0.5,
        0.5
    ],
    "speed_sequence": [
        2.0568716526031494,
        1.6811258792877197,
        1.3212021589279175,
        0.006840338930487633,
        -0.007228004280477762,
        -0.0066304332576692104,
        -0.0038271404337137938,
        -0.0017744112992659211,
        -0.0006971012335270643,
        -0.00023024730035103858,
        0.0,
        0.0,
        0.0,
        0.0,
        0.0,
        0.0,
        0.0,
        0.0,
        0.0,
        0.0
    ],
    "light_sequence": [
        0.0,
        0.0,
        0.0,
        0.0,
        0.0,
        0.0,
        0.0,
        0.0,
        0.0,
        0.0,
        0.0,
        0.0,
        0.0,
        0.0,
        0.0,
        0.0,
        0.0,
        0.0,
        0.0,
        0.0
    ],
    "is_collision_event": false
}