{
    "timestamp": 84.20000125467777,
    "x": 88.40923309326172,
    "y": 274.4964599609375,
    "speed": 6.227306236476599,
    "theta": 3.140746831893921,
    "near_node_x": 88.41291809082031,
    "near_node_y": 282.330322265625,
    "near_command": 4,
    "far_node_x": 88.41383361816406,
    "far_node_y": 288.330322265625,
    "far_command": 4,
    "angle_near": 0.020768468650846854,
    "angle_far": 0.028666009136197424,
    "steer": 0.0013025817461311817,
    "throttle": 0.75,
    "brake": 0.0,
    "is_red_light_present": 0,
    "vehicle_detected_flag": 1,
    "distanse": 19.674034118652344,
    "steer_sequence": [
        0.0008901648106984794,
        0.0012753490591421723,
        -0.00020090040925424546,
        0.0004253259103279561,
        0.0011312634451314807,
        -0.00033543765312060714,
        0.0004388003144413233,
        0.0008775880560278893,
        -0.00019458739552646875,
        0.0008588615455664694,
        0.0005260799662210047,
        0.000742170144803822,
        -2.938229954452254e-05,
        0.0003450525982771069,
        0.0010546422563493252,
        -0.0003237559867557138,
        0.00032227335032075644,
        0.0016984955873340368,
        3.5214513900427846e-06,
        0.0002476254594512284
    ],
    "throttle_sequence": [
        0.75,
        0.75,
        0.75,
        0.75,
        0.75,
        0.2632511854171753,
        0.0,
        0.2489962875843048,
        0.75,
        0.75,
        0.75,
        0.75,
        0.75,
        0.4583057165145874,
        0.0,
        0.04604372754693031,
        0.7332151532173157,
        0.75,
        0.75,
        0.75
    ],
    "brake_sequence": [
        0.0,
        0.0,
        0.0,
        0.0,
        0.0,
        0.0,
        0.25836580991744995,
        0.0,
        0.0,
        0.0,
        0.0,
        0.0,
        0.0,
        0.0,
        0.10067354142665863,
        0.0,
        0.0,
        0.0,
        0.0,
        0.0
    ],
    "speed_sequence": [
        6.232980728149414,
        6.119810104370117,
        6.1328535079956055,
        6.2349748611450195,
        6.397912979125977,
        6.599911689758301,
        6.744308948516846,
        6.603672504425049,
        6.390711307525635,
        6.213985443115234,
        6.166912078857422,
        6.226858139038086,
        6.361374378204346,
        6.545371055603027,
        6.699873447418213,
        6.658987522125244,
        6.4688191413879395,
        6.232448101043701,
        6.116065979003906,
        6.126826763153076
    ],
    "light_sequence": [
        0.0,
        0.0,
        0.0,
        0.0,
        0.0,
        0.0,
        0.0,
        0.0,
        0.0,
        0.0,
        0.0,
        0.0,
        0.0,
        0.0,
        0.0,
        0.0,
        0.0,
        0.0,
        0.0,
        0.0
    ],
    "is_collision_event": false
}