{
    "timestamp": 80.20000119507313,
    "x": 88.40635681152344,
    "y": 248.8368682861328,
    "speed": 6.739917978871281,
    "theta": 3.1409945487976074,
    "near_node_x": 88.40896606445312,
    "near_node_y": 256.330322265625,
    "near_command": 4,
    "far_node_x": 88.40988159179688,
    "far_node_y": 262.330322265625,
    "far_command": 4,
    "angle_near": 0.010557314526058318,
    "angle_far": 0.015541061701247727,
    "steer": 0.00023299954773392528,
    "throttle": 0.0,
    "brake": 0.24223890900611877,
    "is_red_light_present": 0,
    "vehicle_detected_flag": 1,
    "distanse": 24.329885482788086,
    "steer_sequence": [
        -0.00017971984925679862,
        -0.0011999127455055714,
        0.0013937951298430562,
        2.353979471081402e-05,
        -0.0010972104500979185,
        0.0011035625357180834,
        0.0007520922226831317,
        -0.00041116279317066073,
        0.0006810954073444009,
        0.000331282673869282,
        -6.243732059374452e-05,
        0.0005060324911028147,
        0.0001780656457412988,
        0.00022917245223652571,
        0.0009031170047819614,
        0.0004787998623214662,
        0.00020077118824701756,
        0.0007336068665608764,
        9.891700756270438e-05,
        0.0005534578813239932
    ],
    "throttle_sequence": [
        0.75,
        0.75,
        0.27471843361854553,
        0.0,
        0.24495938420295715,
        0.75,
        0.75,
        0.75,
        0.75,
        0.75,
        0.4564637541770935,
        0.0,
        0.04892037808895111,
        0.7358924150466919,
        0.75,
        0.75,
        0.75,
        0.75,
        0.75,
        0.2848958969116211
    ],
    "brake_sequence": [
        0.0,
        0.0,
        0.0,
        0.24291905760765076,
        0.0,
        0.0,
        0.0,
        0.0,
        0.0,
        0.0,
        0.0,
        0.10102488100528717,
        0.0,
        0.0,
        0.0,
        0.0,
        0.0,
        0.0,
        0.0,
        0.0
    ],
    "speed_sequence": [
        6.241998672485352,
        6.398412704467773,
        6.596293926239014,
        6.739442825317383,
        6.604141712188721,
        6.393881320953369,
        6.216533660888672,
        6.168659687042236,
        6.228030204772949,
        6.362137794494629,
        6.545876502990723,
        6.699966907501221,
        6.658177852630615,
        6.468052864074707,
        6.232680797576904,
        6.117471218109131,
        6.129052639007568,
        6.230128765106201,
        6.392391681671143,
        6.593988418579102
    ],
    "light_sequence": [
        0.0,
        0.0,
        0.0,
        0.0,
        0.0,
        0.0,
        0.0,
        0.0,
        0.0,
        0.0,
        0.0,
        0.0,
        0.0,
        0.0,
        0.0,
        0.0,
        0.0,
        0.0,
        0.0,
        0.0
    ],
    "is_collision_event": false
}