{
    "timestamp": 82.5000012293458,
    "x": 88.40753936767578,
    "y": 263.5680236816406,
    "speed": 6.234974922940391,
    "theta": 3.1408205032348633,
    "near_node_x": 88.41109466552734,
    "near_node_y": 270.330322265625,
    "near_command": 4,
    "far_node_x": 88.4120101928711,
    "far_node_y": 276.330322265625,
    "far_command": 4,
    "angle_near": 0.012637894973133295,
    "angle_far": 0.022689739680020683,
    "steer": 0.0004253259103279561,
    "throttle": 0.75,
    "brake": 0.0,
    "is_red_light_present": 0,
    "vehicle_detected_flag": 0,
    "distanse": 25,
    "steer_sequence": [
        0.0006263763643801212,
        0.0002698474272619933,
        0.0003802122955676168,
        0.0008550012717023492,
        -0.00015096015704330057,
        0.0008219379233196378,
        9.231553121935576e-05,
        0.00019488796533551067,
        0.0010010144906118512,
        0.0010572498431429267,
        -9.818384569371119e-05,
        0.0004602591216098517,
        0.001110090292058885,
        -0.0003195146273355931,
        0.00042539130663499236,
        0.0009606333915144205,
        -0.0002054039214272052,
        0.0008901648106984794,
        0.0012753490591421723,
        -0.00020090040925424546
    ],
    "throttle_sequence": [
        0.75,
        0.75,
        0.75,
        0.75,
        0.48060426115989685,
        0.0,
        0.013092362321913242,
        0.7025598287582397,
        0.75,
        0.75,
        0.75,
        0.75,
        0.75,
        0.44730281829833984,
        0.0,
        0.05372127890586853,
        0.7459590435028076,
        0.75,
        0.75,
        0.75
    ],
    "brake_sequence": [
        0.0,
        0.0,
        0.0,
        0.0,
        0.0,
        0.08798906207084656,
        0.0,
        0.0,
        0.0,
        0.0,
        0.0,
        0.0,
        0.0,
        0.0,
        0.13321198523044586,
        0.0,
        0.0,
        0.0,
        0.0,
        0.0
    ],
    "speed_sequence": [
        6.218435287475586,
        6.167123794555664,
        6.2240681648254395,
        6.356536388397217,
        6.5392069816589355,
        6.696376323699951,
        6.668127536773682,
        6.477289199829102,
        6.2294206619262695,
        6.099296569824219,
        6.100057125091553,
        6.193545818328857,
        6.350780487060547,
        6.549286842346191,
        6.710102558135986,
        6.658294200897217,
        6.4665327072143555,
        6.232980728149414,
        6.119810104370117,
        6.1328535079956055
    ],
    "light_sequence": [
        0.0,
        0.0,
        0.0,
        0.0,
        0.0,
        0.0,
        0.0,
        0.0,
        0.0,
        0.0,
        0.0,
        0.0,
        0.0,
        0.0,
        0.0,
        0.0,
        0.0,
        0.0,
        0.0,
        0.0
    ],
    "is_collision_event": false
}