{
    "timestamp": 87.40000130236149,
    "x": 88.41277313232422,
    "y": 288.6492004394531,
    "speed": -0.0006971012274364077,
    "theta": 3.1415927410125732,
    "near_node_x": 88.41413879394531,
    "near_node_y": 290.330322265625,
    "near_command": 4,
    "far_node_x": 88.41504669189453,
    "far_node_y": 296.330322265625,
    "far_command": 4,
    "angle_near": -0.027190042162609906,
    "angle_far": 0.002395093965408739,
    "steer": 0.0,
    "throttle": 0.0,
    "brake": 0.5,
    "is_red_light_present": 0,
    "vehicle_detected_flag": 1,
    "distanse": 10.832703590393066,
    "steer_sequence": [
        0.00105455017182976,
        -0.0002182548341806978,
        0.0008409322472289205,
        0.0007867231033742428,
        0.0,
        0.0,
        0.0,
        0.0,
        0.0,
        0.0,
        0.0,
        0.0,
        0.0,
        0.0,
        0.0,
        0.0,
        0.0,
        0.0,
        0.0,
        0.0
    ],
    "throttle_sequence": [
        0.0,
        0.6833579540252686,
        0.75,
        0.75,
        0.0,
        0.0,
        0.0,
        0.0,
        0.0,
        0.0,
        0.0,
        0.0,
        0.0,
        0.0,
        0.0,
        0.0,
        0.0,
        0.0,
        0.0,
        0.0
    ],
    "brake_sequence": [
        0.013935037888586521,
        0.0,
        0.0,
        0.0,
        0.5,
        0.5,
        0.5,
        0.5,
        0.5,
        0.5,
        0.5,
        0.5,
        0.5,
        0.5,
        0.5,
        0.5,
        0.5,
        0.5,
        0.5,
        0.5
    ],
    "speed_sequence": [
        6.675635814666748,
        6.482603073120117,
        6.230151653289795,
        6.095090866088867,
        6.092247009277344,
        6.006762504577637,
        5.681896686553955,
        5.410226821899414,
        4.471173286437988,
        3.6369071006774902,
        2.9884676933288574,
        2.4711971282958984,
        2.0568716526031494,
        1.6811258792877197,
        1.3212021589279175,
        0.006840338930487633,
        -0.007228004280477762,
        -0.0066304332576692104,
        -0.0038271404337137938,
        -0.0017744112992659211
    ],
    "light_sequence": [
        0.0,
        0.0,
        0.0,
        0.0,
        0.0,
        0.0,
        0.0,
        0.0,
        0.0,
        0.0,
        0.0,
        0.0,
        0.0,
        0.0,
        0.0,
        0.0,
        0.0,
        0.0,
        0.0,
        0.0
    ],
    "is_collision_event": false
}