{
    "timestamp": 83.40000124275684,
    "x": 88.40846252441406,
    "y": 269.35955810546875,
    "speed": 6.3613745800313986,
    "theta": 3.140902042388916,
    "near_node_x": 88.4120101928711,
    "near_node_y": 276.330322265625,
    "near_command": 4,
    "far_node_x": 88.41291809082031,
    "far_node_y": 282.330322265625,
    "far_command": 4,
    "angle_near": 0.01093086069052562,
    "angle_far": 0.02040912647429913,
    "steer": -2.938229954452254e-05,
    "throttle": 0.75,
    "brake": 0.0,
    "is_red_light_present": 0,
    "vehicle_detected_flag": 1,
    "distanse": 23.086719512939453,
    "steer_sequence": [
        0.0010572498431429267,
        -9.818384569371119e-05,
        0.0004602591216098517,
        0.001110090292058885,
        -0.0003195146273355931,
        0.00042539130663499236,
        0.0009606333915144205,
        -0.0002054039214272052,
        0.0008901648106984794,
        0.0012753490591421723,
        -0.00020090040925424546,
        0.0004253259103279561,
        0.0011312634451314807,
        -0.00033543765312060714,
        0.0004388003144413233,
        0.0008775880560278893,
        -0.00019458739552646875,
        0.0008588615455664694,
        0.0005260799662210047,
        0.000742170144803822
    ],
    "throttle_sequence": [
        0.75,
        0.75,
        0.75,
        0.75,
        0.44730281829833984,
        0.0,
        0.05372127890586853,
        0.7459590435028076,
        0.75,
        0.75,
        0.75,
        0.75,
        0.75,
        0.2632511854171753,
        0.0,
        0.2489962875843048,
        0.75,
        0.75,
        0.75,
        0.75
    ],
    "brake_sequence": [
        0.0,
        0.0,
        0.0,
        0.0,
        0.0,
        0.13321198523044586,
        0.0,
        0.0,
        0.0,
        0.0,
        0.0,
        0.0,
        0.0,
        0.0,
        0.25836580991744995,
        0.0,
        0.0,
        0.0,
        0.0,
        0.0
    ],
    "speed_sequence": [
        6.099296569824219,
        6.100057125091553,
        6.193545818328857,
        6.350780487060547,
        6.549286842346191,
        6.710102558135986,
        6.658294200897217,
        6.4665327072143555,
        6.232980728149414,
        6.119810104370117,
        6.1328535079956055,
        6.2349748611450195,
        6.397912979125977,
        6.599911689758301,
        6.744308948516846,
        6.603672504425049,
        6.390711307525635,
        6.213985443115234,
        6.166912078857422,
        6.226858139038086
    ],
    "light_sequence": [
        0.0,
        0.0,
        0.0,
        0.0,
        0.0,
        0.0,
        0.0,
        0.0,
        0.0,
        0.0,
        0.0,
        0.0,
        0.0,
        0.0,
        0.0,
        0.0,
        0.0,
        0.0,
        0.0,
        0.0
    ],
    "is_collision_event": false
}