{
    "timestamp": 81.40000121295452,
    "x": 88.40679168701172,
    "y": 256.56689453125,
    "speed": 6.099296599165042,
    "theta": 3.1408205032348633,
    "near_node_x": 88.41018676757812,
    "near_node_y": 264.330322265625,
    "near_command": 4,
    "far_node_x": 88.41109466552734,
    "far_node_y": 270.330322265625,
    "far_command": 4,
    "angle_near": 0.020532579550728403,
    "angle_far": 0.02767613784879659,
    "steer": 0.0010572498431429267,
    "throttle": 0.75,
    "brake": 0.0,
    "is_red_light_present": 0,
    "vehicle_detected_flag": 0,
    "distanse": 25,
    "steer_sequence": [
        0.0001780656457412988,
        0.00022917245223652571,
        0.0009031170047819614,
        0.0004787998623214662,
        0.00020077118824701756,
        0.0007336068665608764,
        9.891700756270438e-05,
        0.0005534578813239932,
        0.00023299954773392528,
        1.6872243577381596e-05,
        0.0007518198108300567,
        0.0006263763643801212,
        0.0002698474272619933,
        0.0003802122955676168,
        0.0008550012717023492,
        -0.00015096015704330057,
        0.0008219379233196378,
        9.231553121935576e-05,
        0.00019488796533551067,
        0.0010010144906118512
    ],
    "throttle_sequence": [
        0.04892037808895111,
        0.7358924150466919,
        0.75,
        0.75,
        0.75,
        0.75,
        0.75,
        0.2848958969116211,
        0.0,
        0.23288895189762115,
        0.75,
        0.75,
        0.75,
        0.75,
        0.75,
        0.48060426115989685,
        0.0,
        0.013092362321913242,
        0.7025598287582397,
        0.75
    ],
    "brake_sequence": [
        0.0,
        0.0,
        0.0,
        0.0,
        0.0,
        0.0,
        0.0,
        0.0,
        0.24223890900611877,
        0.0,
        0.0,
        0.0,
        0.0,
        0.0,
        0.0,
        0.0,
        0.08798906207084656,
        0.0,
        0.0,
        0.0
    ],
    "speed_sequence": [
        6.658177852630615,
        6.468052864074707,
        6.232680797576904,
        6.117471218109131,
        6.129052639007568,
        6.230128765106201,
        6.392391681671143,
        6.593988418579102,
        6.739917755126953,
        6.608199119567871,
        6.398947238922119,
        6.218435287475586,
        6.167123794555664,
        6.2240681648254395,
        6.356536388397217,
        6.5392069816589355,
        6.696376323699951,
        6.668127536773682,
        6.477289199829102,
        6.2294206619262695
    ],
    "light_sequence": [
        0.0,
        0.0,
        0.0,
        0.0,
        0.0,
        0.0,
        0.0,
        0.0,
        0.0,
        0.0,
        0.0,
        0.0,
        0.0,
        0.0,
        0.0,
        0.0,
        0.0,
        0.0,
        0.0,
        0.0
    ],
    "is_collision_event": false
}