{
    "timestamp": 86.00000128149986,
    "x": 88.41159057617188,
    "y": 285.995849609375,
    "speed": 5.681896738499742,
    "theta": 3.1411044597625732,
    "near_node_x": 88.41413879394531,
    "near_node_y": 290.330322265625,
    "near_command": 4,
    "far_node_x": 88.41504669189453,
    "far_node_y": 296.330322265625,
    "far_command": 4,
    "angle_near": 0.0012089922391126354,
    "angle_far": 0.015731735777448123,
    "steer": 0.0,
    "throttle": 0.0,
    "brake": 0.5,
    "is_red_light_present": 0,
    "vehicle_detected_flag": 1,
    "distanse": 10.723053932189941,
    "steer_sequence": [
        3.5214513900427846e-06,
        0.0002476254594512284,
        0.0013025817461311817,
        -0.00024135840067174286,
        0.0002575971884652972,
        0.0012641452485695481,
        -0.0005139718996360898,
        0.0003460739681031555,
        0.001682477886788547,
        -0.0001657914399402216,
        0.0002738932380452752,
        0.0012099817395210266,
        -0.00028895956347696483,
        0.000354972667992115,
        0.00105455017182976,
        -0.0002182548341806978,
        0.0008409322472289205,
        0.0007867231033742428,
        0.0,
        0.0
    ],
    "throttle_sequence": [
        0.75,
        0.75,
        0.75,
        0.75,
        0.29738712310791016,
        0.0,
        0.2226683795452118,
        0.75,
        0.75,
        0.75,
        0.75,
        0.75,
        0.4986320734024048,
        0.0,
        0.0,
        0.6833579540252686,
        0.75,
        0.75,
        0.0,
        0.0
    ],
    "brake_sequence": [
        0.0,
        0.0,
        0.0,
        0.0,
        0.0,
        0.2329530417919159,
        0.0,
        0.0,
        0.0,
        0.0,
        0.0,
        0.0,
        0.0,
        0.07809608429670334,
        0.013935037888586521,
        0.0,
        0.0,
        0.0,
        0.5,
        0.5
    ],
    "speed_sequence": [
        6.116065979003906,
        6.126826763153076,
        6.227306365966797,
        6.389176845550537,
        6.590549945831299,
        6.737375259399414,
        6.611064910888672,
        6.403751373291016,
        6.22059440612793,
        6.166409015655518,
        6.2213616371154785,
        6.352447986602783,
        6.534228801727295,
        6.693656921386719,
        6.675635814666748,
        6.482603073120117,
        6.230151653289795,
        6.095090866088867,
        6.092247009277344,
        6.006762504577637
    ],
    "light_sequence": [
        0.0,
        0.0,
        0.0,
        0.0,
        0.0,
        0.0,
        0.0,
        0.0,
        0.0,
        0.0,
        0.0,
        0.0,
        0.0,
        0.0,
        0.0,
        0.0,
        0.0,
        0.0,
        0.0,
        0.0
    ],
    "is_collision_event": false
}