{
    "timestamp": 82.00000122189522,
    "x": 88.4073715209961,
    "y": 260.4191589355469,
    "speed": 6.658294214420869,
    "theta": 3.1408205032348633,
    "near_node_x": 88.4107894897461,
    "near_node_y": 268.330322265625,
    "near_command": 4,
    "far_node_x": 88.41170501708984,
    "far_node_y": 274.330322265625,
    "far_command": 4,
    "angle_near": 0.01637461252885303,
    "angle_far": 0.023280565361829517,
    "steer": 0.0009606333915144205,
    "throttle": 0.05372127890586853,
    "brake": 0.0,
    "is_red_light_present": 0,
    "vehicle_detected_flag": 0,
    "distanse": 25,
    "steer_sequence": [
        9.891700756270438e-05,
        0.0005534578813239932,
        0.00023299954773392528,
        1.6872243577381596e-05,
        0.0007518198108300567,
        0.0006263763643801212,
        0.0002698474272619933,
        0.0003802122955676168,
        0.0008550012717023492,
        -0.00015096015704330057,
        0.0008219379233196378,
        9.231553121935576e-05,
        0.00019488796533551067,
        0.0010010144906118512,
        0.0010572498431429267,
        -9.818384569371119e-05,
        0.0004602591216098517,
        0.001110090292058885,
        -0.0003195146273355931,
        0.00042539130663499236
    ],
    "throttle_sequence": [
        0.75,
        0.2848958969116211,
        0.0,
        0.23288895189762115,
        0.75,
        0.75,
        0.75,
        0.75,
        0.75,
        0.48060426115989685,
        0.0,
        0.013092362321913242,
        0.7025598287582397,
        0.75,
        0.75,
        0.75,
        0.75,
        0.75,
        0.44730281829833984,
        0.0
    ],
    "brake_sequence": [
        0.0,
        0.0,
        0.24223890900611877,
        0.0,
        0.0,
        0.0,
        0.0,
        0.0,
        0.0,
        0.0,
        0.08798906207084656,
        0.0,
        0.0,
        0.0,
        0.0,
        0.0,
        0.0,
        0.0,
        0.0,
        0.13321198523044586
    ],
    "speed_sequence": [
        6.392391681671143,
        6.593988418579102,
        6.739917755126953,
        6.608199119567871,
        6.398947238922119,
        6.218435287475586,
        6.167123794555664,
        6.2240681648254395,
        6.356536388397217,
        6.5392069816589355,
        6.696376323699951,
        6.668127536773682,
        6.477289199829102,
        6.2294206619262695,
        6.099296569824219,
        6.100057125091553,
        6.193545818328857,
        6.350780487060547,
        6.549286842346191,
        6.710102558135986
    ],
    "light_sequence": [
        0.0,
        0.0,
        0.0,
        0.0,
        0.0,
        0.0,
        0.0,
        0.0,
        0.0,
        0.0,
        0.0,
        0.0,
        0.0,
        0.0,
        0.0,
        0.0,
        0.0,
        0.0,
        0.0,
        0.0
    ],
    "is_collision_event": false
}