{
    "timestamp": 85.40000127255917,
    "x": 88.41061401367188,
    "y": 282.2745361328125,
    "speed": 6.675635766898164,
    "theta": 3.140902042388916,
    "near_node_x": 88.41413879394531,
    "near_node_y": 290.330322265625,
    "near_command": 4,
    "far_node_x": 88.41504669189453,
    "far_node_y": 296.330322265625,
    "far_command": 4,
    "angle_near": 0.01691310743939766,
    "angle_far": 0.023913686337213153,
    "steer": 0.00105455017182976,
    "throttle": 0.0,
    "brake": 0.013935037888586521,
    "is_red_light_present": 0,
    "vehicle_detected_flag": 1,
    "distanse": 13.560158729553223,
    "steer_sequence": [
        -2.938229954452254e-05,
        0.0003450525982771069,
        0.0010546422563493252,
        -0.0003237559867557138,
        0.00032227335032075644,
        0.0016984955873340368,
        3.5214513900427846e-06,
        0.0002476254594512284,
        0.0013025817461311817,
        -0.00024135840067174286,
        0.0002575971884652972,
        0.0012641452485695481,
        -0.0005139718996360898,
        0.0003460739681031555,
        0.001682477886788547,
        -0.0001657914399402216,
        0.0002738932380452752,
        0.0012099817395210266,
        -0.00028895956347696483,
        0.000354972667992115
    ],
    "throttle_sequence": [
        0.75,
        0.4583057165145874,
        0.0,
        0.04604372754693031,
        0.7332151532173157,
        0.75,
        0.75,
        0.75,
        0.75,
        0.75,
        0.29738712310791016,
        0.0,
        0.2226683795452118,
        0.75,
        0.75,
        0.75,
        0.75,
        0.75,
        0.4986320734024048,
        0.0
    ],
    "brake_sequence": [
        0.0,
        0.0,
        0.10067354142665863,
        0.0,
        0.0,
        0.0,
        0.0,
        0.0,
        0.0,
        0.0,
        0.0,
        0.2329530417919159,
        0.0,
        0.0,
        0.0,
        0.0,
        0.0,
        0.0,
        0.0,
        0.07809608429670334
    ],
    "speed_sequence": [
        6.361374378204346,
        6.545371055603027,
        6.699873447418213,
        6.658987522125244,
        6.4688191413879395,
        6.232448101043701,
        6.116065979003906,
        6.126826763153076,
        6.227306365966797,
        6.389176845550537,
        6.590549945831299,
        6.737375259399414,
        6.611064910888672,
        6.403751373291016,
        6.22059440612793,
        6.166409015655518,
        6.2213616371154785,
        6.352447986602783,
        6.534228801727295,
        6.693656921386719
    ],
    "light_sequence": [
        0.0,
        0.0,
        0.0,
        0.0,
        0.0,
        0.0,
        0.0,
        0.0,
        0.0,
        0.0,
        0.0,
        0.0,
        0.0,
        0.0,
        0.0,
        0.0,
        0.0,
        0.0,
        0.0,
        0.0
    ],
    "is_collision_event": false
}