{
    "timestamp": 80.80000120401382,
    "x": 88.40650939941406,
    "y": 252.6669158935547,
    "speed": 6.356536429096153,
    "theta": 3.140902042388916,
    "near_node_x": 88.40957641601562,
    "near_node_y": 260.330322265625,
    "near_command": 4,
    "far_node_x": 88.41049194335938,
    "far_node_y": 266.330322265625,
    "far_command": 4,
    "angle_near": 0.016039876303637672,
    "angle_far": 0.02227025582905326,
    "steer": 0.0008550012717023492,
    "throttle": 0.75,
    "brake": 0.0,
    "is_red_light_present": 0,
    "vehicle_detected_flag": 0,
    "distanse": 25,
    "steer_sequence": [
        0.0007520922226831317,
        -0.00041116279317066073,
        0.0006810954073444009,
        0.000331282673869282,
        -6.243732059374452e-05,
        0.0005060324911028147,
        0.0001780656457412988,
        0.00022917245223652571,
        0.0009031170047819614,
        0.0004787998623214662,
        0.00020077118824701756,
        0.0007336068665608764,
        9.891700756270438e-05,
        0.0005534578813239932,
        0.00023299954773392528,
        1.6872243577381596e-05,
        0.0007518198108300567,
        0.0006263763643801212,
        0.0002698474272619933,
        0.0003802122955676168
    ],
    "throttle_sequence": [
        0.75,
        0.75,
        0.75,
        0.75,
        0.4564637541770935,
        0.0,
        0.04892037808895111,
        0.7358924150466919,
        0.75,
        0.75,
        0.75,
        0.75,
        0.75,
        0.2848958969116211,
        0.0,
        0.23288895189762115,
        0.75,
        0.75,
        0.75,
        0.75
    ],
    "brake_sequence": [
        0.0,
        0.0,
        0.0,
        0.0,
        0.0,
        0.10102488100528717,
        0.0,
        0.0,
        0.0,
        0.0,
        0.0,
        0.0,
        0.0,
        0.0,
        0.24223890900611877,
        0.0,
        0.0,
        0.0,
        0.0,
        0.0
    ],
    "speed_sequence": [
        6.216533660888672,
        6.168659687042236,
        6.228030204772949,
        6.362137794494629,
        6.545876502990723,
        6.699966907501221,
        6.658177852630615,
        6.468052864074707,
        6.232680797576904,
        6.117471218109131,
        6.129052639007568,
        6.230128765106201,
        6.392391681671143,
        6.593988418579102,
        6.739917755126953,
        6.608199119567871,
        6.398947238922119,
        6.218435287475586,
        6.167123794555664,
        6.2240681648254395
    ],
    "light_sequence": [
        0.0,
        0.0,
        0.0,
        0.0,
        0.0,
        0.0,
        0.0,
        0.0,
        0.0,
        0.0,
        0.0,
        0.0,
        0.0,
        0.0,
        0.0,
        0.0,
        0.0,
        0.0,
        0.0,
        0.0
    ],
    "is_collision_event": false
}