{
    "timestamp": 109.40000163018703,
    "x": 88.41553497314453,
    "y": 296.6971740722656,
    "speed": 5.436057812099691,
    "theta": 3.1415927410125732,
    "near_node_x": 88.41626739501953,
    "near_node_y": 304.330322265625,
    "near_command": 4,
    "far_node_x": 88.41717529296875,
    "far_node_y": 310.330322265625,
    "far_command": 4,
    "angle_near": -0.008273251210300108,
    "angle_far": -0.009669302981077559,
    "steer": -0.00024101854069158435,
    "throttle": 0.75,
    "brake": 0.0,
    "is_red_light_present": 0,
    "vehicle_detected_flag": 1,
    "distanse": 15.055011749267578,
    "steer_sequence": [
        0.0003181189822498709,
        0.0002606022171676159,
        0.0001827731030061841,
        0.00016380143642891198,
        1.5308745787478983e-05,
        0.000492227089125663,
        -7.396465662168339e-05,
        0.00014499304234050214,
        7.214979268610477e-05,
        4.789761078427546e-05,
        0.00027001078706234694,
        -7.967652345541865e-05,
        7.218708196887746e-05,
        0.0001650119520490989,
        -6.153150752652436e-05,
        4.087415800313465e-05,
        1.5443447409779765e-05,
        8.873925253283232e-05,
        -0.001291715307161212,
        -0.00012458419951144606
    ],
    "throttle_sequence": [
        0.75,
        0.75,
        0.75,
        0.75,
        0.75,
        0.75,
        0.75,
        0.75,
        0.75,
        0.75,
        0.75,
        0.75,
        0.75,
        0.75,
        0.75,
        0.75,
        0.75,
        0.75,
        0.75,
        0.75
    ],
    "brake_sequence": [
        0.0,
        0.0,
        0.0,
        0.0,
        0.0,
        0.0,
        0.0,
        0.0,
        0.0,
        0.0,
        0.0,
        0.0,
        0.0,
        0.0,
        0.0,
        0.0,
        0.0,
        0.0,
        0.0,
        0.0
    ],
    "speed_sequence": [
        1.4383111000061035,
        1.7118706703186035,
        1.9802502393722534,
        2.2417943477630615,
        2.512965440750122,
        2.7601611614227295,
        2.9782352447509766,
        3.1905412673950195,
        3.4055044651031494,
        3.6256768703460693,
        3.8478026390075684,
        4.068921089172363,
        4.287914752960205,
        4.504348278045654,
        4.718069076538086,
        4.92903995513916,
        5.13588809967041,
        5.300766468048096,
        5.444504261016846,
        5.433735370635986
    ],
    "light_sequence": [
        0.0,
        0.0,
        0.0,
        0.0,
        0.0,
        0.0,
        0.0,
        0.0,
        0.0,
        0.0,
        0.0,
        0.0,
        0.0,
        0.0,
        0.0,
        0.0,
        0.0,
        0.0,
        0.0,
        0.0
    ],
    "is_collision_event": false
}