{
    "timestamp": 107.60000160336494,
    "x": 88.4129867553711,
    "y": 289.4574279785156,
    "speed": 1.980250199748004,
    "theta": 3.1409945487976074,
    "near_node_x": 88.41474914550781,
    "near_node_y": 294.330322265625,
    "near_command": 4,
    "far_node_x": 88.41565704345703,
    "far_node_y": 300.330322265625,
    "far_command": 4,
    "angle_near": 0.00919826726857065,
    "angle_far": 0.015849210063687898,
    "steer": 0.0001827731030061841,
    "throttle": 0.75,
    "brake": 0.0,
    "is_red_light_present": 0,
    "vehicle_detected_flag": 1,
    "distanse": 17.278711318969727,
    "steer_sequence": [
        0.0,
        0.0,
        0.0,
        0.0,
        0.0,
        0.0,
        0.0,
        0.0,
        0.0,
        -0.0018787073204293847,
        -0.00022310075291898102,
        -0.00021484305034391582,
        0.0016423091292381287,
        -0.001323422184213996,
        0.0020297174341976643,
        6.305777787929401e-05,
        0.001109121018089354,
        0.00024171508266590536,
        0.0003181189822498709,
        0.0002606022171676159
    ],
    "throttle_sequence": [
        0.0,
        0.0,
        0.0,
        0.0,
        0.0,
        0.0,
        0.0,
        0.0,
        0.0,
        0.75,
        0.75,
        0.75,
        0.75,
        0.75,
        0.75,
        0.75,
        0.75,
        0.75,
        0.75,
        0.75
    ],
    "brake_sequence": [
        0.5,
        0.5,
        0.5,
        0.5,
        0.5,
        0.5,
        0.5,
        0.5,
        0.5,
        0.0,
        0.0,
        0.0,
        0.0,
        0.0,
        0.0,
        0.0,
        0.0,
        0.0,
        0.0,
        0.0
    ],
    "speed_sequence": [
        0.0,
        0.0,
        0.0,
        0.0,
        0.0,
        0.0,
        0.0,
        0.0,
        0.0,
        0.0,
        -0.02335263043642044,
        0.0058057489804923534,
        0.09009913355112076,
        0.2284671813249588,
        0.5668473243713379,
        0.768282413482666,
        0.9417648315429688,
        1.1723756790161133,
        1.4383111000061035,
        1.7118706703186035
    ],
    "light_sequence": [
        0.0,
        0.0,
        0.0,
        0.0,
        0.0,
        0.0,
        0.0,
        0.0,
        0.0,
        0.0,
        0.0,
        0.0,
        0.0,
        0.0,
        0.0,
        0.0,
        0.0,
        0.0,
        0.0,
        0.0
    ],
    "is_collision_event": false
}