{
    "timestamp": 108.6000016182661,
    "x": 88.41398620605469,
    "y": 292.6454772949219,
    "speed": 4.287914712303135,
    "theta": 3.141247272491455,
    "near_node_x": 88.41535186767578,
    "near_node_y": 298.330322265625,
    "near_command": 4,
    "far_node_x": 88.41626739501953,
    "far_node_y": 304.330322265625,
    "far_command": 4,
    "angle_near": 0.0022024009006274296,
    "angle_far": 0.0047808357208509655,
    "steer": 7.218708196887746e-05,
    "throttle": 0.75,
    "brake": 0.0,
    "is_red_light_present": 0,
    "vehicle_detected_flag": 1,
    "distanse": 16.2078857421875,
    "steer_sequence": [
        -0.00022310075291898102,
        -0.00021484305034391582,
        0.0016423091292381287,
        -0.001323422184213996,
        0.0020297174341976643,
        6.305777787929401e-05,
        0.001109121018089354,
        0.00024171508266590536,
        0.0003181189822498709,
        0.0002606022171676159,
        0.0001827731030061841,
        0.00016380143642891198,
        1.5308745787478983e-05,
        0.000492227089125663,
        -7.396465662168339e-05,
        0.00014499304234050214,
        7.214979268610477e-05,
        4.789761078427546e-05,
        0.00027001078706234694,
        -7.967652345541865e-05
    ],
    "throttle_sequence": [
        0.75,
        0.75,
        0.75,
        0.75,
        0.75,
        0.75,
        0.75,
        0.75,
        0.75,
        0.75,
        0.75,
        0.75,
        0.75,
        0.75,
        0.75,
        0.75,
        0.75,
        0.75,
        0.75,
        0.75
    ],
    "brake_sequence": [
        0.0,
        0.0,
        0.0,
        0.0,
        0.0,
        0.0,
        0.0,
        0.0,
        0.0,
        0.0,
        0.0,
        0.0,
        0.0,
        0.0,
        0.0,
        0.0,
        0.0,
        0.0,
        0.0,
        0.0
    ],
    "speed_sequence": [
        -0.02335263043642044,
        0.0058057489804923534,
        0.09009913355112076,
        0.2284671813249588,
        0.5668473243713379,
        0.768282413482666,
        0.9417648315429688,
        1.1723756790161133,
        1.4383111000061035,
        1.7118706703186035,
        1.9802502393722534,
        2.2417943477630615,
        2.512965440750122,
        2.7601611614227295,
        2.9782352447509766,
        3.1905412673950195,
        3.4055044651031494,
        3.6256768703460693,
        3.8478026390075684,
        4.068921089172363
    ],
    "light_sequence": [
        0.0,
        0.0,
        0.0,
        0.0,
        0.0,
        0.0,
        0.0,
        0.0,
        0.0,
        0.0,
        0.0,
        0.0,
        0.0,
        0.0,
        0.0,
        0.0,
        0.0,
        0.0,
        0.0,
        0.0
    ],
    "is_collision_event": false
}