{
    "timestamp": 107.40000160038471,
    "x": 88.41285705566406,
    "y": 289.1122741699219,
    "speed": 1.4383110813317412,
    "theta": 3.1411044597625732,
    "near_node_x": 88.41474914550781,
    "near_node_y": 294.330322265625,
    "near_command": 4,
    "far_node_x": 88.41565704345703,
    "far_node_y": 300.330322265625,
    "far_command": 4,
    "angle_near": 0.012860447412072538,
    "angle_far": 0.019335340062059607,
    "steer": 0.0003181189822498709,
    "throttle": 0.75,
    "brake": 0.0,
    "is_red_light_present": 0,
    "vehicle_detected_flag": 1,
    "distanse": 16.273479461669922,
    "steer_sequence": [
        0.0,
        0.0,
        0.0,
        0.0,
        0.0,
        0.0,
        0.0,
        0.0,
        0.0,
        0.0,
        0.0,
        -0.0018787073204293847,
        -0.00022310075291898102,
        -0.00021484305034391582,
        0.0016423091292381287,
        -0.001323422184213996,
        0.0020297174341976643,
        6.305777787929401e-05,
        0.001109121018089354,
        0.00024171508266590536
    ],
    "throttle_sequence": [
        0.0,
        0.0,
        0.0,
        0.0,
        0.0,
        0.0,
        0.0,
        0.0,
        0.0,
        0.0,
        0.0,
        0.75,
        0.75,
        0.75,
        0.75,
        0.75,
        0.75,
        0.75,
        0.75,
        0.75
    ],
    "brake_sequence": [
        0.5,
        0.5,
        0.5,
        0.5,
        0.5,
        0.5,
        0.5,
        0.5,
        0.5,
        0.5,
        0.5,
        0.0,
        0.0,
        0.0,
        0.0,
        0.0,
        0.0,
        0.0,
        0.0,
        0.0
    ],
    "speed_sequence": [
        0.0,
        0.0,
        0.0,
        0.0,
        0.0,
        0.0,
        0.0,
        0.0,
        0.0,
        0.0,
        0.0,
        0.0,
        -0.02335263043642044,
        0.0058057489804923534,
        0.09009913355112076,
        0.2284671813249588,
        0.5668473243713379,
        0.768282413482666,
        0.9417648315429688,
        1.1723756790161133
    ],
    "light_sequence": [
        0.0,
        0.0,
        0.0,
        0.0,
        0.0,
        0.0,
        0.0,
        0.0,
        0.0,
        0.0,
        0.0,
        0.0,
        0.0,
        0.0,
        0.0,
        0.0,
        0.0,
        0.0,
        0.0,
        0.0
    ],
    "is_collision_event": false
}