{
    "timestamp": 109.8000016361475,
    "x": 88.41522979736328,
    "y": 299.2975769042969,
    "speed": 6.924526390953648,
    "theta": 3.1411044597625732,
    "near_node_x": 88.41657257080078,
    "near_node_y": 306.330322265625,
    "near_command": 4,
    "far_node_x": 88.41748046875,
    "far_node_y": 312.330322265625,
    "far_command": 4,
    "angle_near": 0.01219860056653395,
    "angle_far": 0.013243563321803289,
    "steer": 0.0010998627403751016,
    "throttle": 0.0,
    "brake": 0.30000001192092896,
    "is_red_light_present": 0,
    "vehicle_detected_flag": 1,
    "distanse": 13.794511795043945,
    "steer_sequence": [
        1.5308745787478983e-05,
        0.000492227089125663,
        -7.396465662168339e-05,
        0.00014499304234050214,
        7.214979268610477e-05,
        4.789761078427546e-05,
        0.00027001078706234694,
        -7.967652345541865e-05,
        7.218708196887746e-05,
        0.0001650119520490989,
        -6.153150752652436e-05,
        4.087415800313465e-05,
        1.5443447409779765e-05,
        8.873925253283232e-05,
        -0.001291715307161212,
        -0.00012458419951144606,
        -0.00024101854069158435,
        0.004343762062489986,
        -0.0021766130812466145,
        1.3152288374840282e-05
    ],
    "throttle_sequence": [
        0.75,
        0.75,
        0.75,
        0.75,
        0.75,
        0.75,
        0.75,
        0.75,
        0.75,
        0.75,
        0.75,
        0.75,
        0.75,
        0.75,
        0.75,
        0.75,
        0.75,
        0.75,
        0.2076447755098343,
        0.0
    ],
    "brake_sequence": [
        0.0,
        0.0,
        0.0,
        0.0,
        0.0,
        0.0,
        0.0,
        0.0,
        0.0,
        0.0,
        0.0,
        0.0,
        0.0,
        0.0,
        0.0,
        0.0,
        0.0,
        0.0,
        0.0,
        0.30000001192092896
    ],
    "speed_sequence": [
        2.512965440750122,
        2.7601611614227295,
        2.9782352447509766,
        3.1905412673950195,
        3.4055044651031494,
        3.6256768703460693,
        3.8478026390075684,
        4.068921089172363,
        4.287914752960205,
        4.504348278045654,
        4.718069076538086,
        4.92903995513916,
        5.13588809967041,
        5.300766468048096,
        5.444504261016846,
        5.433735370635986,
        5.436058044433594,
        5.947179317474365,
        6.641683101654053,
        7.029043674468994
    ],
    "light_sequence": [
        0.0,
        0.0,
        0.0,
        0.0,
        0.0,
        0.0,
        0.0,
        0.0,
        0.0,
        0.0,
        0.0,
        0.0,
        0.0,
        0.0,
        0.0,
        0.0,
        0.0,
        0.0,
        0.0,
        0.0
    ],
    "is_collision_event": false
}