{
    "timestamp": 107.90000160783529,
    "x": 88.41331481933594,
    "y": 290.1740417480469,
    "speed": 2.7601612651287795,
    "theta": 3.141247272491455,
    "near_node_x": 88.41504669189453,
    "near_node_y": 296.330322265625,
    "near_command": 4,
    "far_node_x": 88.41596221923828,
    "far_node_y": 302.330322265625,
    "far_command": 4,
    "angle_near": 0.008249277343728918,
    "angle_far": 0.01188971250424718,
    "steer": 0.000492227089125663,
    "throttle": 0.75,
    "brake": 0.0,
    "is_red_light_present": 0,
    "vehicle_detected_flag": 1,
    "distanse": 17.37236976623535,
    "steer_sequence": [
        0.0,
        0.0,
        0.0,
        0.0,
        0.0,
        0.0,
        -0.0018787073204293847,
        -0.00022310075291898102,
        -0.00021484305034391582,
        0.0016423091292381287,
        -0.001323422184213996,
        0.0020297174341976643,
        6.305777787929401e-05,
        0.001109121018089354,
        0.00024171508266590536,
        0.0003181189822498709,
        0.0002606022171676159,
        0.0001827731030061841,
        0.00016380143642891198,
        1.5308745787478983e-05
    ],
    "throttle_sequence": [
        0.0,
        0.0,
        0.0,
        0.0,
        0.0,
        0.0,
        0.75,
        0.75,
        0.75,
        0.75,
        0.75,
        0.75,
        0.75,
        0.75,
        0.75,
        0.75,
        0.75,
        0.75,
        0.75,
        0.75
    ],
    "brake_sequence": [
        0.5,
        0.5,
        0.5,
        0.5,
        0.5,
        0.5,
        0.0,
        0.0,
        0.0,
        0.0,
        0.0,
        0.0,
        0.0,
        0.0,
        0.0,
        0.0,
        0.0,
        0.0,
        0.0,
        0.0
    ],
    "speed_sequence": [
        0.0,
        0.0,
        0.0,
        0.0,
        0.0,
        0.0,
        0.0,
        -0.02335263043642044,
        0.0058057489804923534,
        0.09009913355112076,
        0.2284671813249588,
        0.5668473243713379,
        0.768282413482666,
        0.9417648315429688,
        1.1723756790161133,
        1.4383111000061035,
        1.7118706703186035,
        1.9802502393722534,
        2.2417943477630615,
        2.512965440750122
    ],
    "light_sequence": [
        0.0,
        0.0,
        0.0,
        0.0,
        0.0,
        0.0,
        0.0,
        0.0,
        0.0,
        0.0,
        0.0,
        0.0,
        0.0,
        0.0,
        0.0,
        0.0,
        0.0,
        0.0,
        0.0,
        0.0
    ],
    "is_collision_event": false
}