{
    "timestamp": 107.00000159442425,
    "x": 88.412841796875,
    "y": 288.7217102050781,
    "speed": 0.566847341570186,
    "theta": 3.140902042388916,
    "near_node_x": 88.41444396972656,
    "near_node_y": 292.330322265625,
    "near_command": 4,
    "far_node_x": 88.41535186767578,
    "far_node_y": 298.330322265625,
    "far_command": 4,
    "angle_near": 0.0160728667103374,
    "angle_far": 0.026543928833800818,
    "steer": 0.0020297174341976643,
    "throttle": 0.75,
    "brake": 0.0,
    "is_red_light_present": 0,
    "vehicle_detected_flag": 1,
    "distanse": 14.20823860168457,
    "steer_sequence": [
        0.0,
        0.0,
        0.0,
        0.0,
        0.0,
        0.0,
        0.0,
        0.0,
        0.0,
        0.0,
        0.0,
        0.0,
        0.0,
        0.0,
        0.0,
        -0.0018787073204293847,
        -0.00022310075291898102,
        -0.00021484305034391582,
        0.0016423091292381287,
        -0.001323422184213996
    ],
    "throttle_sequence": [
        0.0,
        0.0,
        0.0,
        0.0,
        0.0,
        0.0,
        0.0,
        0.0,
        0.0,
        0.0,
        0.0,
        0.0,
        0.0,
        0.0,
        0.0,
        0.75,
        0.75,
        0.75,
        0.75,
        0.75
    ],
    "brake_sequence": [
        0.5,
        0.5,
        0.5,
        0.5,
        0.5,
        0.5,
        0.5,
        0.5,
        0.5,
        0.5,
        0.5,
        0.5,
        0.5,
        0.5,
        0.5,
        0.0,
        0.0,
        0.0,
        0.0,
        0.0
    ],
    "speed_sequence": [
        0.0,
        0.0,
        0.0,
        0.0,
        0.0,
        0.0,
        0.0,
        0.0,
        0.0,
        0.0,
        0.0,
        0.0,
        0.0,
        0.0,
        0.0,
        0.0,
        -0.02335263043642044,
        0.0058057489804923534,
        0.09009913355112076,
        0.2284671813249588
    ],
    "light_sequence": [
        0.0,
        0.0,
        0.0,
        0.0,
        0.0,
        0.0,
        0.0,
        0.0,
        0.0,
        0.0,
        0.0,
        0.0,
        0.0,
        0.0,
        0.0,
        0.0,
        0.0,
        0.0,
        0.0,
        0.0
    ],
    "is_collision_event": false
}