{
    "timestamp": 113.10000168532133,
    "x": 88.3122329711914,
    "y": 314.8711853027344,
    "speed": 5.5827236944103635,
    "theta": 3.1865992546081543,
    "near_node_x": 87.29814910888672,
    "near_node_y": 321.9586181640625,
    "near_command": 2,
    "far_node_x": 83.85407257080078,
    "far_node_y": 325.5325012207031,
    "far_command": 2,
    "angle_near": 5.563999138120455,
    "angle_far": 20.114116272852865,
    "steer": 0.10694020241498947,
    "throttle": 0.75,
    "brake": 0.0,
    "is_red_light_present": 0,
    "vehicle_detected_flag": 0,
    "distanse": 25,
    "steer_sequence": [
        0.0,
        -0.002308066003024578,
        0.0005459499079734087,
        -0.0007232025382108986,
        -0.0002812515594996512,
        -8.404750406043604e-05,
        -0.0002758640330284834,
        -0.00013468509132508188,
        -0.00014754623407498002,
        -0.0002319301274837926,
        2.5485838705208153e-05,
        -0.00011458273365860805,
        -4.2737334297271445e-05,
        9.098308510147035e-06,
        -8.444846025668085e-05,
        0.0879361480474472,
        -0.012063850648701191,
        0.0879361480474472,
        0.024863319471478462,
        0.00694019952788949
    ],
    "throttle_sequence": [
        0.0,
        0.75,
        0.75,
        0.75,
        0.75,
        0.75,
        0.75,
        0.75,
        0.75,
        0.75,
        0.75,
        0.75,
        0.75,
        0.75,
        0.75,
        0.75,
        0.75,
        0.75,
        0.75,
        0.75
    ],
    "brake_sequence": [
        0.5,
        0.0,
        0.0,
        0.0,
        0.0,
        0.0,
        0.0,
        0.0,
        0.0,
        0.0,
        0.0,
        0.0,
        0.0,
        0.0,
        0.0,
        0.0,
        0.0,
        0.0,
        0.0,
        0.0
    ],
    "speed_sequence": [
        3.474654197692871,
        2.8574576377868652,
        2.5511929988861084,
        2.5243911743164062,
        2.6493966579437256,
        2.845738410949707,
        3.053384304046631,
        3.265796661376953,
        3.483721971511841,
        3.7061049938201904,
        3.928654432296753,
        4.149386882781982,
        4.367620468139648,
        4.583132743835449,
        4.795872688293457,
        5.005842685699463,
        5.115769863128662,
        5.087893486022949,
        5.100827217102051,
        5.130390644073486
    ],
    "light_sequence": [
        0.0,
        0.0,
        0.0,
        0.0,
        0.0,
        0.0,
        0.0,
        0.0,
        0.0,
        0.0,
        0.0,
        0.0,
        0.0,
        0.0,
        0.0,
        0.0,
        0.0,
        0.0,
        0.0,
        0.0
    ],
    "is_collision_event": false
}