{
    "timestamp": 116.10000173002481,
    "x": 75.13429260253906,
    "y": 325.9612731933594,
    "speed": 6.439914791881034,
    "theta": 4.635339260101318,
    "near_node_x": 67.64105987548828,
    "near_node_y": 326.57086181640625,
    "near_command": 4,
    "far_node_x": 61.64106369018555,
    "far_node_y": 326.567626953125,
    "far_command": 4,
    "angle_near": -0.23623107693796683,
    "angle_far": 1.841641081179778,
    "steer": -0.05084465444087982,
    "throttle": 0.75,
    "brake": 0.0,
    "is_red_light_present": 0,
    "vehicle_detected_flag": 1,
    "distanse": 20.71232032775879,
    "steer_sequence": [
        0.2321978062391281,
        0.33219781517982483,
        0.2321978062391281,
        0.33219781517982483,
        0.2321978062391281,
        0.33219781517982483,
        0.2321978062391281,
        0.33219781517982483,
        0.2321978062391281,
        0.1321978121995926,
        0.2321978062391281,
        0.1321978121995926,
        0.03219780698418617,
        -0.013920438475906849,
        0.08607956022024155,
        0.1489773988723755,
        0.19762204587459564,
        0.09762204438447952,
        -0.00237795221619308,
        0.04369166120886803
    ],
    "throttle_sequence": [
        0.75,
        0.5056302547454834,
        0.14630232751369476,
        0.3088805079460144,
        0.75,
        0.75,
        0.75,
        0.75,
        0.75,
        0.0,
        0.0,
        0.4610513150691986,
        0.75,
        0.75,
        0.75,
        0.75,
        0.75,
        0.40718963742256165,
        0.0,
        0.1156732514500618
    ],
    "brake_sequence": [
        0.0,
        0.0,
        0.0,
        0.0,
        0.0,
        0.0,
        0.0,
        0.0,
        0.0,
        0.05183672904968262,
        0.30000001192092896,
        0.0,
        0.0,
        0.0,
        0.0,
        0.0,
        0.0,
        0.0,
        0.19325421750545502,
        0.0
    ],
    "speed_sequence": [
        6.338930130004883,
        6.4959001541137695,
        6.574692726135254,
        6.554624080657959,
        6.333177089691162,
        6.254432201385498,
        6.167918682098389,
        6.293650150299072,
        6.3771653175354,
        6.627499103546143,
        6.7594075202941895,
        6.49179220199585,
        6.286571979522705,
        6.17325496673584,
        6.172377109527588,
        6.235435485839844,
        6.361125469207764,
        6.526237964630127,
        6.712460517883301,
        6.639240741729736
    ],
    "light_sequence": [
        0.0,
        0.0,
        0.0,
        0.0,
        0.0,
        0.0,
        0.0,
        0.0,
        0.0,
        0.0,
        0.0,
        0.0,
        0.0,
        0.0,
        0.0,
        0.0,
        0.0,
        0.0,
        0.0,
        0.0
    ],
    "is_collision_event": false
}