{
    "timestamp": 117.30000174790621,
    "x": 67.49864959716797,
    "y": 326.38336181640625,
    "speed": 6.2375436887761095,
    "theta": 4.674252986907959,
    "near_node_x": 59.64106369018555,
    "near_node_y": 326.5665588378906,
    "near_command": 4,
    "far_node_x": 53.64107131958008,
    "far_node_y": 326.5633544921875,
    "far_command": 4,
    "angle_near": 0.8494506172636423,
    "angle_far": 1.4408818991471437,
    "steer": 0.06894464790821075,
    "throttle": 0.75,
    "brake": 0.0,
    "is_red_light_present": 0,
    "vehicle_detected_flag": 1,
    "distanse": 22.774871826171875,
    "steer_sequence": [
        0.03219780698418617,
        -0.013920438475906849,
        0.08607956022024155,
        0.1489773988723755,
        0.19762204587459564,
        0.09762204438447952,
        -0.00237795221619308,
        0.04369166120886803,
        -0.05084465444087982,
        0.0011096819071099162,
        0.019310040399432182,
        0.1149168461561203,
        0.01491684652864933,
        -0.08508315682411194,
        0.01491684652864933,
        0.07231677323579788,
        -0.02388976886868477,
        0.061165064573287964,
        -0.012541723437607288,
        -0.006087859161198139
    ],
    "throttle_sequence": [
        0.75,
        0.75,
        0.75,
        0.75,
        0.75,
        0.40718963742256165,
        0.0,
        0.1156732514500618,
        0.75,
        0.75,
        0.75,
        0.75,
        0.75,
        0.75,
        0.1859702616930008,
        0.0,
        0.33690500259399414,
        0.75,
        0.75,
        0.75
    ],
    "brake_sequence": [
        0.0,
        0.0,
        0.0,
        0.0,
        0.0,
        0.0,
        0.19325421750545502,
        0.0,
        0.0,
        0.0,
        0.0,
        0.0,
        0.0,
        0.0,
        0.0,
        0.30000001192092896,
        0.0,
        0.0,
        0.0,
        0.0
    ],
    "speed_sequence": [
        6.286571979522705,
        6.17325496673584,
        6.172377109527588,
        6.235435485839844,
        6.361125469207764,
        6.526237964630127,
        6.712460517883301,
        6.639240741729736,
        6.439914703369141,
        6.2176594734191895,
        6.128974437713623,
        6.158398151397705,
        6.246816635131836,
        6.4263434410095215,
        6.617785453796387,
        6.758774757385254,
        6.5764007568359375,
        6.351431369781494,
        6.185122489929199,
        6.161818981170654
    ],
    "light_sequence": [
        0.0,
        0.0,
        0.0,
        0.0,
        0.0,
        0.0,
        0.0,
        0.0,
        0.0,
        0.0,
        0.0,
        0.0,
        0.0,
        0.0,
        0.0,
        0.0,
        0.0,
        0.0,
        0.0,
        0.0
    ],
    "is_collision_event": false
}