{
    "timestamp": 118.10000175982714,
    "x": 62.345272064208984,
    "y": 326.47955322265625,
    "speed": 6.198232776457913,
    "theta": 4.69908332824707,
    "near_node_x": 55.64106369018555,
    "near_node_y": 326.5644226074219,
    "near_command": 4,
    "far_node_x": 49.64107131958008,
    "far_node_y": 326.56121826171875,
    "far_command": 4,
    "angle_near": 0.03711891881385335,
    "angle_far": 0.3940911941913049,
    "steer": -0.004807535093277693,
    "throttle": 0.75,
    "brake": 0.0,
    "is_red_light_present": 0,
    "vehicle_detected_flag": 1,
    "distanse": 24.089309692382812,
    "steer_sequence": [
        -0.05084465444087982,
        0.0011096819071099162,
        0.019310040399432182,
        0.1149168461561203,
        0.01491684652864933,
        -0.08508315682411194,
        0.01491684652864933,
        0.07231677323579788,
        -0.02388976886868477,
        0.061165064573287964,
        -0.012541723437607288,
        -0.006087859161198139,
        0.06894464790821075,
        -0.031055347993969917,
        -0.006323809269815683,
        0.06163275986909866,
        -0.029257873073220253,
        -0.008902402594685555,
        0.048762835562229156,
        -0.020577644929289818
    ],
    "throttle_sequence": [
        0.75,
        0.75,
        0.75,
        0.75,
        0.75,
        0.75,
        0.1859702616930008,
        0.0,
        0.33690500259399414,
        0.75,
        0.75,
        0.75,
        0.75,
        0.75,
        0.39775654673576355,
        0.0,
        0.15907415747642517,
        0.75,
        0.75,
        0.75
    ],
    "brake_sequence": [
        0.0,
        0.0,
        0.0,
        0.0,
        0.0,
        0.0,
        0.0,
        0.30000001192092896,
        0.0,
        0.0,
        0.0,
        0.0,
        0.0,
        0.0,
        0.0,
        0.14181406795978546,
        0.0,
        0.0,
        0.0,
        0.0
    ],
    "speed_sequence": [
        6.439914703369141,
        6.2176594734191895,
        6.128974437713623,
        6.158398151397705,
        6.246816635131836,
        6.4263434410095215,
        6.617785453796387,
        6.758774757385254,
        6.5764007568359375,
        6.351431369781494,
        6.185122489929199,
        6.161818981170654,
        6.23754358291626,
        6.3711137771606445,
        6.561983585357666,
        6.711281776428223,
        6.625673294067383,
        6.433043003082275,
        6.235650062561035,
        6.156087398529053
    ],
    "light_sequence": [
        0.0,
        0.0,
        0.0,
        0.0,
        0.0,
        0.0,
        0.0,
        0.0,
        0.0,
        0.0,
        0.0,
        0.0,
        0.0,
        0.0,
        0.0,
        0.0,
        0.0,
        0.0,
        0.0,
        0.0
    ],
    "is_collision_event": false
}