{
    "timestamp": 117.60000175237656,
    "x": 65.5451889038086,
    "y": 326.4318542480469,
    "speed": 6.711281872807921,
    "theta": 4.683777809143066,
    "near_node_x": 57.64106369018555,
    "near_node_y": 326.56549072265625,
    "near_command": 4,
    "far_node_x": 51.64107131958008,
    "far_node_y": 326.5622863769531,
    "far_command": 4,
    "angle_near": 0.6706908825722862,
    "angle_far": 1.1018426428446426,
    "steer": 0.06163275986909866,
    "throttle": 0.0,
    "brake": 0.14181406795978546,
    "is_red_light_present": 0,
    "vehicle_detected_flag": 1,
    "distanse": 23.24708366394043,
    "steer_sequence": [
        0.1489773988723755,
        0.19762204587459564,
        0.09762204438447952,
        -0.00237795221619308,
        0.04369166120886803,
        -0.05084465444087982,
        0.0011096819071099162,
        0.019310040399432182,
        0.1149168461561203,
        0.01491684652864933,
        -0.08508315682411194,
        0.01491684652864933,
        0.07231677323579788,
        -0.02388976886868477,
        0.061165064573287964,
        -0.012541723437607288,
        -0.006087859161198139,
        0.06894464790821075,
        -0.031055347993969917,
        -0.006323809269815683
    ],
    "throttle_sequence": [
        0.75,
        0.75,
        0.40718963742256165,
        0.0,
        0.1156732514500618,
        0.75,
        0.75,
        0.75,
        0.75,
        0.75,
        0.75,
        0.1859702616930008,
        0.0,
        0.33690500259399414,
        0.75,
        0.75,
        0.75,
        0.75,
        0.75,
        0.39775654673576355
    ],
    "brake_sequence": [
        0.0,
        0.0,
        0.0,
        0.19325421750545502,
        0.0,
        0.0,
        0.0,
        0.0,
        0.0,
        0.0,
        0.0,
        0.0,
        0.30000001192092896,
        0.0,
        0.0,
        0.0,
        0.0,
        0.0,
        0.0,
        0.0
    ],
    "speed_sequence": [
        6.235435485839844,
        6.361125469207764,
        6.526237964630127,
        6.712460517883301,
        6.639240741729736,
        6.439914703369141,
        6.2176594734191895,
        6.128974437713623,
        6.158398151397705,
        6.246816635131836,
        6.4263434410095215,
        6.617785453796387,
        6.758774757385254,
        6.5764007568359375,
        6.351431369781494,
        6.185122489929199,
        6.161818981170654,
        6.23754358291626,
        6.3711137771606445,
        6.561983585357666
    ],
    "light_sequence": [
        0.0,
        0.0,
        0.0,
        0.0,
        0.0,
        0.0,
        0.0,
        0.0,
        0.0,
        0.0,
        0.0,
        0.0,
        0.0,
        0.0,
        0.0,
        0.0,
        0.0,
        0.0,
        0.0,
        0.0
    ],
    "is_collision_event": false
}