{
    "timestamp": 115.70000172406435,
    "x": 77.7671890258789,
    "y": 325.7399597167969,
    "speed": 6.361125522774459,
    "theta": 4.521151065826416,
    "near_node_x": 69.64105987548828,
    "near_node_y": 326.5719299316406,
    "near_command": 4,
    "far_node_x": 63.64106369018555,
    "far_node_y": 326.5686950683594,
    "far_command": 4,
    "angle_near": 5.1114544243264115,
    "angle_far": 7.59963395384729,
    "steer": 0.19762204587459564,
    "throttle": 0.75,
    "brake": 0.0,
    "is_red_light_present": 0,
    "vehicle_detected_flag": 1,
    "distanse": 20.12380027770996,
    "steer_sequence": [
        0.03219780698418617,
        0.1321978121995926,
        0.2321978062391281,
        0.33219781517982483,
        0.2321978062391281,
        0.33219781517982483,
        0.2321978062391281,
        0.33219781517982483,
        0.2321978062391281,
        0.33219781517982483,
        0.2321978062391281,
        0.33219781517982483,
        0.2321978062391281,
        0.1321978121995926,
        0.2321978062391281,
        0.1321978121995926,
        0.03219780698418617,
        -0.013920438475906849,
        0.08607956022024155,
        0.1489773988723755
    ],
    "throttle_sequence": [
        0.75,
        0.75,
        0.75,
        0.75,
        0.75,
        0.5056302547454834,
        0.14630232751369476,
        0.3088805079460144,
        0.75,
        0.75,
        0.75,
        0.75,
        0.75,
        0.0,
        0.0,
        0.4610513150691986,
        0.75,
        0.75,
        0.75,
        0.75
    ],
    "brake_sequence": [
        0.0,
        0.0,
        0.0,
        0.0,
        0.0,
        0.0,
        0.0,
        0.0,
        0.0,
        0.0,
        0.0,
        0.0,
        0.0,
        0.05183672904968262,
        0.30000001192092896,
        0.0,
        0.0,
        0.0,
        0.0,
        0.0
    ],
    "speed_sequence": [
        6.425306797027588,
        6.308098793029785,
        6.277337551116943,
        6.296921253204346,
        6.338930130004883,
        6.4959001541137695,
        6.574692726135254,
        6.554624080657959,
        6.333177089691162,
        6.254432201385498,
        6.167918682098389,
        6.293650150299072,
        6.3771653175354,
        6.627499103546143,
        6.7594075202941895,
        6.49179220199585,
        6.286571979522705,
        6.17325496673584,
        6.172377109527588,
        6.235435485839844
    ],
    "light_sequence": [
        0.0,
        0.0,
        0.0,
        0.0,
        0.0,
        0.0,
        0.0,
        0.0,
        0.0,
        0.0,
        0.0,
        0.0,
        0.0,
        0.0,
        0.0,
        0.0,
        0.0,
        0.0,
        0.0,
        0.0
    ],
    "is_collision_event": false
}