{
    "timestamp": 110.20000164210796,
    "x": 88.41643524169922,
    "y": 301.83935546875,
    "speed": 6.041554131866547,
    "theta": 3.1415927410125732,
    "near_node_x": 88.4168701171875,
    "near_node_y": 308.330322265625,
    "near_command": 4,
    "far_node_x": 88.41778564453125,
    "far_node_y": 314.330322265625,
    "far_command": 4,
    "angle_near": -0.009585340703803277,
    "angle_far": -0.011940960664556188,
    "steer": -0.0005456297658383846,
    "throttle": 0.75,
    "brake": 0.0,
    "is_red_light_present": 0,
    "vehicle_detected_flag": 1,
    "distanse": 12.564962387084961,
    "steer_sequence": [
        7.214979268610477e-05,
        4.789761078427546e-05,
        0.00027001078706234694,
        -7.967652345541865e-05,
        7.218708196887746e-05,
        0.0001650119520490989,
        -6.153150752652436e-05,
        4.087415800313465e-05,
        1.5443447409779765e-05,
        8.873925253283232e-05,
        -0.001291715307161212,
        -0.00012458419951144606,
        -0.00024101854069158435,
        0.004343762062489986,
        -0.0021766130812466145,
        1.3152288374840282e-05,
        0.0010998627403751016,
        -0.0012910962104797363,
        7.05889833625406e-05,
        -0.0005152818630449474
    ],
    "throttle_sequence": [
        0.75,
        0.75,
        0.75,
        0.75,
        0.75,
        0.75,
        0.75,
        0.75,
        0.75,
        0.75,
        0.75,
        0.75,
        0.75,
        0.75,
        0.2076447755098343,
        0.0,
        0.0,
        0.3913416266441345,
        0.75,
        0.75
    ],
    "brake_sequence": [
        0.0,
        0.0,
        0.0,
        0.0,
        0.0,
        0.0,
        0.0,
        0.0,
        0.0,
        0.0,
        0.0,
        0.0,
        0.0,
        0.0,
        0.0,
        0.30000001192092896,
        0.30000001192092896,
        0.0,
        0.0,
        0.0
    ],
    "speed_sequence": [
        3.4055044651031494,
        3.6256768703460693,
        3.8478026390075684,
        4.068921089172363,
        4.287914752960205,
        4.504348278045654,
        4.718069076538086,
        4.92903995513916,
        5.13588809967041,
        5.300766468048096,
        5.444504261016846,
        5.433735370635986,
        5.436058044433594,
        5.947179317474365,
        6.641683101654053,
        7.029043674468994,
        6.924526214599609,
        6.574950218200684,
        6.271044731140137,
        6.084903240203857
    ],
    "light_sequence": [
        0.0,
        0.0,
        0.0,
        0.0,
        0.0,
        0.0,
        0.0,
        0.0,
        0.0,
        0.0,
        0.0,
        0.0,
        0.0,
        0.0,
        0.0,
        0.0,
        0.0,
        0.0,
        0.0,
        0.0
    ],
    "is_collision_event": false
}