{
    "timestamp": 114.60000170767307,
    "x": 84.33625030517578,
    "y": 323.4705505371094,
    "speed": 6.254431968548365,
    "theta": 3.989187002182007,
    "near_node_x": 77.64105987548828,
    "near_node_y": 326.5762023925781,
    "near_command": 4,
    "far_node_x": 71.64105987548828,
    "far_node_y": 326.572998046875,
    "far_command": 4,
    "angle_near": 16.55159817600281,
    "angle_far": 27.703673484624858,
    "steer": 0.33219781517982483,
    "throttle": 0.75,
    "brake": 0.0,
    "is_red_light_present": 0,
    "vehicle_detected_flag": 0,
    "distanse": 25,
    "steer_sequence": [
        0.0879361480474472,
        -0.012063850648701191,
        0.0879361480474472,
        0.024863319471478462,
        0.00694019952788949,
        0.10694020241498947,
        0.1321978121995926,
        0.2321978062391281,
        0.1321978121995926,
        0.2321978062391281,
        0.1321978121995926,
        0.03219780698418617,
        0.1321978121995926,
        0.2321978062391281,
        0.33219781517982483,
        0.2321978062391281,
        0.33219781517982483,
        0.2321978062391281,
        0.33219781517982483,
        0.2321978062391281
    ],
    "throttle_sequence": [
        0.75,
        0.75,
        0.75,
        0.75,
        0.75,
        0.75,
        0.75,
        0.5231795907020569,
        0.0,
        0.0,
        0.75,
        0.75,
        0.75,
        0.75,
        0.75,
        0.75,
        0.5056302547454834,
        0.14630232751369476,
        0.3088805079460144,
        0.75
    ],
    "brake_sequence": [
        0.0,
        0.0,
        0.0,
        0.0,
        0.0,
        0.0,
        0.0,
        0.0,
        0.30000001192092896,
        0.30000001192092896,
        0.0,
        0.0,
        0.0,
        0.0,
        0.0,
        0.0,
        0.0,
        0.0,
        0.0,
        0.0
    ],
    "speed_sequence": [
        5.005842685699463,
        5.115769863128662,
        5.087893486022949,
        5.100827217102051,
        5.130390644073486,
        5.582723617553711,
        6.320756912231445,
        6.822546005249023,
        7.059854984283447,
        7.052987098693848,
        6.677595615386963,
        6.425306797027588,
        6.308098793029785,
        6.277337551116943,
        6.296921253204346,
        6.338930130004883,
        6.4959001541137695,
        6.574692726135254,
        6.554624080657959,
        6.333177089691162
    ],
    "light_sequence": [
        0.0,
        0.0,
        0.0,
        0.0,
        0.0,
        0.0,
        0.0,
        0.0,
        0.0,
        0.0,
        0.0,
        0.0,
        0.0,
        0.0,
        0.0,
        0.0,
        0.0,
        0.0,
        0.0,
        0.0
    ],
    "is_collision_event": false
}