{
    "timestamp": 112.50000167638063,
    "x": 88.41754913330078,
    "y": 311.8173828125,
    "speed": 4.795872484304625,
    "theta": 3.1415927410125732,
    "near_node_x": 88.4182357788086,
    "near_node_y": 317.30029296875,
    "near_command": 4,
    "far_node_x": 87.94644927978516,
    "far_node_y": 320.4418640136719,
    "far_command": 2,
    "angle_near": -0.002034738734219479,
    "angle_far": 3.131732823768128,
    "steer": -8.444846025668085e-05,
    "throttle": 0.75,
    "brake": 0.0,
    "is_red_light_present": 0,
    "vehicle_detected_flag": 0,
    "distanse": 25,
    "steer_sequence": [
        0.0,
        0.0,
        0.0,
        0.0,
        0.0,
        0.0,
        0.0,
        -0.002308066003024578,
        0.0005459499079734087,
        -0.0007232025382108986,
        -0.0002812515594996512,
        -8.404750406043604e-05,
        -0.0002758640330284834,
        -0.00013468509132508188,
        -0.00014754623407498002,
        -0.0002319301274837926,
        2.5485838705208153e-05,
        -0.00011458273365860805,
        -4.2737334297271445e-05,
        9.098308510147035e-06
    ],
    "throttle_sequence": [
        0.0,
        0.0,
        0.0,
        0.0,
        0.0,
        0.0,
        0.0,
        0.75,
        0.75,
        0.75,
        0.75,
        0.75,
        0.75,
        0.75,
        0.75,
        0.75,
        0.75,
        0.75,
        0.75,
        0.75
    ],
    "brake_sequence": [
        0.5,
        0.5,
        0.5,
        0.5,
        0.5,
        0.5,
        0.5,
        0.0,
        0.0,
        0.0,
        0.0,
        0.0,
        0.0,
        0.0,
        0.0,
        0.0,
        0.0,
        0.0,
        0.0,
        0.0
    ],
    "speed_sequence": [
        6.425618648529053,
        6.444590091705322,
        6.155111789703369,
        5.810398578643799,
        5.269592761993408,
        4.268525123596191,
        3.474654197692871,
        2.8574576377868652,
        2.5511929988861084,
        2.5243911743164062,
        2.6493966579437256,
        2.845738410949707,
        3.053384304046631,
        3.265796661376953,
        3.483721971511841,
        3.7061049938201904,
        3.928654432296753,
        4.149386882781982,
        4.367620468139648,
        4.583132743835449
    ],
    "light_sequence": [
        0.0,
        0.0,
        0.0,
        0.0,
        0.0,
        0.0,
        0.0,
        0.0,
        0.0,
        0.0,
        0.0,
        0.0,
        0.0,
        0.0,
        0.0,
        0.0,
        0.0,
        0.0,
        0.0,
        0.0
    ],
    "is_collision_event": false
}