{
    "timestamp": 116.0000017285347,
    "x": 75.78736877441406,
    "y": 325.9154052734375,
    "speed": 6.639240714483568,
    "theta": 4.6252031326293945,
    "near_node_x": 67.64105987548828,
    "near_node_y": 326.57086181640625,
    "near_command": 4,
    "far_node_x": 61.64106369018555,
    "far_node_y": 326.567626953125,
    "far_command": 4,
    "angle_near": 0.3952638397082641,
    "angle_far": 2.355626286445119,
    "steer": 0.04369166120886803,
    "throttle": 0.1156732514500618,
    "brake": 0.0,
    "is_red_light_present": 0,
    "vehicle_detected_flag": 1,
    "distanse": 20.559324264526367,
    "steer_sequence": [
        0.33219781517982483,
        0.2321978062391281,
        0.33219781517982483,
        0.2321978062391281,
        0.33219781517982483,
        0.2321978062391281,
        0.33219781517982483,
        0.2321978062391281,
        0.33219781517982483,
        0.2321978062391281,
        0.1321978121995926,
        0.2321978062391281,
        0.1321978121995926,
        0.03219780698418617,
        -0.013920438475906849,
        0.08607956022024155,
        0.1489773988723755,
        0.19762204587459564,
        0.09762204438447952,
        -0.00237795221619308
    ],
    "throttle_sequence": [
        0.75,
        0.75,
        0.5056302547454834,
        0.14630232751369476,
        0.3088805079460144,
        0.75,
        0.75,
        0.75,
        0.75,
        0.75,
        0.0,
        0.0,
        0.4610513150691986,
        0.75,
        0.75,
        0.75,
        0.75,
        0.75,
        0.40718963742256165,
        0.0
    ],
    "brake_sequence": [
        0.0,
        0.0,
        0.0,
        0.0,
        0.0,
        0.0,
        0.0,
        0.0,
        0.0,
        0.0,
        0.05183672904968262,
        0.30000001192092896,
        0.0,
        0.0,
        0.0,
        0.0,
        0.0,
        0.0,
        0.0,
        0.19325421750545502
    ],
    "speed_sequence": [
        6.296921253204346,
        6.338930130004883,
        6.4959001541137695,
        6.574692726135254,
        6.554624080657959,
        6.333177089691162,
        6.254432201385498,
        6.167918682098389,
        6.293650150299072,
        6.3771653175354,
        6.627499103546143,
        6.7594075202941895,
        6.49179220199585,
        6.286571979522705,
        6.17325496673584,
        6.172377109527588,
        6.235435485839844,
        6.361125469207764,
        6.526237964630127,
        6.712460517883301
    ],
    "light_sequence": [
        0.0,
        0.0,
        0.0,
        0.0,
        0.0,
        0.0,
        0.0,
        0.0,
        0.0,
        0.0,
        0.0,
        0.0,
        0.0,
        0.0,
        0.0,
        0.0,
        0.0,
        0.0,
        0.0,
        0.0
    ],
    "is_collision_event": false
}