{
    "timestamp": 114.40000170469284,
    "x": 85.27875518798828,
    "y": 322.6266784667969,
    "speed": 6.554624270180332,
    "theta": 3.835862159729004,
    "near_node_x": 79.64105987548828,
    "near_node_y": 326.5772705078125,
    "near_command": 4,
    "far_node_x": 73.64105987548828,
    "far_node_y": 326.5740661621094,
    "far_command": 4,
    "angle_near": 15.200614185965996,
    "angle_far": 31.484895174291463,
    "steer": 0.33219781517982483,
    "throttle": 0.3088805079460144,
    "brake": 0.0,
    "is_red_light_present": 0,
    "vehicle_detected_flag": 0,
    "distanse": 25,
    "steer_sequence": [
        9.098308510147035e-06,
        -8.444846025668085e-05,
        0.0879361480474472,
        -0.012063850648701191,
        0.0879361480474472,
        0.024863319471478462,
        0.00694019952788949,
        0.10694020241498947,
        0.1321978121995926,
        0.2321978062391281,
        0.1321978121995926,
        0.2321978062391281,
        0.1321978121995926,
        0.03219780698418617,
        0.1321978121995926,
        0.2321978062391281,
        0.33219781517982483,
        0.2321978062391281,
        0.33219781517982483,
        0.2321978062391281
    ],
    "throttle_sequence": [
        0.75,
        0.75,
        0.75,
        0.75,
        0.75,
        0.75,
        0.75,
        0.75,
        0.75,
        0.5231795907020569,
        0.0,
        0.0,
        0.75,
        0.75,
        0.75,
        0.75,
        0.75,
        0.75,
        0.5056302547454834,
        0.14630232751369476
    ],
    "brake_sequence": [
        0.0,
        0.0,
        0.0,
        0.0,
        0.0,
        0.0,
        0.0,
        0.0,
        0.0,
        0.0,
        0.30000001192092896,
        0.30000001192092896,
        0.0,
        0.0,
        0.0,
        0.0,
        0.0,
        0.0,
        0.0,
        0.0
    ],
    "speed_sequence": [
        4.583132743835449,
        4.795872688293457,
        5.005842685699463,
        5.115769863128662,
        5.087893486022949,
        5.100827217102051,
        5.130390644073486,
        5.582723617553711,
        6.320756912231445,
        6.822546005249023,
        7.059854984283447,
        7.052987098693848,
        6.677595615386963,
        6.425306797027588,
        6.308098793029785,
        6.277337551116943,
        6.296921253204346,
        6.338930130004883,
        6.4959001541137695,
        6.574692726135254
    ],
    "light_sequence": [
        0.0,
        0.0,
        0.0,
        0.0,
        0.0,
        0.0,
        0.0,
        0.0,
        0.0,
        0.0,
        0.0,
        0.0,
        0.0,
        0.0,
        0.0,
        0.0,
        0.0,
        0.0,
        0.0,
        0.0
    ],
    "is_collision_event": false
}