{
    "timestamp": 113.70000169426203,
    "x": 87.50604248046875,
    "y": 318.7813720703125,
    "speed": 6.425306751679028,
    "theta": 3.4454619884490967,
    "near_node_x": 85.17567443847656,
    "near_node_y": 324.61700439453125,
    "near_command": 2,
    "far_node_x": 80.80989074707031,
    "far_node_y": 326.5193176269531,
    "far_command": 2,
    "angle_near": 4.358093846772329,
    "angle_far": 23.461358298796856,
    "steer": 0.03219780698418617,
    "throttle": 0.75,
    "brake": 0.0,
    "is_red_light_present": 0,
    "vehicle_detected_flag": 0,
    "distanse": 25,
    "steer_sequence": [
        -0.0002758640330284834,
        -0.00013468509132508188,
        -0.00014754623407498002,
        -0.0002319301274837926,
        2.5485838705208153e-05,
        -0.00011458273365860805,
        -4.2737334297271445e-05,
        9.098308510147035e-06,
        -8.444846025668085e-05,
        0.0879361480474472,
        -0.012063850648701191,
        0.0879361480474472,
        0.024863319471478462,
        0.00694019952788949,
        0.10694020241498947,
        0.1321978121995926,
        0.2321978062391281,
        0.1321978121995926,
        0.2321978062391281,
        0.1321978121995926
    ],
    "throttle_sequence": [
        0.75,
        0.75,
        0.75,
        0.75,
        0.75,
        0.75,
        0.75,
        0.75,
        0.75,
        0.75,
        0.75,
        0.75,
        0.75,
        0.75,
        0.75,
        0.75,
        0.5231795907020569,
        0.0,
        0.0,
        0.75
    ],
    "brake_sequence": [
        0.0,
        0.0,
        0.0,
        0.0,
        0.0,
        0.0,
        0.0,
        0.0,
        0.0,
        0.0,
        0.0,
        0.0,
        0.0,
        0.0,
        0.0,
        0.0,
        0.0,
        0.30000001192092896,
        0.30000001192092896,
        0.0
    ],
    "speed_sequence": [
        3.053384304046631,
        3.265796661376953,
        3.483721971511841,
        3.7061049938201904,
        3.928654432296753,
        4.149386882781982,
        4.367620468139648,
        4.583132743835449,
        4.795872688293457,
        5.005842685699463,
        5.115769863128662,
        5.087893486022949,
        5.100827217102051,
        5.130390644073486,
        5.582723617553711,
        6.320756912231445,
        6.822546005249023,
        7.059854984283447,
        7.052987098693848,
        6.677595615386963
    ],
    "light_sequence": [
        0.0,
        0.0,
        0.0,
        0.0,
        0.0,
        0.0,
        0.0,
        0.0,
        0.0,
        0.0,
        0.0,
        0.0,
        0.0,
        0.0,
        0.0,
        0.0,
        0.0,
        0.0,
        0.0,
        0.0
    ],
    "is_collision_event": false
}