{
    "timestamp": 116.40000173449516,
    "x": 73.2713851928711,
    "y": 326.11163330078125,
    "speed": 6.158398098141621,
    "theta": 4.632399559020996,
    "near_node_x": 65.64105987548828,
    "near_node_y": 326.5697937011719,
    "near_command": 4,
    "far_node_x": 59.64106369018555,
    "far_node_y": 326.5665588378906,
    "far_command": 4,
    "angle_near": 1.1468846651235227,
    "angle_far": 2.6714714740023915,
    "steer": 0.1149168461561203,
    "throttle": 0.75,
    "brake": 0.0,
    "is_red_light_present": 0,
    "vehicle_detected_flag": 1,
    "distanse": 21.276023864746094,
    "steer_sequence": [
        0.33219781517982483,
        0.2321978062391281,
        0.33219781517982483,
        0.2321978062391281,
        0.33219781517982483,
        0.2321978062391281,
        0.1321978121995926,
        0.2321978062391281,
        0.1321978121995926,
        0.03219780698418617,
        -0.013920438475906849,
        0.08607956022024155,
        0.1489773988723755,
        0.19762204587459564,
        0.09762204438447952,
        -0.00237795221619308,
        0.04369166120886803,
        -0.05084465444087982,
        0.0011096819071099162,
        0.019310040399432182
    ],
    "throttle_sequence": [
        0.3088805079460144,
        0.75,
        0.75,
        0.75,
        0.75,
        0.75,
        0.0,
        0.0,
        0.4610513150691986,
        0.75,
        0.75,
        0.75,
        0.75,
        0.75,
        0.40718963742256165,
        0.0,
        0.1156732514500618,
        0.75,
        0.75,
        0.75
    ],
    "brake_sequence": [
        0.0,
        0.0,
        0.0,
        0.0,
        0.0,
        0.0,
        0.05183672904968262,
        0.30000001192092896,
        0.0,
        0.0,
        0.0,
        0.0,
        0.0,
        0.0,
        0.0,
        0.19325421750545502,
        0.0,
        0.0,
        0.0,
        0.0
    ],
    "speed_sequence": [
        6.554624080657959,
        6.333177089691162,
        6.254432201385498,
        6.167918682098389,
        6.293650150299072,
        6.3771653175354,
        6.627499103546143,
        6.7594075202941895,
        6.49179220199585,
        6.286571979522705,
        6.17325496673584,
        6.172377109527588,
        6.235435485839844,
        6.361125469207764,
        6.526237964630127,
        6.712460517883301,
        6.639240741729736,
        6.439914703369141,
        6.2176594734191895,
        6.128974437713623
    ],
    "light_sequence": [
        0.0,
        0.0,
        0.0,
        0.0,
        0.0,
        0.0,
        0.0,
        0.0,
        0.0,
        0.0,
        0.0,
        0.0,
        0.0,
        0.0,
        0.0,
        0.0,
        0.0,
        0.0,
        0.0,
        0.0
    ],
    "is_collision_event": false
}