{
    "timestamp": 114.00000169873238,
    "x": 86.8018798828125,
    "y": 320.5364990234375,
    "speed": 6.296921303742328,
    "theta": 3.542300224304199,
    "near_node_x": 82.38021087646484,
    "near_node_y": 326.1746826171875,
    "near_command": 2,
    "far_node_x": 77.64105987548828,
    "far_node_y": 326.5762023925781,
    "far_command": 4,
    "angle_near": 15.146019680235275,
    "angle_far": 33.64443009472531,
    "steer": 0.33219781517982483,
    "throttle": 0.75,
    "brake": 0.0,
    "is_red_light_present": 0,
    "vehicle_detected_flag": 0,
    "distanse": 25,
    "steer_sequence": [
        -0.0002319301274837926,
        2.5485838705208153e-05,
        -0.00011458273365860805,
        -4.2737334297271445e-05,
        9.098308510147035e-06,
        -8.444846025668085e-05,
        0.0879361480474472,
        -0.012063850648701191,
        0.0879361480474472,
        0.024863319471478462,
        0.00694019952788949,
        0.10694020241498947,
        0.1321978121995926,
        0.2321978062391281,
        0.1321978121995926,
        0.2321978062391281,
        0.1321978121995926,
        0.03219780698418617,
        0.1321978121995926,
        0.2321978062391281
    ],
    "throttle_sequence": [
        0.75,
        0.75,
        0.75,
        0.75,
        0.75,
        0.75,
        0.75,
        0.75,
        0.75,
        0.75,
        0.75,
        0.75,
        0.75,
        0.5231795907020569,
        0.0,
        0.0,
        0.75,
        0.75,
        0.75,
        0.75
    ],
    "brake_sequence": [
        0.0,
        0.0,
        0.0,
        0.0,
        0.0,
        0.0,
        0.0,
        0.0,
        0.0,
        0.0,
        0.0,
        0.0,
        0.0,
        0.0,
        0.30000001192092896,
        0.30000001192092896,
        0.0,
        0.0,
        0.0,
        0.0
    ],
    "speed_sequence": [
        3.7061049938201904,
        3.928654432296753,
        4.149386882781982,
        4.367620468139648,
        4.583132743835449,
        4.795872688293457,
        5.005842685699463,
        5.115769863128662,
        5.087893486022949,
        5.100827217102051,
        5.130390644073486,
        5.582723617553711,
        6.320756912231445,
        6.822546005249023,
        7.059854984283447,
        7.052987098693848,
        6.677595615386963,
        6.425306797027588,
        6.308098793029785,
        6.277337551116943
    ],
    "light_sequence": [
        0.0,
        0.0,
        0.0,
        0.0,
        0.0,
        0.0,
        0.0,
        0.0,
        0.0,
        0.0,
        0.0,
        0.0,
        0.0,
        0.0,
        0.0,
        0.0,
        0.0,
        0.0,
        0.0,
        0.0
    ],
    "is_collision_event": false
}