{
    "timestamp": 119.40000177919865,
    "x": 53.933319091796875,
    "y": 326.53814697265625,
    "speed": 6.605844604190918,
    "theta": 4.708466053009033,
    "near_node_x": 45.64106369018555,
    "near_node_y": 326.5590515136719,
    "near_command": 4,
    "far_node_x": 39.64107131958008,
    "far_node_y": 326.55584716796875,
    "far_command": 4,
    "angle_near": 0.08033578210974089,
    "angle_far": 0.1538187478021682,
    "steer": 0.007344882469624281,
    "throttle": 0.23928068578243256,
    "brake": 0.0,
    "is_red_light_present": 0,
    "vehicle_detected_flag": 0,
    "distanse": 25,
    "steer_sequence": [
        -0.031055347993969917,
        -0.006323809269815683,
        0.06163275986909866,
        -0.029257873073220253,
        -0.008902402594685555,
        0.048762835562229156,
        -0.020577644929289818,
        -0.004807535093277693,
        0.03451891988515854,
        -0.018397558480501175,
        0.0009302331600338221,
        0.02510647475719452,
        -0.014219509437680244,
        0.0002587178023532033,
        0.00848443154245615,
        0.008562170900404453,
        -0.007765776477754116,
        0.003599104704335332,
        0.011128944344818592,
        -0.008311566896736622
    ],
    "throttle_sequence": [
        0.75,
        0.39775654673576355,
        0.0,
        0.15907415747642517,
        0.75,
        0.75,
        0.75,
        0.75,
        0.75,
        0.643884003162384,
        0.0,
        0.0,
        0.5502699017524719,
        0.75,
        0.75,
        0.75,
        0.75,
        0.75,
        0.2819751799106598,
        0.0
    ],
    "brake_sequence": [
        0.0,
        0.0,
        0.14181406795978546,
        0.0,
        0.0,
        0.0,
        0.0,
        0.0,
        0.0,
        0.0,
        0.014292655512690544,
        0.2700689435005188,
        0.0,
        0.0,
        0.0,
        0.0,
        0.0,
        0.0,
        0.0,
        0.23884990811347961
    ],
    "speed_sequence": [
        6.3711137771606445,
        6.561983585357666,
        6.711281776428223,
        6.625673294067383,
        6.433043003082275,
        6.235650062561035,
        6.156087398529053,
        6.198232650756836,
        6.320481777191162,
        6.49341344833374,
        6.67612886428833,
        6.746810436248779,
        6.519086837768555,
        6.270086288452148,
        6.141826152801514,
        6.143596649169922,
        6.238005638122559,
        6.395824432373047,
        6.594412803649902,
        6.738375186920166
    ],
    "light_sequence": [
        0.0,
        0.0,
        0.0,
        0.0,
        0.0,
        0.0,
        0.0,
        0.0,
        0.0,
        0.0,
        0.0,
        0.0,
        0.0,
        0.0,
        0.0,
        0.0,
        0.0,
        0.0,
        0.0,
        0.0
    ],
    "is_collision_event": false
}