{
    "timestamp": 110.90000165253878,
    "x": 88.41661834716797,
    "y": 306.150390625,
    "speed": 5.269592883692488,
    "theta": 3.1411044597625732,
    "near_node_x": 88.41717529296875,
    "near_node_y": 310.330322265625,
    "near_command": 4,
    "far_node_x": 88.4182357788086,
    "far_node_y": 317.30029296875,
    "far_command": 4,
    "angle_near": 0.027197207125095855,
    "angle_far": 0.026519993772757464,
    "steer": 0.0,
    "throttle": 0.0,
    "brake": 0.5,
    "is_red_light_present": 0,
    "vehicle_detected_flag": 1,
    "distanse": 11.07166576385498,
    "steer_sequence": [
        4.087415800313465e-05,
        1.5443447409779765e-05,
        8.873925253283232e-05,
        -0.001291715307161212,
        -0.00012458419951144606,
        -0.00024101854069158435,
        0.004343762062489986,
        -0.0021766130812466145,
        1.3152288374840282e-05,
        0.0010998627403751016,
        -0.0012910962104797363,
        7.05889833625406e-05,
        -0.0005152818630449474,
        -0.0005456297658383846,
        -0.00033233192516490817,
        -0.00022103333321865648,
        0.0,
        0.0,
        0.0,
        0.0
    ],
    "throttle_sequence": [
        0.75,
        0.75,
        0.75,
        0.75,
        0.75,
        0.75,
        0.75,
        0.2076447755098343,
        0.0,
        0.0,
        0.3913416266441345,
        0.75,
        0.75,
        0.75,
        0.75,
        0.75,
        0.0,
        0.0,
        0.0,
        0.0
    ],
    "brake_sequence": [
        0.0,
        0.0,
        0.0,
        0.0,
        0.0,
        0.0,
        0.0,
        0.0,
        0.30000001192092896,
        0.30000001192092896,
        0.0,
        0.0,
        0.0,
        0.0,
        0.0,
        0.0,
        0.5,
        0.5,
        0.5,
        0.5
    ],
    "speed_sequence": [
        4.92903995513916,
        5.13588809967041,
        5.300766468048096,
        5.444504261016846,
        5.433735370635986,
        5.436058044433594,
        5.947179317474365,
        6.641683101654053,
        7.029043674468994,
        6.924526214599609,
        6.574950218200684,
        6.271044731140137,
        6.084903240203857,
        6.041553974151611,
        6.103941440582275,
        6.240252494812012,
        6.425618648529053,
        6.444590091705322,
        6.155111789703369,
        5.810398578643799
    ],
    "light_sequence": [
        0.0,
        0.0,
        0.0,
        0.0,
        0.0,
        0.0,
        0.0,
        0.0,
        0.0,
        0.0,
        0.0,
        0.0,
        0.0,
        0.0,
        0.0,
        0.0,
        0.0,
        0.0,
        0.0,
        0.0
    ],
    "is_collision_event": false
}