{
    "timestamp": 115.10000171512365,
    "x": 81.48365020751953,
    "y": 324.8876953125,
    "speed": 6.759407375192116,
    "theta": 4.3427734375,
    "near_node_x": 73.64105987548828,
    "near_node_y": 326.5740661621094,
    "near_command": 4,
    "far_node_x": 67.64105987548828,
    "far_node_y": 326.57086181640625,
    "far_command": 4,
    "angle_near": 9.042060805372525,
    "angle_far": 14.24468389471532,
    "steer": 0.2321978062391281,
    "throttle": 0.0,
    "brake": 0.30000001192092896,
    "is_red_light_present": 0,
    "vehicle_detected_flag": 0,
    "distanse": 25,
    "steer_sequence": [
        0.10694020241498947,
        0.1321978121995926,
        0.2321978062391281,
        0.1321978121995926,
        0.2321978062391281,
        0.1321978121995926,
        0.03219780698418617,
        0.1321978121995926,
        0.2321978062391281,
        0.33219781517982483,
        0.2321978062391281,
        0.33219781517982483,
        0.2321978062391281,
        0.33219781517982483,
        0.2321978062391281,
        0.33219781517982483,
        0.2321978062391281,
        0.33219781517982483,
        0.2321978062391281,
        0.1321978121995926
    ],
    "throttle_sequence": [
        0.75,
        0.75,
        0.5231795907020569,
        0.0,
        0.0,
        0.75,
        0.75,
        0.75,
        0.75,
        0.75,
        0.75,
        0.5056302547454834,
        0.14630232751369476,
        0.3088805079460144,
        0.75,
        0.75,
        0.75,
        0.75,
        0.75,
        0.0
    ],
    "brake_sequence": [
        0.0,
        0.0,
        0.0,
        0.30000001192092896,
        0.30000001192092896,
        0.0,
        0.0,
        0.0,
        0.0,
        0.0,
        0.0,
        0.0,
        0.0,
        0.0,
        0.0,
        0.0,
        0.0,
        0.0,
        0.0,
        0.05183672904968262
    ],
    "speed_sequence": [
        5.582723617553711,
        6.320756912231445,
        6.822546005249023,
        7.059854984283447,
        7.052987098693848,
        6.677595615386963,
        6.425306797027588,
        6.308098793029785,
        6.277337551116943,
        6.296921253204346,
        6.338930130004883,
        6.4959001541137695,
        6.574692726135254,
        6.554624080657959,
        6.333177089691162,
        6.254432201385498,
        6.167918682098389,
        6.293650150299072,
        6.3771653175354,
        6.627499103546143
    ],
    "light_sequence": [
        0.0,
        0.0,
        0.0,
        0.0,
        0.0,
        0.0,
        0.0,
        0.0,
        0.0,
        0.0,
        0.0,
        0.0,
        0.0,
        0.0,
        0.0,
        0.0,
        0.0,
        0.0,
        0.0,
        0.0
    ],
    "is_collision_event": false
}