{
    "timestamp": 111.80000166594982,
    "x": 88.41728973388672,
    "y": 308.9844055175781,
    "speed": 3.265796611786341,
    "theta": 3.1415927410125732,
    "near_node_x": 88.41778564453125,
    "near_node_y": 314.330322265625,
    "near_command": 4,
    "far_node_x": 88.32203674316406,
    "far_node_y": 318.8357238769531,
    "far_command": 2,
    "angle_near": -0.007421209984067403,
    "angle_far": 0.5518728778111478,
    "steer": -0.00013468509132508188,
    "throttle": 0.75,
    "brake": 0.0,
    "is_red_light_present": 0,
    "vehicle_detected_flag": 0,
    "distanse": 25,
    "steer_sequence": [
        0.0010998627403751016,
        -0.0012910962104797363,
        7.05889833625406e-05,
        -0.0005152818630449474,
        -0.0005456297658383846,
        -0.00033233192516490817,
        -0.00022103333321865648,
        0.0,
        0.0,
        0.0,
        0.0,
        0.0,
        0.0,
        0.0,
        -0.002308066003024578,
        0.0005459499079734087,
        -0.0007232025382108986,
        -0.0002812515594996512,
        -8.404750406043604e-05,
        -0.0002758640330284834
    ],
    "throttle_sequence": [
        0.0,
        0.3913416266441345,
        0.75,
        0.75,
        0.75,
        0.75,
        0.75,
        0.0,
        0.0,
        0.0,
        0.0,
        0.0,
        0.0,
        0.0,
        0.75,
        0.75,
        0.75,
        0.75,
        0.75,
        0.75
    ],
    "brake_sequence": [
        0.30000001192092896,
        0.0,
        0.0,
        0.0,
        0.0,
        0.0,
        0.0,
        0.5,
        0.5,
        0.5,
        0.5,
        0.5,
        0.5,
        0.5,
        0.0,
        0.0,
        0.0,
        0.0,
        0.0,
        0.0
    ],
    "speed_sequence": [
        6.924526214599609,
        6.574950218200684,
        6.271044731140137,
        6.084903240203857,
        6.041553974151611,
        6.103941440582275,
        6.240252494812012,
        6.425618648529053,
        6.444590091705322,
        6.155111789703369,
        5.810398578643799,
        5.269592761993408,
        4.268525123596191,
        3.474654197692871,
        2.8574576377868652,
        2.5511929988861084,
        2.5243911743164062,
        2.6493966579437256,
        2.845738410949707,
        3.053384304046631
    ],
    "light_sequence": [
        0.0,
        0.0,
        0.0,
        0.0,
        0.0,
        0.0,
        0.0,
        0.0,
        0.0,
        0.0,
        0.0,
        0.0,
        0.0,
        0.0,
        0.0,
        0.0,
        0.0,
        0.0,
        0.0,
        0.0
    ],
    "is_collision_event": false
}