{
    "timestamp": 118.40000176429749,
    "x": 60.40776824951172,
    "y": 326.50042724609375,
    "speed": 6.676128814983034,
    "theta": 4.702230453491211,
    "near_node_x": 53.64107131958008,
    "near_node_y": 326.5633544921875,
    "near_command": 4,
    "far_node_x": 47.64106369018555,
    "far_node_y": 326.5601501464844,
    "far_command": 4,
    "angle_near": 0.049240381409160136,
    "angle_far": 0.3140212181166666,
    "steer": 0.0009302331600338221,
    "throttle": 0.0,
    "brake": 0.014292655512690544,
    "is_red_light_present": 0,
    "vehicle_detected_flag": 1,
    "distanse": 24.5778865814209,
    "steer_sequence": [
        0.1149168461561203,
        0.01491684652864933,
        -0.08508315682411194,
        0.01491684652864933,
        0.07231677323579788,
        -0.02388976886868477,
        0.061165064573287964,
        -0.012541723437607288,
        -0.006087859161198139,
        0.06894464790821075,
        -0.031055347993969917,
        -0.006323809269815683,
        0.06163275986909866,
        -0.029257873073220253,
        -0.008902402594685555,
        0.048762835562229156,
        -0.020577644929289818,
        -0.004807535093277693,
        0.03451891988515854,
        -0.018397558480501175
    ],
    "throttle_sequence": [
        0.75,
        0.75,
        0.75,
        0.1859702616930008,
        0.0,
        0.33690500259399414,
        0.75,
        0.75,
        0.75,
        0.75,
        0.75,
        0.39775654673576355,
        0.0,
        0.15907415747642517,
        0.75,
        0.75,
        0.75,
        0.75,
        0.75,
        0.643884003162384
    ],
    "brake_sequence": [
        0.0,
        0.0,
        0.0,
        0.0,
        0.30000001192092896,
        0.0,
        0.0,
        0.0,
        0.0,
        0.0,
        0.0,
        0.0,
        0.14181406795978546,
        0.0,
        0.0,
        0.0,
        0.0,
        0.0,
        0.0,
        0.0
    ],
    "speed_sequence": [
        6.158398151397705,
        6.246816635131836,
        6.4263434410095215,
        6.617785453796387,
        6.758774757385254,
        6.5764007568359375,
        6.351431369781494,
        6.185122489929199,
        6.161818981170654,
        6.23754358291626,
        6.3711137771606445,
        6.561983585357666,
        6.711281776428223,
        6.625673294067383,
        6.433043003082275,
        6.235650062561035,
        6.156087398529053,
        6.198232650756836,
        6.320481777191162,
        6.49341344833374
    ],
    "light_sequence": [
        0.0,
        0.0,
        0.0,
        0.0,
        0.0,
        0.0,
        0.0,
        0.0,
        0.0,
        0.0,
        0.0,
        0.0,
        0.0,
        0.0,
        0.0,
        0.0,
        0.0,
        0.0,
        0.0,
        0.0
    ],
    "is_collision_event": false
}