{
    "timestamp": 121.90000181645155,
    "x": 37.86594009399414,
    "y": 326.5506286621094,
    "speed": 6.713697808115782,
    "theta": 4.71200704574585,
    "near_node_x": 29.641069412231445,
    "near_node_y": 326.5505065917969,
    "near_command": 4,
    "far_node_x": 23.641075134277344,
    "far_node_y": 326.5472717285156,
    "far_command": 4,
    "angle_near": 0.022742939652403763,
    "angle_far": 0.035413839929904024,
    "steer": 0.0016866057412698865,
    "throttle": 0.0,
    "brake": 0.1509532630443573,
    "is_red_light_present": 0,
    "vehicle_detected_flag": 1,
    "distanse": 23.704063415527344,
    "steer_sequence": [
        -0.0034339476842433214,
        0.0012823289725929499,
        0.005389748606830835,
        -0.0034003397449851036,
        0.0006889695068821311,
        0.005306214559823275,
        -0.0020877609495073557,
        0.0003499533631838858,
        0.0038951190654188395,
        -0.0018389095785096288,
        0.0005223191692493856,
        0.0031145119573920965,
        -0.001720866304822266,
        0.0005209753289818764,
        0.003085306379944086,
        -0.0009418718982487917,
        0.0002999390126205981,
        0.0011127799516543746,
        0.0012087543727830052,
        -0.0007070736610330641
    ],
    "throttle_sequence": [
        0.75,
        0.46493011713027954,
        0.0,
        0.03659116476774216,
        0.7243067622184753,
        0.75,
        0.75,
        0.75,
        0.75,
        0.75,
        0.3393939435482025,
        0.0,
        0.1828756183385849,
        0.75,
        0.75,
        0.75,
        0.75,
        0.75,
        0.5797922611236572,
        0.0
    ],
    "brake_sequence": [
        0.0,
        0.0,
        0.09599378705024719,
        0.0,
        0.0,
        0.0,
        0.0,
        0.0,
        0.0,
        0.0,
        0.0,
        0.20171591639518738,
        0.0,
        0.0,
        0.0,
        0.0,
        0.0,
        0.0,
        0.0,
        0.03894178196787834
    ],
    "speed_sequence": [
        6.360194683074951,
        6.543537139892578,
        6.698578357696533,
        6.661577224731445,
        6.471256256103516,
        6.231553077697754,
        6.111252307891846,
        6.119301795959473,
        6.217808246612549,
        6.378355979919434,
        6.5789899826049805,
        6.728822708129883,
        6.622204303741455,
        6.421802997589111,
        6.228160858154297,
        6.161976337432861,
        6.208495140075684,
        6.333765506744385,
        6.511817455291748,
        6.6829094886779785
    ],
    "light_sequence": [
        0.0,
        0.0,
        0.0,
        0.0,
        0.0,
        0.0,
        0.0,
        0.0,
        0.0,
        0.0,
        0.0,
        0.0,
        0.0,
        0.0,
        0.0,
        0.0,
        0.0,
        0.0,
        0.0,
        0.0
    ],
    "is_collision_event": false
}