{
    "timestamp": 121.6000018119812,
    "x": 39.85142135620117,
    "y": 326.55084228515625,
    "speed": 6.333765476533913,
    "theta": 4.71175479888916,
    "near_node_x": 33.64107131958008,
    "near_node_y": 326.5526428222656,
    "near_command": 4,
    "far_node_x": 27.64107322692871,
    "far_node_y": 326.5494079589844,
    "far_command": 4,
    "angle_near": 0.019747425237607193,
    "angle_far": 0.04308934161222036,
    "steer": 0.0011127799516543746,
    "throttle": 0.75,
    "brake": 0.0,
    "is_red_light_present": 0,
    "vehicle_detected_flag": 1,
    "distanse": 23.390981674194336,
    "steer_sequence": [
        -0.0010961218504235148,
        0.0022137544583529234,
        0.00527001079171896,
        -0.0034339476842433214,
        0.0012823289725929499,
        0.005389748606830835,
        -0.0034003397449851036,
        0.0006889695068821311,
        0.005306214559823275,
        -0.0020877609495073557,
        0.0003499533631838858,
        0.0038951190654188395,
        -0.0018389095785096288,
        0.0005223191692493856,
        0.0031145119573920965,
        -0.001720866304822266,
        0.0005209753289818764,
        0.003085306379944086,
        -0.0009418718982487917,
        0.0002999390126205981
    ],
    "throttle_sequence": [
        0.75,
        0.75,
        0.75,
        0.75,
        0.46493011713027954,
        0.0,
        0.03659116476774216,
        0.7243067622184753,
        0.75,
        0.75,
        0.75,
        0.75,
        0.75,
        0.3393939435482025,
        0.0,
        0.1828756183385849,
        0.75,
        0.75,
        0.75,
        0.75
    ],
    "brake_sequence": [
        0.0,
        0.0,
        0.0,
        0.0,
        0.0,
        0.09599378705024719,
        0.0,
        0.0,
        0.0,
        0.0,
        0.0,
        0.0,
        0.0,
        0.0,
        0.20171591639518738,
        0.0,
        0.0,
        0.0,
        0.0,
        0.0
    ],
    "speed_sequence": [
        6.217916011810303,
        6.1685590744018555,
        6.226841449737549,
        6.360194683074951,
        6.543537139892578,
        6.698578357696533,
        6.661577224731445,
        6.471256256103516,
        6.231553077697754,
        6.111252307891846,
        6.119301795959473,
        6.217808246612549,
        6.378355979919434,
        6.5789899826049805,
        6.728822708129883,
        6.622204303741455,
        6.421802997589111,
        6.228160858154297,
        6.161976337432861,
        6.208495140075684
    ],
    "light_sequence": [
        0.0,
        0.0,
        0.0,
        0.0,
        0.0,
        0.0,
        0.0,
        0.0,
        0.0,
        0.0,
        0.0,
        0.0,
        0.0,
        0.0,
        0.0,
        0.0,
        0.0,
        0.0,
        0.0,
        0.0
    ],
    "is_collision_event": false
}