{
    "timestamp": 123.70000184327364,
    "x": 26.27589988708496,
    "y": 326.5460510253906,
    "speed": 6.509988664343283,
    "theta": 4.712388515472412,
    "near_node_x": 19.64108657836914,
    "near_node_y": 326.5451354980469,
    "near_command": 4,
    "far_node_x": 13.641070365905762,
    "far_node_y": 326.54193115234375,
    "far_command": 4,
    "angle_near": 0.007955786060953554,
    "angle_far": 0.018732221740014616,
    "steer": 0.00014954674406908453,
    "throttle": 0.5844869017601013,
    "brake": 0.0,
    "is_red_light_present": 0,
    "vehicle_detected_flag": 0,
    "distanse": 25,
    "steer_sequence": [
        0.0012087543727830052,
        -0.0007070736610330641,
        0.0016866057412698865,
        -0.00018281253869645298,
        0.0003713757614605129,
        0.001038864254951477,
        0.0012152488343417645,
        -0.0003555231378413737,
        0.000473043997772038,
        0.0013900904450565577,
        -0.0004905148525722325,
        0.00020449455769266933,
        0.0015675134491175413,
        8.945212175603956e-05,
        0.0003713106852956116,
        0.0013868086971342564,
        -0.00030411084298975766,
        0.00031682581175118685,
        0.0012368630850687623,
        -0.00032482336973771453
    ],
    "throttle_sequence": [
        0.5797922611236572,
        0.0,
        0.0,
        0.6323045492172241,
        0.75,
        0.75,
        0.75,
        0.75,
        0.75,
        0.3559623956680298,
        0.0,
        0.16724936664104462,
        0.75,
        0.75,
        0.75,
        0.75,
        0.75,
        0.6190293431282043,
        0.0,
        0.0
    ],
    "brake_sequence": [
        0.0,
        0.03894178196787834,
        0.1509532630443573,
        0.0,
        0.0,
        0.0,
        0.0,
        0.0,
        0.0,
        0.0,
        0.1878211498260498,
        0.0,
        0.0,
        0.0,
        0.0,
        0.0,
        0.0,
        0.0,
        0.02465112693607807,
        0.22359995543956757
    ],
    "speed_sequence": [
        6.511817455291748,
        6.6829094886779785,
        6.713697910308838,
        6.496732711791992,
        6.249852657318115,
        6.121243953704834,
        6.123218059539795,
        6.217595100402832,
        6.3754353523254395,
        6.574252128601074,
        6.724756240844727,
        6.626297473907471,
        6.427950859069824,
        6.2298970222473145,
        6.158743858337402,
        6.201658725738525,
        6.324496746063232,
        6.500996112823486,
        6.679019451141357,
        6.73388671875
    ],
    "light_sequence": [
        0.0,
        0.0,
        0.0,
        0.0,
        0.0,
        0.0,
        0.0,
        0.0,
        0.0,
        0.0,
        0.0,
        0.0,
        0.0,
        0.0,
        0.0,
        0.0,
        0.0,
        0.0,
        0.0,
        0.0
    ],
    "is_collision_event": false
}