{
    "timestamp": 120.80000180006027,
    "x": 45.00520324707031,
    "y": 326.5500793457031,
    "speed": 6.378355928108919,
    "theta": 4.711488246917725,
    "near_node_x": 37.641075134277344,
    "near_node_y": 326.5547790527344,
    "near_command": 4,
    "far_node_x": 31.641069412231445,
    "far_node_y": 326.55157470703125,
    "far_command": 4,
    "angle_near": 0.015052018065170043,
    "angle_far": 0.04520652859052713,
    "steer": -0.0018389095785096288,
    "throttle": 0.75,
    "brake": 0.0,
    "is_red_light_present": 0,
    "vehicle_detected_flag": 1,
    "distanse": 24.122312545776367,
    "steer_sequence": [
        0.00848443154245615,
        0.008562170900404453,
        -0.007765776477754116,
        0.003599104704335332,
        0.011128944344818592,
        -0.008311566896736622,
        0.007344882469624281,
        0.00014909749734215438,
        -0.0010961218504235148,
        0.0022137544583529234,
        0.00527001079171896,
        -0.0034339476842433214,
        0.0012823289725929499,
        0.005389748606830835,
        -0.0034003397449851036,
        0.0006889695068821311,
        0.005306214559823275,
        -0.0020877609495073557,
        0.0003499533631838858,
        0.0038951190654188395
    ],
    "throttle_sequence": [
        0.75,
        0.75,
        0.75,
        0.75,
        0.2819751799106598,
        0.0,
        0.23928068578243256,
        0.75,
        0.75,
        0.75,
        0.75,
        0.75,
        0.46493011713027954,
        0.0,
        0.03659116476774216,
        0.7243067622184753,
        0.75,
        0.75,
        0.75,
        0.75
    ],
    "brake_sequence": [
        0.0,
        0.0,
        0.0,
        0.0,
        0.0,
        0.23884990811347961,
        0.0,
        0.0,
        0.0,
        0.0,
        0.0,
        0.0,
        0.0,
        0.09599378705024719,
        0.0,
        0.0,
        0.0,
        0.0,
        0.0,
        0.0
    ],
    "speed_sequence": [
        6.141826152801514,
        6.143596649169922,
        6.238005638122559,
        6.395824432373047,
        6.594412803649902,
        6.738375186920166,
        6.605844497680664,
        6.396408557891846,
        6.217916011810303,
        6.1685590744018555,
        6.226841449737549,
        6.360194683074951,
        6.543537139892578,
        6.698578357696533,
        6.661577224731445,
        6.471256256103516,
        6.231553077697754,
        6.111252307891846,
        6.119301795959473,
        6.217808246612549
    ],
    "light_sequence": [
        0.0,
        0.0,
        0.0,
        0.0,
        0.0,
        0.0,
        0.0,
        0.0,
        0.0,
        0.0,
        0.0,
        0.0,
        0.0,
        0.0,
        0.0,
        0.0,
        0.0,
        0.0,
        0.0,
        0.0
    ],
    "is_collision_event": false
}