{
    "timestamp": 122.60000182688236,
    "x": 33.42577362060547,
    "y": 326.5491027832031,
    "speed": 6.574251904591881,
    "theta": 4.712102890014648,
    "near_node_x": 25.64107894897461,
    "near_node_y": 326.54833984375,
    "near_command": 4,
    "far_node_x": 19.64108657836914,
    "far_node_y": 326.5451354980469,
    "far_command": 4,
    "angle_near": 0.02203004258854216,
    "angle_far": 0.03290470837267436,
    "steer": 0.0013900904450565577,
    "throttle": 0.3559623956680298,
    "brake": 0.0,
    "is_red_light_present": 0,
    "vehicle_detected_flag": 1,
    "distanse": 21.894763946533203,
    "steer_sequence": [
        0.0003499533631838858,
        0.0038951190654188395,
        -0.0018389095785096288,
        0.0005223191692493856,
        0.0031145119573920965,
        -0.001720866304822266,
        0.0005209753289818764,
        0.003085306379944086,
        -0.0009418718982487917,
        0.0002999390126205981,
        0.0011127799516543746,
        0.0012087543727830052,
        -0.0007070736610330641,
        0.0016866057412698865,
        -0.00018281253869645298,
        0.0003713757614605129,
        0.001038864254951477,
        0.0012152488343417645,
        -0.0003555231378413737,
        0.000473043997772038
    ],
    "throttle_sequence": [
        0.75,
        0.75,
        0.75,
        0.3393939435482025,
        0.0,
        0.1828756183385849,
        0.75,
        0.75,
        0.75,
        0.75,
        0.75,
        0.5797922611236572,
        0.0,
        0.0,
        0.6323045492172241,
        0.75,
        0.75,
        0.75,
        0.75,
        0.75
    ],
    "brake_sequence": [
        0.0,
        0.0,
        0.0,
        0.0,
        0.20171591639518738,
        0.0,
        0.0,
        0.0,
        0.0,
        0.0,
        0.0,
        0.0,
        0.03894178196787834,
        0.1509532630443573,
        0.0,
        0.0,
        0.0,
        0.0,
        0.0,
        0.0
    ],
    "speed_sequence": [
        6.119301795959473,
        6.217808246612549,
        6.378355979919434,
        6.5789899826049805,
        6.728822708129883,
        6.622204303741455,
        6.421802997589111,
        6.228160858154297,
        6.161976337432861,
        6.208495140075684,
        6.333765506744385,
        6.511817455291748,
        6.6829094886779785,
        6.713697910308838,
        6.496732711791992,
        6.249852657318115,
        6.121243953704834,
        6.123218059539795,
        6.217595100402832,
        6.3754353523254395
    ],
    "light_sequence": [
        0.0,
        0.0,
        0.0,
        0.0,
        0.0,
        0.0,
        0.0,
        0.0,
        0.0,
        0.0,
        0.0,
        0.0,
        0.0,
        0.0,
        0.0,
        0.0,
        0.0,
        0.0,
        0.0,
        0.0
    ],
    "is_collision_event": false
}