{
    "timestamp": 122.50000182539225,
    "x": 34.077537536621094,
    "y": 326.54925537109375,
    "speed": 6.375435142371829,
    "theta": 4.712139129638672,
    "near_node_x": 27.64107322692871,
    "near_node_y": 326.5494079589844,
    "near_command": 4,
    "far_node_x": 21.641075134277344,
    "far_node_y": 326.54620361328125,
    "far_command": 4,
    "angle_near": 0.012966429272159869,
    "angle_far": 0.028384420799479518,
    "steer": 0.000473043997772038,
    "throttle": 0.75,
    "brake": 0.0,
    "is_red_light_present": 0,
    "vehicle_detected_flag": 1,
    "distanse": 22.379444122314453,
    "steer_sequence": [
        -0.0020877609495073557,
        0.0003499533631838858,
        0.0038951190654188395,
        -0.0018389095785096288,
        0.0005223191692493856,
        0.0031145119573920965,
        -0.001720866304822266,
        0.0005209753289818764,
        0.003085306379944086,
        -0.0009418718982487917,
        0.0002999390126205981,
        0.0011127799516543746,
        0.0012087543727830052,
        -0.0007070736610330641,
        0.0016866057412698865,
        -0.00018281253869645298,
        0.0003713757614605129,
        0.001038864254951477,
        0.0012152488343417645,
        -0.0003555231378413737
    ],
    "throttle_sequence": [
        0.75,
        0.75,
        0.75,
        0.75,
        0.3393939435482025,
        0.0,
        0.1828756183385849,
        0.75,
        0.75,
        0.75,
        0.75,
        0.75,
        0.5797922611236572,
        0.0,
        0.0,
        0.6323045492172241,
        0.75,
        0.75,
        0.75,
        0.75
    ],
    "brake_sequence": [
        0.0,
        0.0,
        0.0,
        0.0,
        0.0,
        0.20171591639518738,
        0.0,
        0.0,
        0.0,
        0.0,
        0.0,
        0.0,
        0.0,
        0.03894178196787834,
        0.1509532630443573,
        0.0,
        0.0,
        0.0,
        0.0,
        0.0
    ],
    "speed_sequence": [
        6.111252307891846,
        6.119301795959473,
        6.217808246612549,
        6.378355979919434,
        6.5789899826049805,
        6.728822708129883,
        6.622204303741455,
        6.421802997589111,
        6.228160858154297,
        6.161976337432861,
        6.208495140075684,
        6.333765506744385,
        6.511817455291748,
        6.6829094886779785,
        6.713697910308838,
        6.496732711791992,
        6.249852657318115,
        6.121243953704834,
        6.123218059539795,
        6.217595100402832
    ],
    "light_sequence": [
        0.0,
        0.0,
        0.0,
        0.0,
        0.0,
        0.0,
        0.0,
        0.0,
        0.0,
        0.0,
        0.0,
        0.0,
        0.0,
        0.0,
        0.0,
        0.0,
        0.0,
        0.0,
        0.0,
        0.0
    ],
    "is_collision_event": false
}