{
    "timestamp": 125.50000187009573,
    "x": 14.70654296875,
    "y": 326.52313232421875,
    "speed": 6.21255844140074,
    "theta": 4.723780155181885,
    "near_node_x": 8.325197219848633,
    "near_node_y": 326.4587707519531,
    "near_command": 4,
    "far_node_x": 4.350138187408447,
    "far_node_y": 324.2860107421875,
    "far_command": 4,
    "angle_near": -0.07480101171062149,
    "angle_far": 11.536702891436358,
    "steer": -0.00992554984986782,
    "throttle": 0.75,
    "brake": 0.0,
    "is_red_light_present": 0,
    "vehicle_detected_flag": 0,
    "distanse": 25,
    "steer_sequence": [
        0.0012368630850687623,
        -0.00032482336973771453,
        0.00014954674406908453,
        0.001447160611860454,
        0.0001995919010369107,
        0.00021807798475492746,
        0.0005827617715112865,
        0.0009934125700965524,
        -0.000369382236385718,
        0.0011145260650664568,
        -0.0001111239762394689,
        0.00020304399367887527,
        0.0010726333130151033,
        0.0008940748521126807,
        -0.0002793781168293208,
        0.0005773021257482469,
        0.0009631563443690538,
        -0.00030019154655747116,
        0.0631040632724762,
        -0.03689593821763992
    ],
    "throttle_sequence": [
        0.0,
        0.0,
        0.5844869017601013,
        0.75,
        0.75,
        0.75,
        0.75,
        0.75,
        0.2882065773010254,
        0.0,
        0.23250728845596313,
        0.75,
        0.75,
        0.75,
        0.75,
        0.75,
        0.4787238836288452,
        0.0,
        0.015880804508924484,
        0.7402408719062805
    ],
    "brake_sequence": [
        0.02465112693607807,
        0.22359995543956757,
        0.0,
        0.0,
        0.0,
        0.0,
        0.0,
        0.0,
        0.0,
        0.23588669300079346,
        0.0,
        0.0,
        0.0,
        0.0,
        0.0,
        0.0,
        0.0,
        0.08878446370363235,
        0.0,
        0.0
    ],
    "speed_sequence": [
        6.679019451141357,
        6.73388671875,
        6.509988784790039,
        6.263014793395996,
        6.136328220367432,
        6.1397199630737305,
        6.2350969314575195,
        6.393570423126221,
        6.592777252197266,
        6.737757205963135,
        6.60785436630249,
        6.39951753616333,
        6.219027519226074,
        6.167677879333496,
        6.224607467651367,
        6.357076168060303,
        6.539728164672852,
        6.696596145629883,
        6.667353630065918,
        6.464569568634033
    ],
    "light_sequence": [
        0.0,
        0.0,
        0.0,
        0.0,
        0.0,
        0.0,
        0.0,
        0.0,
        0.0,
        0.0,
        0.0,
        0.0,
        0.0,
        0.0,
        0.0,
        0.0,
        0.0,
        0.0,
        0.0,
        0.0
    ],
    "is_collision_event": false
}