{
    "timestamp": 127.10000189393759,
    "x": 5.500903606414795,
    "y": 323.2508239746094,
    "speed": 6.714701294452663,
    "theta": 5.505764961242676,
    "near_node_x": 2.009999990463257,
    "near_node_y": 317.60028076171875,
    "near_command": 4,
    "far_node_x": 2.0107834339141846,
    "far_node_y": 311.60028076171875,
    "far_command": 4,
    "angle_near": 12.835110265870522,
    "angle_far": 27.86637858849166,
    "steer": 0.20705576241016388,
    "throttle": 0.0,
    "brake": 0.30000001192092896,
    "is_red_light_present": 0,
    "vehicle_detected_flag": 0,
    "distanse": 25,
    "steer_sequence": [
        0.0009631563443690538,
        -0.00030019154655747116,
        0.0631040632724762,
        -0.03689593821763992,
        -0.00992554984986782,
        0.09007444977760315,
        0.06973477452993393,
        0.16973477602005005,
        0.07965132594108582,
        0.17965131998062134,
        0.18289576470851898,
        0.2828957736492157,
        0.18289576470851898,
        0.08289576321840286,
        0.18289576470851898,
        0.2828957736492157,
        0.3828957676887512,
        0.2828957736492157,
        0.3828957676887512,
        0.3070557713508606
    ],
    "throttle_sequence": [
        0.4787238836288452,
        0.0,
        0.015880804508924484,
        0.7402408719062805,
        0.75,
        0.75,
        0.75,
        0.75,
        0.75,
        0.6383132338523865,
        0.023274339735507965,
        0.0,
        0.75,
        0.75,
        0.75,
        0.75,
        0.75,
        0.75,
        0.75,
        0.3285481035709381
    ],
    "brake_sequence": [
        0.0,
        0.08878446370363235,
        0.0,
        0.0,
        0.0,
        0.0,
        0.0,
        0.0,
        0.0,
        0.0,
        0.0,
        0.1994560807943344,
        0.0,
        0.0,
        0.0,
        0.0,
        0.0,
        0.0,
        0.0,
        0.0
    ],
    "speed_sequence": [
        6.539728164672852,
        6.696596145629883,
        6.667353630065918,
        6.464569568634033,
        6.212558269500732,
        6.084149360656738,
        6.0647969245910645,
        6.157551288604736,
        6.273502826690674,
        6.488095760345459,
        6.643342971801758,
        6.700756549835205,
        6.405025005340576,
        6.19306755065918,
        6.103506088256836,
        6.0715508460998535,
        6.082086563110352,
        6.112852573394775,
        6.337094306945801,
        6.468441963195801
    ],
    "light_sequence": [
        0.0,
        0.0,
        0.0,
        0.0,
        0.0,
        0.0,
        0.0,
        0.0,
        0.0,
        0.0,
        0.0,
        0.0,
        0.0,
        0.0,
        0.0,
        0.0,
        0.0,
        0.0,
        0.0,
        0.0
    ],
    "is_collision_event": false
}