{
    "timestamp": 122.90000183135271,
    "x": 31.430545806884766,
    "y": 326.54852294921875,
    "speed": 6.427950708253635,
    "theta": 4.712185859680176,
    "near_node_x": 23.641075134277344,
    "near_node_y": 326.5472717285156,
    "near_command": 4,
    "far_node_x": 17.641075134277344,
    "far_node_y": 326.5440673828125,
    "far_command": 4,
    "angle_near": 0.020837039281569606,
    "angle_far": 0.03014668145371684,
    "steer": 0.0015675134491175413,
    "throttle": 0.75,
    "brake": 0.0,
    "is_red_light_present": 0,
    "vehicle_detected_flag": 1,
    "distanse": 20.68217658996582,
    "steer_sequence": [
        0.0005223191692493856,
        0.0031145119573920965,
        -0.001720866304822266,
        0.0005209753289818764,
        0.003085306379944086,
        -0.0009418718982487917,
        0.0002999390126205981,
        0.0011127799516543746,
        0.0012087543727830052,
        -0.0007070736610330641,
        0.0016866057412698865,
        -0.00018281253869645298,
        0.0003713757614605129,
        0.001038864254951477,
        0.0012152488343417645,
        -0.0003555231378413737,
        0.000473043997772038,
        0.0013900904450565577,
        -0.0004905148525722325,
        0.00020449455769266933
    ],
    "throttle_sequence": [
        0.3393939435482025,
        0.0,
        0.1828756183385849,
        0.75,
        0.75,
        0.75,
        0.75,
        0.75,
        0.5797922611236572,
        0.0,
        0.0,
        0.6323045492172241,
        0.75,
        0.75,
        0.75,
        0.75,
        0.75,
        0.3559623956680298,
        0.0,
        0.16724936664104462
    ],
    "brake_sequence": [
        0.0,
        0.20171591639518738,
        0.0,
        0.0,
        0.0,
        0.0,
        0.0,
        0.0,
        0.0,
        0.03894178196787834,
        0.1509532630443573,
        0.0,
        0.0,
        0.0,
        0.0,
        0.0,
        0.0,
        0.0,
        0.1878211498260498,
        0.0
    ],
    "speed_sequence": [
        6.5789899826049805,
        6.728822708129883,
        6.622204303741455,
        6.421802997589111,
        6.228160858154297,
        6.161976337432861,
        6.208495140075684,
        6.333765506744385,
        6.511817455291748,
        6.6829094886779785,
        6.713697910308838,
        6.496732711791992,
        6.249852657318115,
        6.121243953704834,
        6.123218059539795,
        6.217595100402832,
        6.3754353523254395,
        6.574252128601074,
        6.724756240844727,
        6.626297473907471
    ],
    "light_sequence": [
        0.0,
        0.0,
        0.0,
        0.0,
        0.0,
        0.0,
        0.0,
        0.0,
        0.0,
        0.0,
        0.0,
        0.0,
        0.0,
        0.0,
        0.0,
        0.0,
        0.0,
        0.0,
        0.0,
        0.0
    ],
    "is_collision_event": false
}