{
    "timestamp": 126.10000187903643,
    "x": 10.953831672668457,
    "y": 326.2253112792969,
    "speed": 6.643342996952726,
    "theta": 4.849640369415283,
    "near_node_x": 4.350138187408447,
    "near_node_y": 324.2860107421875,
    "near_command": 4,
    "far_node_x": 2.1972827911376953,
    "far_node_y": 319.8962707519531,
    "far_command": 4,
    "angle_near": 8.501962849514683,
    "angle_far": 27.99465415953041,
    "steer": 0.18289576470851898,
    "throttle": 0.023274339735507965,
    "brake": 0.0,
    "is_red_light_present": 0,
    "vehicle_detected_flag": 0,
    "distanse": 25,
    "steer_sequence": [
        0.0005827617715112865,
        0.0009934125700965524,
        -0.000369382236385718,
        0.0011145260650664568,
        -0.0001111239762394689,
        0.00020304399367887527,
        0.0010726333130151033,
        0.0008940748521126807,
        -0.0002793781168293208,
        0.0005773021257482469,
        0.0009631563443690538,
        -0.00030019154655747116,
        0.0631040632724762,
        -0.03689593821763992,
        -0.00992554984986782,
        0.09007444977760315,
        0.06973477452993393,
        0.16973477602005005,
        0.07965132594108582,
        0.17965131998062134
    ],
    "throttle_sequence": [
        0.75,
        0.75,
        0.2882065773010254,
        0.0,
        0.23250728845596313,
        0.75,
        0.75,
        0.75,
        0.75,
        0.75,
        0.4787238836288452,
        0.0,
        0.015880804508924484,
        0.7402408719062805,
        0.75,
        0.75,
        0.75,
        0.75,
        0.75,
        0.6383132338523865
    ],
    "brake_sequence": [
        0.0,
        0.0,
        0.0,
        0.23588669300079346,
        0.0,
        0.0,
        0.0,
        0.0,
        0.0,
        0.0,
        0.0,
        0.08878446370363235,
        0.0,
        0.0,
        0.0,
        0.0,
        0.0,
        0.0,
        0.0,
        0.0
    ],
    "speed_sequence": [
        6.2350969314575195,
        6.393570423126221,
        6.592777252197266,
        6.737757205963135,
        6.60785436630249,
        6.39951753616333,
        6.219027519226074,
        6.167677879333496,
        6.224607467651367,
        6.357076168060303,
        6.539728164672852,
        6.696596145629883,
        6.667353630065918,
        6.464569568634033,
        6.212558269500732,
        6.084149360656738,
        6.0647969245910645,
        6.157551288604736,
        6.273502826690674,
        6.488095760345459
    ],
    "light_sequence": [
        0.0,
        0.0,
        0.0,
        0.0,
        0.0,
        0.0,
        0.0,
        0.0,
        0.0,
        0.0,
        0.0,
        0.0,
        0.0,
        0.0,
        0.0,
        0.0,
        0.0,
        0.0,
        0.0,
        0.0
    ],
    "is_collision_event": false
}