{
    "timestamp": 129.50000192970037,
    "x": 2.263805627822876,
    "y": 310.2625427246094,
    "speed": 4.900681049248117,
    "theta": 6.23559045791626,
    "near_node_x": 2.0118279457092285,
    "near_node_y": 303.60028076171875,
    "near_command": 4,
    "far_node_x": 2.0126113891601562,
    "far_node_y": 297.60028076171875,
    "far_command": 4,
    "angle_near": 0.5610495509877448,
    "angle_far": 1.5905516701381575,
    "steer": -0.011606629006564617,
    "throttle": 0.75,
    "brake": 0.0,
    "is_red_light_present": 0,
    "vehicle_detected_flag": 0,
    "distanse": 25,
    "steer_sequence": [
        0.10771007835865021,
        0.20771008729934692,
        0.21977820992469788,
        0.11977820843458176,
        0.07607186585664749,
        0.1760718673467636,
        0.1580505669116974,
        0.06277589499950409,
        0.07040131837129593,
        0.17040131986141205,
        0.07040131837129593,
        0.1300559639930725,
        0.03005596064031124,
        -0.05638870969414711,
        0.04361128807067871,
        0.08430995792150497,
        -0.008265908807516098,
        -0.011855133809149265,
        0.04070226475596428,
        0.08839336782693863
    ],
    "throttle_sequence": [
        0.75,
        0.75,
        0.75,
        0.75,
        0.75,
        0.75,
        0.75,
        0.75,
        0.75,
        0.75,
        0.75,
        0.0,
        0.0,
        0.0,
        0.75,
        0.75,
        0.75,
        0.75,
        0.75,
        0.75
    ],
    "brake_sequence": [
        0.0,
        0.0,
        0.0,
        0.0,
        0.0,
        0.0,
        0.0,
        0.0,
        0.0,
        0.0,
        0.0,
        0.30000001192092896,
        0.30000001192092896,
        0.30000001192092896,
        0.0,
        0.0,
        0.0,
        0.0,
        0.0,
        0.0
    ],
    "speed_sequence": [
        5.580305576324463,
        5.056742191314697,
        4.8103485107421875,
        4.814488887786865,
        4.98739767074585,
        5.216516494750977,
        5.170928001403809,
        5.175082683563232,
        5.233609676361084,
        5.380123138427734,
        6.190131664276123,
        6.790889739990234,
        6.992429256439209,
        6.804944038391113,
        6.424911975860596,
        6.143014430999756,
        6.120039463043213,
        5.274444103240967,
        4.901264667510986,
        4.824851989746094
    ],
    "light_sequence": [
        0.0,
        0.0,
        0.0,
        0.0,
        0.0,
        0.0,
        0.0,
        0.0,
        0.0,
        0.0,
        0.0,
        0.0,
        0.0,
        0.0,
        0.0,
        0.0,
        0.0,
        0.0,
        0.0,
        0.0
    ],
    "is_collision_event": false
}