{
    "timestamp": 124.20000185072422,
    "x": 23.142494201660156,
    "y": 326.5444030761719,
    "speed": 6.393570654453102,
    "theta": 4.712250709533691,
    "near_node_x": 15.641074180603027,
    "near_node_y": 326.5429992675781,
    "near_command": 4,
    "far_node_x": 10.01107120513916,
    "far_node_y": 326.53997802734375,
    "far_command": 4,
    "angle_near": 0.018653948058828085,
    "angle_far": 0.02723929724411736,
    "steer": 0.0009934125700965524,
    "throttle": 0.75,
    "brake": 0.0,
    "is_red_light_present": 0,
    "vehicle_detected_flag": 0,
    "distanse": 25,
    "steer_sequence": [
        0.001038864254951477,
        0.0012152488343417645,
        -0.0003555231378413737,
        0.000473043997772038,
        0.0013900904450565577,
        -0.0004905148525722325,
        0.00020449455769266933,
        0.0015675134491175413,
        8.945212175603956e-05,
        0.0003713106852956116,
        0.0013868086971342564,
        -0.00030411084298975766,
        0.00031682581175118685,
        0.0012368630850687623,
        -0.00032482336973771453,
        0.00014954674406908453,
        0.001447160611860454,
        0.0001995919010369107,
        0.00021807798475492746,
        0.0005827617715112865
    ],
    "throttle_sequence": [
        0.75,
        0.75,
        0.75,
        0.75,
        0.3559623956680298,
        0.0,
        0.16724936664104462,
        0.75,
        0.75,
        0.75,
        0.75,
        0.75,
        0.6190293431282043,
        0.0,
        0.0,
        0.5844869017601013,
        0.75,
        0.75,
        0.75,
        0.75
    ],
    "brake_sequence": [
        0.0,
        0.0,
        0.0,
        0.0,
        0.0,
        0.1878211498260498,
        0.0,
        0.0,
        0.0,
        0.0,
        0.0,
        0.0,
        0.0,
        0.02465112693607807,
        0.22359995543956757,
        0.0,
        0.0,
        0.0,
        0.0,
        0.0
    ],
    "speed_sequence": [
        6.121243953704834,
        6.123218059539795,
        6.217595100402832,
        6.3754353523254395,
        6.574252128601074,
        6.724756240844727,
        6.626297473907471,
        6.427950859069824,
        6.2298970222473145,
        6.158743858337402,
        6.201658725738525,
        6.324496746063232,
        6.500996112823486,
        6.679019451141357,
        6.73388671875,
        6.509988784790039,
        6.263014793395996,
        6.136328220367432,
        6.1397199630737305,
        6.2350969314575195
    ],
    "light_sequence": [
        0.0,
        0.0,
        0.0,
        0.0,
        0.0,
        0.0,
        0.0,
        0.0,
        0.0,
        0.0,
        0.0,
        0.0,
        0.0,
        0.0,
        0.0,
        0.0,
        0.0,
        0.0,
        0.0,
        0.0
    ],
    "is_collision_event": false
}