{
    "timestamp": 127.70000190287828,
    "x": 3.731139659881592,
    "y": 320.2171936035156,
    "speed": 4.810348725783063,
    "theta": 5.860403060913086,
    "near_node_x": 2.0105223655700684,
    "near_node_y": 313.60028076171875,
    "near_command": 4,
    "far_node_x": 2.011305570602417,
    "far_node_y": 307.60028076171875,
    "far_command": 4,
    "angle_near": 9.647609674443565,
    "angle_far": 16.46135968685825,
    "steer": 0.21977820992469788,
    "throttle": 0.75,
    "brake": 0.0,
    "is_red_light_present": 0,
    "vehicle_detected_flag": 0,
    "distanse": 25,
    "steer_sequence": [
        0.06973477452993393,
        0.16973477602005005,
        0.07965132594108582,
        0.17965131998062134,
        0.18289576470851898,
        0.2828957736492157,
        0.18289576470851898,
        0.08289576321840286,
        0.18289576470851898,
        0.2828957736492157,
        0.3828957676887512,
        0.2828957736492157,
        0.3828957676887512,
        0.3070557713508606,
        0.20705576241016388,
        0.3070557713508606,
        0.30771008133888245,
        0.20771008729934692,
        0.10771007835865021,
        0.20771008729934692
    ],
    "throttle_sequence": [
        0.75,
        0.75,
        0.75,
        0.6383132338523865,
        0.023274339735507965,
        0.0,
        0.75,
        0.75,
        0.75,
        0.75,
        0.75,
        0.75,
        0.75,
        0.3285481035709381,
        0.0,
        0.0,
        0.75,
        0.75,
        0.75,
        0.75
    ],
    "brake_sequence": [
        0.0,
        0.0,
        0.0,
        0.0,
        0.0,
        0.1994560807943344,
        0.0,
        0.0,
        0.0,
        0.0,
        0.0,
        0.0,
        0.0,
        0.0,
        0.30000001192092896,
        0.059774380177259445,
        0.0,
        0.0,
        0.0,
        0.0
    ],
    "speed_sequence": [
        6.0647969245910645,
        6.157551288604736,
        6.273502826690674,
        6.488095760345459,
        6.643342971801758,
        6.700756549835205,
        6.405025005340576,
        6.19306755065918,
        6.103506088256836,
        6.0715508460998535,
        6.082086563110352,
        6.112852573394775,
        6.337094306945801,
        6.468441963195801,
        6.714701175689697,
        6.648651599884033,
        6.326010227203369,
        6.16746187210083,
        5.580305576324463,
        5.056742191314697
    ],
    "light_sequence": [
        0.0,
        0.0,
        0.0,
        0.0,
        0.0,
        0.0,
        0.0,
        0.0,
        0.0,
        0.0,
        0.0,
        0.0,
        0.0,
        0.0,
        0.0,
        0.0,
        0.0,
        0.0,
        0.0,
        0.0
    ],
    "is_collision_event": false
}