{
    "timestamp": 128.90000192075968,
    "x": 2.4748339653015137,
    "y": 313.5164489746094,
    "speed": 6.4249118623680115,
    "theta": 6.1861653327941895,
    "near_node_x": 2.0115668773651123,
    "near_node_y": 305.60028076171875,
    "near_command": 4,
    "far_node_x": 2.012350082397461,
    "far_node_y": 299.60028076171875,
    "far_command": 4,
    "angle_near": 2.2096114545694205,
    "angle_far": 3.6553915854022674,
    "steer": 0.04361128807067871,
    "throttle": 0.75,
    "brake": 0.0,
    "is_red_light_present": 0,
    "vehicle_detected_flag": 0,
    "distanse": 25,
    "steer_sequence": [
        0.3828957676887512,
        0.3070557713508606,
        0.20705576241016388,
        0.3070557713508606,
        0.30771008133888245,
        0.20771008729934692,
        0.10771007835865021,
        0.20771008729934692,
        0.21977820992469788,
        0.11977820843458176,
        0.07607186585664749,
        0.1760718673467636,
        0.1580505669116974,
        0.06277589499950409,
        0.07040131837129593,
        0.17040131986141205,
        0.07040131837129593,
        0.1300559639930725,
        0.03005596064031124,
        -0.05638870969414711
    ],
    "throttle_sequence": [
        0.75,
        0.3285481035709381,
        0.0,
        0.0,
        0.75,
        0.75,
        0.75,
        0.75,
        0.75,
        0.75,
        0.75,
        0.75,
        0.75,
        0.75,
        0.75,
        0.75,
        0.75,
        0.0,
        0.0,
        0.0
    ],
    "brake_sequence": [
        0.0,
        0.0,
        0.30000001192092896,
        0.059774380177259445,
        0.0,
        0.0,
        0.0,
        0.0,
        0.0,
        0.0,
        0.0,
        0.0,
        0.0,
        0.0,
        0.0,
        0.0,
        0.0,
        0.30000001192092896,
        0.30000001192092896,
        0.30000001192092896
    ],
    "speed_sequence": [
        6.337094306945801,
        6.468441963195801,
        6.714701175689697,
        6.648651599884033,
        6.326010227203369,
        6.16746187210083,
        5.580305576324463,
        5.056742191314697,
        4.8103485107421875,
        4.814488887786865,
        4.98739767074585,
        5.216516494750977,
        5.170928001403809,
        5.175082683563232,
        5.233609676361084,
        5.380123138427734,
        6.190131664276123,
        6.790889739990234,
        6.992429256439209,
        6.804944038391113
    ],
    "light_sequence": [
        0.0,
        0.0,
        0.0,
        0.0,
        0.0,
        0.0,
        0.0,
        0.0,
        0.0,
        0.0,
        0.0,
        0.0,
        0.0,
        0.0,
        0.0,
        0.0,
        0.0,
        0.0,
        0.0,
        0.0
    ],
    "is_collision_event": false
}