{
    "timestamp": 120.30000179260969,
    "x": 48.127323150634766,
    "y": 326.5486145019531,
    "speed": 6.4712562573319605,
    "theta": 4.710846424102783,
    "near_node_x": 41.64107131958008,
    "near_node_y": 326.5569152832031,
    "near_command": 4,
    "far_node_x": 35.64107894897461,
    "far_node_y": 326.5537109375,
    "far_command": 4,
    "angle_near": 0.015067064001522619,
    "angle_far": 0.06500522792502708,
    "steer": 0.0006889695068821311,
    "throttle": 0.7243067622184753,
    "brake": 0.0,
    "is_red_light_present": 0,
    "vehicle_detected_flag": 0,
    "distanse": 25,
    "steer_sequence": [
        -0.018397558480501175,
        0.0009302331600338221,
        0.02510647475719452,
        -0.014219509437680244,
        0.0002587178023532033,
        0.00848443154245615,
        0.008562170900404453,
        -0.007765776477754116,
        0.003599104704335332,
        0.011128944344818592,
        -0.008311566896736622,
        0.007344882469624281,
        0.00014909749734215438,
        -0.0010961218504235148,
        0.0022137544583529234,
        0.00527001079171896,
        -0.0034339476842433214,
        0.0012823289725929499,
        0.005389748606830835,
        -0.0034003397449851036
    ],
    "throttle_sequence": [
        0.643884003162384,
        0.0,
        0.0,
        0.5502699017524719,
        0.75,
        0.75,
        0.75,
        0.75,
        0.75,
        0.2819751799106598,
        0.0,
        0.23928068578243256,
        0.75,
        0.75,
        0.75,
        0.75,
        0.75,
        0.46493011713027954,
        0.0,
        0.03659116476774216
    ],
    "brake_sequence": [
        0.0,
        0.014292655512690544,
        0.2700689435005188,
        0.0,
        0.0,
        0.0,
        0.0,
        0.0,
        0.0,
        0.0,
        0.23884990811347961,
        0.0,
        0.0,
        0.0,
        0.0,
        0.0,
        0.0,
        0.0,
        0.09599378705024719,
        0.0
    ],
    "speed_sequence": [
        6.49341344833374,
        6.67612886428833,
        6.746810436248779,
        6.519086837768555,
        6.270086288452148,
        6.141826152801514,
        6.143596649169922,
        6.238005638122559,
        6.395824432373047,
        6.594412803649902,
        6.738375186920166,
        6.605844497680664,
        6.396408557891846,
        6.217916011810303,
        6.1685590744018555,
        6.226841449737549,
        6.360194683074951,
        6.543537139892578,
        6.698578357696533,
        6.661577224731445
    ],
    "light_sequence": [
        0.0,
        0.0,
        0.0,
        0.0,
        0.0,
        0.0,
        0.0,
        0.0,
        0.0,
        0.0,
        0.0,
        0.0,
        0.0,
        0.0,
        0.0,
        0.0,
        0.0,
        0.0,
        0.0,
        0.0
    ],
    "is_collision_event": false
}