{
    "timestamp": 128.5000019147992,
    "x": 2.7544894218444824,
    "y": 316.1869201660156,
    "speed": 6.190131874937816,
    "theta": 6.097524642944336,
    "near_node_x": 2.011044502258301,
    "near_node_y": 309.60028076171875,
    "near_command": 4,
    "far_node_x": 2.0118279457092285,
    "far_node_y": 303.60028076171875,
    "far_command": 4,
    "angle_near": 4.197757872799398,
    "angle_far": 7.260809708773354,
    "steer": 0.07040131837129593,
    "throttle": 0.75,
    "brake": 0.0,
    "is_red_light_present": 0,
    "vehicle_detected_flag": 0,
    "distanse": 25,
    "steer_sequence": [
        0.18289576470851898,
        0.2828957736492157,
        0.3828957676887512,
        0.2828957736492157,
        0.3828957676887512,
        0.3070557713508606,
        0.20705576241016388,
        0.3070557713508606,
        0.30771008133888245,
        0.20771008729934692,
        0.10771007835865021,
        0.20771008729934692,
        0.21977820992469788,
        0.11977820843458176,
        0.07607186585664749,
        0.1760718673467636,
        0.1580505669116974,
        0.06277589499950409,
        0.07040131837129593,
        0.17040131986141205
    ],
    "throttle_sequence": [
        0.75,
        0.75,
        0.75,
        0.75,
        0.75,
        0.3285481035709381,
        0.0,
        0.0,
        0.75,
        0.75,
        0.75,
        0.75,
        0.75,
        0.75,
        0.75,
        0.75,
        0.75,
        0.75,
        0.75,
        0.75
    ],
    "brake_sequence": [
        0.0,
        0.0,
        0.0,
        0.0,
        0.0,
        0.0,
        0.30000001192092896,
        0.059774380177259445,
        0.0,
        0.0,
        0.0,
        0.0,
        0.0,
        0.0,
        0.0,
        0.0,
        0.0,
        0.0,
        0.0,
        0.0
    ],
    "speed_sequence": [
        6.103506088256836,
        6.0715508460998535,
        6.082086563110352,
        6.112852573394775,
        6.337094306945801,
        6.468441963195801,
        6.714701175689697,
        6.648651599884033,
        6.326010227203369,
        6.16746187210083,
        5.580305576324463,
        5.056742191314697,
        4.8103485107421875,
        4.814488887786865,
        4.98739767074585,
        5.216516494750977,
        5.170928001403809,
        5.175082683563232,
        5.233609676361084,
        5.380123138427734
    ],
    "light_sequence": [
        0.0,
        0.0,
        0.0,
        0.0,
        0.0,
        0.0,
        0.0,
        0.0,
        0.0,
        0.0,
        0.0,
        0.0,
        0.0,
        0.0,
        0.0,
        0.0,
        0.0,
        0.0,
        0.0,
        0.0
    ],
    "is_collision_event": false
}