{
    "timestamp": 126.30000188201666,
    "x": 9.667097091674805,
    "y": 325.8927917480469,
    "speed": 6.405025120741408,
    "theta": 4.961941719055176,
    "near_node_x": 3.389664888381958,
    "near_node_y": 322.9664306640625,
    "near_command": 4,
    "far_node_x": 2.009999990463257,
    "far_node_y": 317.60028076171875,
    "far_command": 4,
    "angle_near": 10.69525979025128,
    "angle_far": 32.98305077154593,
    "steer": 0.18289576470851898,
    "throttle": 0.75,
    "brake": 0.0,
    "is_red_light_present": 0,
    "vehicle_detected_flag": 0,
    "distanse": 25,
    "steer_sequence": [
        -0.000369382236385718,
        0.0011145260650664568,
        -0.0001111239762394689,
        0.00020304399367887527,
        0.0010726333130151033,
        0.0008940748521126807,
        -0.0002793781168293208,
        0.0005773021257482469,
        0.0009631563443690538,
        -0.00030019154655747116,
        0.0631040632724762,
        -0.03689593821763992,
        -0.00992554984986782,
        0.09007444977760315,
        0.06973477452993393,
        0.16973477602005005,
        0.07965132594108582,
        0.17965131998062134,
        0.18289576470851898,
        0.2828957736492157
    ],
    "throttle_sequence": [
        0.2882065773010254,
        0.0,
        0.23250728845596313,
        0.75,
        0.75,
        0.75,
        0.75,
        0.75,
        0.4787238836288452,
        0.0,
        0.015880804508924484,
        0.7402408719062805,
        0.75,
        0.75,
        0.75,
        0.75,
        0.75,
        0.6383132338523865,
        0.023274339735507965,
        0.0
    ],
    "brake_sequence": [
        0.0,
        0.23588669300079346,
        0.0,
        0.0,
        0.0,
        0.0,
        0.0,
        0.0,
        0.0,
        0.08878446370363235,
        0.0,
        0.0,
        0.0,
        0.0,
        0.0,
        0.0,
        0.0,
        0.0,
        0.0,
        0.1994560807943344
    ],
    "speed_sequence": [
        6.592777252197266,
        6.737757205963135,
        6.60785436630249,
        6.39951753616333,
        6.219027519226074,
        6.167677879333496,
        6.224607467651367,
        6.357076168060303,
        6.539728164672852,
        6.696596145629883,
        6.667353630065918,
        6.464569568634033,
        6.212558269500732,
        6.084149360656738,
        6.0647969245910645,
        6.157551288604736,
        6.273502826690674,
        6.488095760345459,
        6.643342971801758,
        6.700756549835205
    ],
    "light_sequence": [
        0.0,
        0.0,
        0.0,
        0.0,
        0.0,
        0.0,
        0.0,
        0.0,
        0.0,
        0.0,
        0.0,
        0.0,
        0.0,
        0.0,
        0.0,
        0.0,
        0.0,
        0.0,
        0.0,
        0.0
    ],
    "is_collision_event": false
}