{
    "timestamp": 124.60000185668468,
    "x": 20.49516487121582,
    "y": 326.5432434082031,
    "speed": 6.399517613496128,
    "theta": 4.712429046630859,
    "near_node_x": 13.641070365905762,
    "near_node_y": 326.54193115234375,
    "near_command": 4,
    "far_node_x": 8.325197219848633,
    "far_node_y": 326.4587707519531,
    "far_command": 4,
    "angle_near": 0.008679672248390835,
    "angle_far": 0.3953979724214328,
    "steer": 0.00020304399367887527,
    "throttle": 0.75,
    "brake": 0.0,
    "is_red_light_present": 0,
    "vehicle_detected_flag": 0,
    "distanse": 25,
    "steer_sequence": [
        0.0013900904450565577,
        -0.0004905148525722325,
        0.00020449455769266933,
        0.0015675134491175413,
        8.945212175603956e-05,
        0.0003713106852956116,
        0.0013868086971342564,
        -0.00030411084298975766,
        0.00031682581175118685,
        0.0012368630850687623,
        -0.00032482336973771453,
        0.00014954674406908453,
        0.001447160611860454,
        0.0001995919010369107,
        0.00021807798475492746,
        0.0005827617715112865,
        0.0009934125700965524,
        -0.000369382236385718,
        0.0011145260650664568,
        -0.0001111239762394689
    ],
    "throttle_sequence": [
        0.3559623956680298,
        0.0,
        0.16724936664104462,
        0.75,
        0.75,
        0.75,
        0.75,
        0.75,
        0.6190293431282043,
        0.0,
        0.0,
        0.5844869017601013,
        0.75,
        0.75,
        0.75,
        0.75,
        0.75,
        0.2882065773010254,
        0.0,
        0.23250728845596313
    ],
    "brake_sequence": [
        0.0,
        0.1878211498260498,
        0.0,
        0.0,
        0.0,
        0.0,
        0.0,
        0.0,
        0.0,
        0.02465112693607807,
        0.22359995543956757,
        0.0,
        0.0,
        0.0,
        0.0,
        0.0,
        0.0,
        0.0,
        0.23588669300079346,
        0.0
    ],
    "speed_sequence": [
        6.574252128601074,
        6.724756240844727,
        6.626297473907471,
        6.427950859069824,
        6.2298970222473145,
        6.158743858337402,
        6.201658725738525,
        6.324496746063232,
        6.500996112823486,
        6.679019451141357,
        6.73388671875,
        6.509988784790039,
        6.263014793395996,
        6.136328220367432,
        6.1397199630737305,
        6.2350969314575195,
        6.393570423126221,
        6.592777252197266,
        6.737757205963135,
        6.60785436630249
    ],
    "light_sequence": [
        0.0,
        0.0,
        0.0,
        0.0,
        0.0,
        0.0,
        0.0,
        0.0,
        0.0,
        0.0,
        0.0,
        0.0,
        0.0,
        0.0,
        0.0,
        0.0,
        0.0,
        0.0,
        0.0,
        0.0
    ],
    "is_collision_event": false
}