{
    "timestamp": 128.20000191032887,
    "x": 3.0547375679016113,
    "y": 317.7927551269531,
    "speed": 5.175082499472799,
    "theta": 6.022452354431152,
    "near_node_x": 2.0107834339141846,
    "near_node_y": 311.60028076171875,
    "near_command": 4,
    "far_node_x": 2.0115668773651123,
    "far_node_y": 305.60028076171875,
    "far_command": 4,
    "angle_near": 5.369731702500387,
    "angle_far": 10.0486892863364,
    "steer": 0.06277589499950409,
    "throttle": 0.75,
    "brake": 0.0,
    "is_red_light_present": 0,
    "vehicle_detected_flag": 0,
    "distanse": 25,
    "steer_sequence": [
        0.2828957736492157,
        0.18289576470851898,
        0.08289576321840286,
        0.18289576470851898,
        0.2828957736492157,
        0.3828957676887512,
        0.2828957736492157,
        0.3828957676887512,
        0.3070557713508606,
        0.20705576241016388,
        0.3070557713508606,
        0.30771008133888245,
        0.20771008729934692,
        0.10771007835865021,
        0.20771008729934692,
        0.21977820992469788,
        0.11977820843458176,
        0.07607186585664749,
        0.1760718673467636,
        0.1580505669116974
    ],
    "throttle_sequence": [
        0.0,
        0.75,
        0.75,
        0.75,
        0.75,
        0.75,
        0.75,
        0.75,
        0.3285481035709381,
        0.0,
        0.0,
        0.75,
        0.75,
        0.75,
        0.75,
        0.75,
        0.75,
        0.75,
        0.75,
        0.75
    ],
    "brake_sequence": [
        0.1994560807943344,
        0.0,
        0.0,
        0.0,
        0.0,
        0.0,
        0.0,
        0.0,
        0.0,
        0.30000001192092896,
        0.059774380177259445,
        0.0,
        0.0,
        0.0,
        0.0,
        0.0,
        0.0,
        0.0,
        0.0,
        0.0
    ],
    "speed_sequence": [
        6.700756549835205,
        6.405025005340576,
        6.19306755065918,
        6.103506088256836,
        6.0715508460998535,
        6.082086563110352,
        6.112852573394775,
        6.337094306945801,
        6.468441963195801,
        6.714701175689697,
        6.648651599884033,
        6.326010227203369,
        6.16746187210083,
        5.580305576324463,
        5.056742191314697,
        4.8103485107421875,
        4.814488887786865,
        4.98739767074585,
        5.216516494750977,
        5.170928001403809
    ],
    "light_sequence": [
        0.0,
        0.0,
        0.0,
        0.0,
        0.0,
        0.0,
        0.0,
        0.0,
        0.0,
        0.0,
        0.0,
        0.0,
        0.0,
        0.0,
        0.0,
        0.0,
        0.0,
        0.0,
        0.0,
        0.0
    ],
    "is_collision_event": false
}