{
    "timestamp": 134.40000200271606,
    "x": 2.0160903930664062,
    "y": 276.908447265625,
    "speed": 8.396585652526305,
    "theta": 0.0,
    "near_node_x": 2.0162670612335205,
    "near_node_y": 269.60028076171875,
    "near_command": 4,
    "far_node_x": 2.0170505046844482,
    "far_node_y": 263.60028076171875,
    "far_command": 4,
    "angle_near": 0.0003767090090824087,
    "angle_far": 0.0031252144628459355,
    "steer": -0.00026819741469807923,
    "throttle": 0.0,
    "brake": 0.1957778036594391,
    "is_red_light_present": 0,
    "vehicle_detected_flag": 0,
    "distanse": 25,
    "steer_sequence": [
        -0.00576270604506135,
        0.004581354092806578,
        -0.00048040138790383935,
        0.0005518890102393925,
        -2.205536475230474e-05,
        0.00014765701780561358,
        0.0021108936052769423,
        -0.0013542475644499063,
        0.0017208571080118418,
        -0.0003605925594456494,
        -0.0003539447207003832,
        0.001447472721338272,
        -0.0007071844302117825,
        0.0004146796418353915,
        7.555368938483298e-05,
        1.3077933544991538e-05,
        0.0006308419979177415,
        -0.0001862362987594679,
        0.0003607645630836487,
        4.36436603195034e-05
    ],
    "throttle_sequence": [
        0.7429595589637756,
        0.0,
        0.0,
        0.6627579927444458,
        0.75,
        0.75,
        0.75,
        0.75,
        0.75,
        0.6015864014625549,
        0.0,
        0.0,
        0.75,
        0.75,
        0.75,
        0.75,
        0.75,
        0.75,
        0.75,
        0.21672707796096802
    ],
    "brake_sequence": [
        0.0,
        0.056508924812078476,
        0.30000001192092896,
        0.0,
        0.0,
        0.0,
        0.0,
        0.0,
        0.0,
        0.0,
        0.005713584367185831,
        0.019045663997530937,
        0.0,
        0.0,
        0.0,
        0.0,
        0.0,
        0.0,
        0.0,
        0.0
    ],
    "speed_sequence": [
        8.16746711730957,
        8.381329536437988,
        8.459209442138672,
        8.166316032409668,
        7.850439071655273,
        7.7050461769104,
        7.710000514984131,
        7.810095310211182,
        7.97421407699585,
        8.173517227172852,
        8.341760635375977,
        8.345573425292969,
        8.090991973876953,
        7.770474433898926,
        7.614785671234131,
        7.612893581390381,
        7.708038806915283,
        7.868013858795166,
        8.068317413330078,
        8.28213882446289
    ],
    "light_sequence": [
        0.0,
        0.0,
        0.0,
        0.0,
        0.0,
        0.0,
        0.0,
        0.0,
        0.0,
        0.0,
        0.0,
        0.0,
        0.0,
        0.0,
        0.0,
        0.0,
        0.0,
        0.0,
        0.0,
        0.0
    ],
    "is_collision_event": false
}