{
    "timestamp": 135.50000201910734,
    "x": 2.0158307552337646,
    "y": 268.0707702636719,
    "speed": 7.8063327808566845,
    "theta": 0.0,
    "near_node_x": 2.0175728797912598,
    "near_node_y": 259.60028076171875,
    "near_command": 4,
    "far_node_x": 2.0183560848236084,
    "far_node_y": 253.60025024414062,
    "far_command": 4,
    "angle_near": -0.0013684235543927308,
    "angle_far": -0.0031534397325610718,
    "steer": -0.0002813020837493241,
    "throttle": 0.75,
    "brake": 0.0,
    "is_red_light_present": 0,
    "vehicle_detected_flag": 0,
    "distanse": 25,
    "steer_sequence": [
        0.001447472721338272,
        -0.0007071844302117825,
        0.0004146796418353915,
        7.555368938483298e-05,
        1.3077933544991538e-05,
        0.0006308419979177415,
        -0.0001862362987594679,
        0.0003607645630836487,
        4.36436603195034e-05,
        -0.00026819741469807923,
        0.00027665332891047,
        -3.725997203218867e-06,
        -9.364556899527088e-05,
        0.0002756992180366069,
        8.897733641788363e-05,
        4.42672026110813e-05,
        0.00015562839689664543,
        -0.0002530554193072021,
        6.070106610422954e-05,
        0.0001878299080999568
    ],
    "throttle_sequence": [
        0.0,
        0.75,
        0.75,
        0.75,
        0.75,
        0.75,
        0.75,
        0.75,
        0.21672707796096802,
        0.0,
        0.5773710608482361,
        0.75,
        0.75,
        0.75,
        0.75,
        0.75,
        0.36678871512413025,
        0.0,
        0.4003031551837921,
        0.75
    ],
    "brake_sequence": [
        0.019045663997530937,
        0.0,
        0.0,
        0.0,
        0.0,
        0.0,
        0.0,
        0.0,
        0.0,
        0.1957778036594391,
        0.0,
        0.0,
        0.0,
        0.0,
        0.0,
        0.0,
        0.0,
        0.08180642127990723,
        0.0,
        0.0
    ],
    "speed_sequence": [
        8.345573425292969,
        8.090991973876953,
        7.770474433898926,
        7.614785671234131,
        7.612893581390381,
        7.708038806915283,
        7.868013858795166,
        8.068317413330078,
        8.28213882446289,
        8.396585464477539,
        8.182284355163574,
        7.89815616607666,
        7.760456562042236,
        7.770121097564697,
        7.873548984527588,
        8.039867401123047,
        8.238457679748535,
        8.362322807312012,
        8.228574752807617,
        7.972492218017578
    ],
    "light_sequence": [
        0.0,
        0.0,
        0.0,
        0.0,
        0.0,
        0.0,
        0.0,
        0.0,
        0.0,
        0.0,
        0.0,
        0.0,
        0.0,
        0.0,
        0.0,
        0.0,
        0.0,
        0.0,
        0.0,
        0.0
    ],
    "is_collision_event": false
}