{
    "timestamp": 132.40000197291374,
    "x": 2.0309064388275146,
    "y": 292.93310546875,
    "speed": 8.167467158339443,
    "theta": 6.280895233154297,
    "near_node_x": 2.0141780376434326,
    "near_node_y": 285.60028076171875,
    "near_command": 4,
    "far_node_x": 2.0149614810943604,
    "far_node_y": 279.60028076171875,
    "far_command": 4,
    "angle_near": 0.0021544927828711638,
    "angle_far": 0.06434235812201186,
    "steer": -0.00576270604506135,
    "throttle": 0.7429595589637756,
    "brake": 0.0,
    "is_red_light_present": 0,
    "vehicle_detected_flag": 0,
    "distanse": 25,
    "steer_sequence": [
        0.0011869677109643817,
        -0.00828235037624836,
        0.029624341055750847,
        -0.013802583329379559,
        -0.0006614347221329808,
        0.019284062087535858,
        -0.000523839786183089,
        0.017944244667887688,
        -0.008658517152071,
        0.0036571442615240812,
        0.004953516181558371,
        0.012596332468092442,
        -0.006912669632583857,
        0.0007660850533284247,
        0.010043271817266941,
        -0.007436257787048817,
        0.008786850608885288,
        -0.0028497797902673483,
        -0.001005820813588798,
        0.00800822488963604
    ],
    "throttle_sequence": [
        0.0,
        0.0,
        0.5605266690254211,
        0.75,
        0.75,
        0.75,
        0.75,
        0.75,
        0.75,
        0.75,
        0.75,
        0.75,
        0.75,
        0.75,
        0.75,
        0.75,
        0.75,
        0.75,
        0.75,
        0.75
    ],
    "brake_sequence": [
        0.30000001192092896,
        0.30000001192092896,
        0.0,
        0.0,
        0.0,
        0.0,
        0.0,
        0.0,
        0.0,
        0.0,
        0.0,
        0.0,
        0.0,
        0.0,
        0.0,
        0.0,
        0.0,
        0.0,
        0.0,
        0.0
    ],
    "speed_sequence": [
        7.121728420257568,
        6.903450012207031,
        6.5263848304748535,
        6.323688983917236,
        5.987863540649414,
        5.257100582122803,
        4.939105987548828,
        4.910732746124268,
        5.017152309417725,
        5.109035015106201,
        5.063430309295654,
        5.08368444442749,
        5.11922025680542,
        5.375819206237793,
        6.211584568023682,
        6.775907039642334,
        7.174718379974365,
        7.4793500900268555,
        7.728919982910156,
        7.950993061065674
    ],
    "light_sequence": [
        0.0,
        0.0,
        0.0,
        0.0,
        0.0,
        0.0,
        0.0,
        0.0,
        0.0,
        0.0,
        0.0,
        0.0,
        0.0,
        0.0,
        0.0,
        0.0,
        0.0,
        0.0,
        0.0,
        0.0
    ],
    "is_collision_event": false
}