{
    "timestamp": 130.40000194311142,
    "x": 2.126357316970825,
    "y": 305.1770935058594,
    "speed": 7.121728518316451,
    "theta": 6.264261722564697,
    "near_node_x": 2.0126113891601562,
    "near_node_y": 297.60028076171875,
    "near_command": 4,
    "far_node_x": 2.013394594192505,
    "far_node_y": 291.60028076171875,
    "far_command": 4,
    "angle_near": 0.2240774366219926,
    "angle_far": 0.6074531063767735,
    "steer": 0.0011869677109643817,
    "throttle": 0.0,
    "brake": 0.30000001192092896,
    "is_red_light_present": 0,
    "vehicle_detected_flag": 0,
    "distanse": 25,
    "steer_sequence": [
        0.17040131986141205,
        0.07040131837129593,
        0.1300559639930725,
        0.03005596064031124,
        -0.05638870969414711,
        0.04361128807067871,
        0.08430995792150497,
        -0.008265908807516098,
        -0.011855133809149265,
        0.04070226475596428,
        0.08839336782693863,
        -0.011606629006564617,
        -0.014302251860499382,
        0.026489412412047386,
        0.065914086997509,
        -0.033134825527668,
        -0.00028996571199968457,
        0.06054659187793732,
        -0.0394534096121788,
        0.028269067406654358
    ],
    "throttle_sequence": [
        0.75,
        0.75,
        0.0,
        0.0,
        0.0,
        0.75,
        0.75,
        0.75,
        0.75,
        0.75,
        0.75,
        0.75,
        0.75,
        0.75,
        0.75,
        0.75,
        0.75,
        0.75,
        0.75,
        0.0
    ],
    "brake_sequence": [
        0.0,
        0.0,
        0.30000001192092896,
        0.30000001192092896,
        0.30000001192092896,
        0.0,
        0.0,
        0.0,
        0.0,
        0.0,
        0.0,
        0.0,
        0.0,
        0.0,
        0.0,
        0.0,
        0.0,
        0.0,
        0.0,
        0.30000001192092896
    ],
    "speed_sequence": [
        5.380123138427734,
        6.190131664276123,
        6.790889739990234,
        6.992429256439209,
        6.804944038391113,
        6.424911975860596,
        6.143014430999756,
        6.120039463043213,
        5.274444103240967,
        4.901264667510986,
        4.824851989746094,
        4.900681018829346,
        5.062373161315918,
        5.2372727394104,
        5.195805549621582,
        5.215673923492432,
        5.2310662269592285,
        5.683964729309082,
        6.429308891296387,
        6.935885429382324
    ],
    "light_sequence": [
        0.0,
        0.0,
        0.0,
        0.0,
        0.0,
        0.0,
        0.0,
        0.0,
        0.0,
        0.0,
        0.0,
        0.0,
        0.0,
        0.0,
        0.0,
        0.0,
        0.0,
        0.0,
        0.0,
        0.0
    ],
    "is_collision_event": false
}