{
    "timestamp": 138.10000205785036,
    "x": 2.01780104637146,
    "y": 247.21871948242188,
    "speed": 7.770182415841037,
    "theta": 0.0003452669770922512,
    "near_node_x": 2.0192625522613525,
    "near_node_y": 239.59765625,
    "near_command": 4,
    "far_node_x": 2.0161287784576416,
    "far_node_y": 233.59765625,
    "far_command": 4,
    "angle_near": 0.0032994328857349044,
    "angle_far": -0.014722533132966334,
    "steer": 0.0009561837650835514,
    "throttle": 0.75,
    "brake": 0.0,
    "is_red_light_present": 0,
    "vehicle_detected_flag": 0,
    "distanse": 25,
    "steer_sequence": [
        0.00017425869009457529,
        -3.232934614061378e-05,
        -6.109239620855078e-05,
        0.00019526141113601625,
        -0.00012140806938987225,
        0.0002804060641210526,
        -0.0001431295822840184,
        -5.777928527095355e-05,
        5.622362004942261e-05,
        -0.00015830705524422228,
        9.018139098770916e-05,
        -8.371534204343334e-05,
        0.00023199575662147254,
        0.0001171013354905881,
        -0.00023752078413963318,
        0.00016183296975214034,
        -0.000293239630991593,
        0.00022100776550360024,
        -4.3727610318455845e-05,
        -0.0009165687952190638
    ],
    "throttle_sequence": [
        0.37693703174591064,
        0.75,
        0.75,
        0.75,
        0.75,
        0.75,
        0.41575783491134644,
        0.0,
        0.3258790969848633,
        0.75,
        0.75,
        0.75,
        0.75,
        0.75,
        0.5045253038406372,
        0.0,
        0.17203551530838013,
        0.75,
        0.75,
        0.75
    ],
    "brake_sequence": [
        0.0,
        0.0,
        0.0,
        0.0,
        0.0,
        0.0,
        0.0,
        0.049665667116642,
        0.0,
        0.0,
        0.0,
        0.0,
        0.0,
        0.0,
        0.0,
        0.012653198093175888,
        0.0,
        0.0,
        0.0,
        0.0
    ],
    "speed_sequence": [
        8.234660148620605,
        7.98109245300293,
        7.80873966217041,
        7.791220188140869,
        7.876954078674316,
        8.03166675567627,
        8.224684715270996,
        8.35317325592041,
        8.248849868774414,
        7.99983024597168,
        7.812376976013184,
        7.782442092895508,
        7.860083103179932,
        8.00936508178711,
        8.200174331665039,
        8.34304141998291,
        8.291596412658691,
        8.049315452575684,
        7.805150508880615,
        7.724917411804199
    ],
    "light_sequence": [
        0.0,
        0.0,
        0.0,
        0.0,
        0.0,
        0.0,
        0.0,
        0.0,
        0.0,
        0.0,
        0.0,
        0.0,
        0.0,
        0.0,
        0.0,
        0.0,
        0.0,
        0.0,
        0.0,
        0.0
    ],
    "is_collision_event": false
}