{
    "timestamp": 130.60000194609165,
    "x": 2.104085683822632,
    "y": 303.8142395019531,
    "speed": 6.5263847493242775,
    "theta": 6.266313076019287,
    "near_node_x": 2.0128724575042725,
    "near_node_y": 295.60028076171875,
    "near_command": 4,
    "far_node_x": 2.0136559009552,
    "far_node_y": 289.60028076171875,
    "far_command": 4,
    "angle_near": 0.3304892627575857,
    "angle_far": 0.6022001547993878,
    "steer": 0.029624341055750847,
    "throttle": 0.5605266690254211,
    "brake": 0.0,
    "is_red_light_present": 0,
    "vehicle_detected_flag": 0,
    "distanse": 25,
    "steer_sequence": [
        0.1300559639930725,
        0.03005596064031124,
        -0.05638870969414711,
        0.04361128807067871,
        0.08430995792150497,
        -0.008265908807516098,
        -0.011855133809149265,
        0.04070226475596428,
        0.08839336782693863,
        -0.011606629006564617,
        -0.014302251860499382,
        0.026489412412047386,
        0.065914086997509,
        -0.033134825527668,
        -0.00028996571199968457,
        0.06054659187793732,
        -0.0394534096121788,
        0.028269067406654358,
        0.0011869677109643817,
        -0.00828235037624836
    ],
    "throttle_sequence": [
        0.0,
        0.0,
        0.0,
        0.75,
        0.75,
        0.75,
        0.75,
        0.75,
        0.75,
        0.75,
        0.75,
        0.75,
        0.75,
        0.75,
        0.75,
        0.75,
        0.75,
        0.0,
        0.0,
        0.0
    ],
    "brake_sequence": [
        0.30000001192092896,
        0.30000001192092896,
        0.30000001192092896,
        0.0,
        0.0,
        0.0,
        0.0,
        0.0,
        0.0,
        0.0,
        0.0,
        0.0,
        0.0,
        0.0,
        0.0,
        0.0,
        0.0,
        0.30000001192092896,
        0.30000001192092896,
        0.30000001192092896
    ],
    "speed_sequence": [
        6.790889739990234,
        6.992429256439209,
        6.804944038391113,
        6.424911975860596,
        6.143014430999756,
        6.120039463043213,
        5.274444103240967,
        4.901264667510986,
        4.824851989746094,
        4.900681018829346,
        5.062373161315918,
        5.2372727394104,
        5.195805549621582,
        5.215673923492432,
        5.2310662269592285,
        5.683964729309082,
        6.429308891296387,
        6.935885429382324,
        7.121728420257568,
        6.903450012207031
    ],
    "light_sequence": [
        0.0,
        0.0,
        0.0,
        0.0,
        0.0,
        0.0,
        0.0,
        0.0,
        0.0,
        0.0,
        0.0,
        0.0,
        0.0,
        0.0,
        0.0,
        0.0,
        0.0,
        0.0,
        0.0,
        0.0
    ],
    "is_collision_event": false
}