{
    "timestamp": 140.00000208616257,
    "x": 2.0136492252349854,
    "y": 231.96884155273438,
    "speed": 8.2250398465751,
    "theta": 0.0,
    "near_node_x": 2.0109059810638428,
    "near_node_y": 223.59765625,
    "near_command": 4,
    "far_node_x": 2.007772207260132,
    "far_node_y": 217.59765625,
    "far_command": 4,
    "angle_near": -0.002695101267812656,
    "angle_far": -0.007350024547143742,
    "steer": -0.00042095445678569376,
    "throttle": 0.4144679605960846,
    "brake": 0.0,
    "is_red_light_present": 0,
    "vehicle_detected_flag": 0,
    "distanse": 25,
    "steer_sequence": [
        -0.0009165687952190638,
        0.0009561837650835514,
        -0.0010257381945848465,
        0.000631106726359576,
        0.0001872274006018415,
        -0.0014882887480780482,
        0.0009880786528810859,
        -0.0005997264524921775,
        -6.394855154212564e-05,
        0.0004474824818316847,
        -0.0007217458332888782,
        0.0006306924042291939,
        -0.0004368764057289809,
        -3.447022754698992e-05,
        0.00016904165386222303,
        -0.0004907668917439878,
        0.0002738944604061544,
        -0.000214905827306211,
        0.0002368247223785147,
        0.00015980296302586794
    ],
    "throttle_sequence": [
        0.75,
        0.75,
        0.75,
        0.75,
        0.2080106884241104,
        0.0,
        0.5888288617134094,
        0.75,
        0.75,
        0.75,
        0.75,
        0.75,
        0.3828340470790863,
        0.0,
        0.3766978681087494,
        0.75,
        0.75,
        0.75,
        0.75,
        0.75
    ],
    "brake_sequence": [
        0.0,
        0.0,
        0.0,
        0.0,
        0.0,
        0.19125965237617493,
        0.0,
        0.0,
        0.0,
        0.0,
        0.0,
        0.0,
        0.0,
        0.07426636666059494,
        0.0,
        0.0,
        0.0,
        0.0,
        0.0,
        0.0
    ],
    "speed_sequence": [
        7.724917411804199,
        7.7701826095581055,
        7.8971428871154785,
        8.077984809875488,
        8.282724380493164,
        8.393144607543945,
        8.176916122436523,
        7.891759395599365,
        7.75479793548584,
        7.764989376068115,
        7.8687286376953125,
        8.035253524780273,
        8.234074592590332,
        8.360330581665039,
        8.23521900177002,
        7.98158073425293,
        7.809192180633545,
        7.791637897491455,
        7.877340793609619,
        8.032042503356934
    ],
    "light_sequence": [
        0.0,
        0.0,
        0.0,
        0.0,
        0.0,
        0.0,
        0.0,
        0.0,
        0.0,
        0.0,
        0.0,
        0.0,
        0.0,
        0.0,
        0.0,
        0.0,
        0.0,
        0.0,
        0.0,
        0.0
    ],
    "is_collision_event": false
}