{
    "timestamp": 139.500002078712,
    "x": 2.0153324604034424,
    "y": 235.92935180664062,
    "speed": 7.981580926557659,
    "theta": 6.282840251922607,
    "near_node_x": 2.0129950046539307,
    "near_node_y": 227.59765625,
    "near_command": 4,
    "far_node_x": 2.0098612308502197,
    "far_node_y": 221.59765625,
    "far_command": 4,
    "angle_near": -0.004597098348408641,
    "angle_far": -0.010395859360643148,
    "steer": -0.0004907668917439878,
    "throttle": 0.75,
    "brake": 0.0,
    "is_red_light_present": 0,
    "vehicle_detected_flag": 0,
    "distanse": 25,
    "steer_sequence": [
        -0.00023752078413963318,
        0.00016183296975214034,
        -0.000293239630991593,
        0.00022100776550360024,
        -4.3727610318455845e-05,
        -0.0009165687952190638,
        0.0009561837650835514,
        -0.0010257381945848465,
        0.000631106726359576,
        0.0001872274006018415,
        -0.0014882887480780482,
        0.0009880786528810859,
        -0.0005997264524921775,
        -6.394855154212564e-05,
        0.0004474824818316847,
        -0.0007217458332888782,
        0.0006306924042291939,
        -0.0004368764057289809,
        -3.447022754698992e-05,
        0.00016904165386222303
    ],
    "throttle_sequence": [
        0.5045253038406372,
        0.0,
        0.17203551530838013,
        0.75,
        0.75,
        0.75,
        0.75,
        0.75,
        0.75,
        0.2080106884241104,
        0.0,
        0.5888288617134094,
        0.75,
        0.75,
        0.75,
        0.75,
        0.75,
        0.3828340470790863,
        0.0,
        0.3766978681087494
    ],
    "brake_sequence": [
        0.0,
        0.012653198093175888,
        0.0,
        0.0,
        0.0,
        0.0,
        0.0,
        0.0,
        0.0,
        0.0,
        0.19125965237617493,
        0.0,
        0.0,
        0.0,
        0.0,
        0.0,
        0.0,
        0.0,
        0.07426636666059494,
        0.0
    ],
    "speed_sequence": [
        8.200174331665039,
        8.34304141998291,
        8.291596412658691,
        8.049315452575684,
        7.805150508880615,
        7.724917411804199,
        7.7701826095581055,
        7.8971428871154785,
        8.077984809875488,
        8.282724380493164,
        8.393144607543945,
        8.176916122436523,
        7.891759395599365,
        7.75479793548584,
        7.764989376068115,
        7.8687286376953125,
        8.035253524780273,
        8.234074592590332,
        8.360330581665039,
        8.23521900177002
    ],
    "light_sequence": [
        0.0,
        0.0,
        0.0,
        0.0,
        0.0,
        0.0,
        0.0,
        0.0,
        0.0,
        0.0,
        0.0,
        0.0,
        0.0,
        0.0,
        0.0,
        0.0,
        0.0,
        0.0,
        0.0,
        0.0
    ],
    "is_collision_event": false
}