{
    "timestamp": 136.80000203847885,
    "x": 2.0167946815490723,
    "y": 257.6324462890625,
    "speed": 8.353173042978637,
    "theta": 0.0,
    "near_node_x": 2.01887845993042,
    "near_node_y": 249.60023498535156,
    "near_command": 4,
    "far_node_x": 2.0196619033813477,
    "far_node_y": 243.60025024414062,
    "far_command": 4,
    "angle_near": -0.0003237229878941158,
    "angle_far": -0.003480495675205434,
    "steer": -5.777928527095355e-05,
    "throttle": 0.0,
    "brake": 0.049665667116642,
    "is_red_light_present": 0,
    "vehicle_detected_flag": 0,
    "distanse": 25,
    "steer_sequence": [
        0.0002756992180366069,
        8.897733641788363e-05,
        4.42672026110813e-05,
        0.00015562839689664543,
        -0.0002530554193072021,
        6.070106610422954e-05,
        0.0001878299080999568,
        -0.0002813020837493241,
        0.0002633446711115539,
        2.484623655618634e-05,
        0.00011545688903424889,
        0.0001036497633322142,
        -0.0003553776768967509,
        0.00017425869009457529,
        -3.232934614061378e-05,
        -6.109239620855078e-05,
        0.00019526141113601625,
        -0.00012140806938987225,
        0.0002804060641210526,
        -0.0001431295822840184
    ],
    "throttle_sequence": [
        0.75,
        0.75,
        0.75,
        0.36678871512413025,
        0.0,
        0.4003031551837921,
        0.75,
        0.75,
        0.75,
        0.75,
        0.75,
        0.3831498920917511,
        0.0,
        0.37693703174591064,
        0.75,
        0.75,
        0.75,
        0.75,
        0.75,
        0.41575783491134644
    ],
    "brake_sequence": [
        0.0,
        0.0,
        0.0,
        0.0,
        0.08180642127990723,
        0.0,
        0.0,
        0.0,
        0.0,
        0.0,
        0.0,
        0.0,
        0.06681505590677261,
        0.0,
        0.0,
        0.0,
        0.0,
        0.0,
        0.0,
        0.0
    ],
    "speed_sequence": [
        7.770121097564697,
        7.873548984527588,
        8.039867401123047,
        8.238457679748535,
        8.362322807312012,
        8.228574752807617,
        7.972492218017578,
        7.806332588195801,
        7.793849468231201,
        7.882882118225098,
        8.03978443145752,
        8.233696937561035,
        8.357880592346191,
        8.234660148620605,
        7.98109245300293,
        7.80873966217041,
        7.791220188140869,
        7.876954078674316,
        8.03166675567627,
        8.224684715270996
    ],
    "light_sequence": [
        0.0,
        0.0,
        0.0,
        0.0,
        0.0,
        0.0,
        0.0,
        0.0,
        0.0,
        0.0,
        0.0,
        0.0,
        0.0,
        0.0,
        0.0,
        0.0,
        0.0,
        0.0,
        0.0,
        0.0
    ],
    "is_collision_event": false
}