{
    "timestamp": 133.20000198483467,
    "x": 2.0201828479766846,
    "y": 286.51995849609375,
    "speed": 7.974213963976566,
    "theta": 6.282271862030029,
    "near_node_x": 2.0152225494384766,
    "near_node_y": 277.60028076171875,
    "near_command": 4,
    "far_node_x": 2.0160059928894043,
    "far_node_y": 271.60028076171875,
    "far_command": 4,
    "angle_near": 0.02013813405701851,
    "angle_far": 0.035960432412568605,
    "steer": 0.0017208571080118418,
    "throttle": 0.75,
    "brake": 0.0,
    "is_red_light_present": 0,
    "vehicle_detected_flag": 0,
    "distanse": 25,
    "steer_sequence": [
        -0.008658517152071,
        0.0036571442615240812,
        0.004953516181558371,
        0.012596332468092442,
        -0.006912669632583857,
        0.0007660850533284247,
        0.010043271817266941,
        -0.007436257787048817,
        0.008786850608885288,
        -0.0028497797902673483,
        -0.001005820813588798,
        0.00800822488963604,
        -0.00576270604506135,
        0.004581354092806578,
        -0.00048040138790383935,
        0.0005518890102393925,
        -2.205536475230474e-05,
        0.00014765701780561358,
        0.0021108936052769423,
        -0.0013542475644499063
    ],
    "throttle_sequence": [
        0.75,
        0.75,
        0.75,
        0.75,
        0.75,
        0.75,
        0.75,
        0.75,
        0.75,
        0.75,
        0.75,
        0.75,
        0.7429595589637756,
        0.0,
        0.0,
        0.6627579927444458,
        0.75,
        0.75,
        0.75,
        0.75
    ],
    "brake_sequence": [
        0.0,
        0.0,
        0.0,
        0.0,
        0.0,
        0.0,
        0.0,
        0.0,
        0.0,
        0.0,
        0.0,
        0.0,
        0.0,
        0.056508924812078476,
        0.30000001192092896,
        0.0,
        0.0,
        0.0,
        0.0,
        0.0
    ],
    "speed_sequence": [
        5.017152309417725,
        5.109035015106201,
        5.063430309295654,
        5.08368444442749,
        5.11922025680542,
        5.375819206237793,
        6.211584568023682,
        6.775907039642334,
        7.174718379974365,
        7.4793500900268555,
        7.728919982910156,
        7.950993061065674,
        8.16746711730957,
        8.381329536437988,
        8.459209442138672,
        8.166316032409668,
        7.850439071655273,
        7.7050461769104,
        7.710000514984131,
        7.810095310211182
    ],
    "light_sequence": [
        0.0,
        0.0,
        0.0,
        0.0,
        0.0,
        0.0,
        0.0,
        0.0,
        0.0,
        0.0,
        0.0,
        0.0,
        0.0,
        0.0,
        0.0,
        0.0,
        0.0,
        0.0,
        0.0,
        0.0
    ],
    "is_collision_event": false
}