{
    "timestamp": 139.80000208318233,
    "x": 2.014251232147217,
    "y": 233.57955932617188,
    "speed": 7.877340955695079,
    "theta": 0.0,
    "near_node_x": 2.0119504928588867,
    "near_node_y": 225.59765625,
    "near_command": 4,
    "far_node_x": 2.008816719055176,
    "far_node_y": 219.59765625,
    "far_command": 4,
    "angle_near": 0.0006993914010468938,
    "angle_far": -0.005055251535020254,
    "steer": 0.0002368247223785147,
    "throttle": 0.75,
    "brake": 0.0,
    "is_red_light_present": 0,
    "vehicle_detected_flag": 0,
    "distanse": 25,
    "steer_sequence": [
        0.00022100776550360024,
        -4.3727610318455845e-05,
        -0.0009165687952190638,
        0.0009561837650835514,
        -0.0010257381945848465,
        0.000631106726359576,
        0.0001872274006018415,
        -0.0014882887480780482,
        0.0009880786528810859,
        -0.0005997264524921775,
        -6.394855154212564e-05,
        0.0004474824818316847,
        -0.0007217458332888782,
        0.0006306924042291939,
        -0.0004368764057289809,
        -3.447022754698992e-05,
        0.00016904165386222303,
        -0.0004907668917439878,
        0.0002738944604061544,
        -0.000214905827306211
    ],
    "throttle_sequence": [
        0.75,
        0.75,
        0.75,
        0.75,
        0.75,
        0.75,
        0.2080106884241104,
        0.0,
        0.5888288617134094,
        0.75,
        0.75,
        0.75,
        0.75,
        0.75,
        0.3828340470790863,
        0.0,
        0.3766978681087494,
        0.75,
        0.75,
        0.75
    ],
    "brake_sequence": [
        0.0,
        0.0,
        0.0,
        0.0,
        0.0,
        0.0,
        0.0,
        0.19125965237617493,
        0.0,
        0.0,
        0.0,
        0.0,
        0.0,
        0.0,
        0.0,
        0.07426636666059494,
        0.0,
        0.0,
        0.0,
        0.0
    ],
    "speed_sequence": [
        8.049315452575684,
        7.805150508880615,
        7.724917411804199,
        7.7701826095581055,
        7.8971428871154785,
        8.077984809875488,
        8.282724380493164,
        8.393144607543945,
        8.176916122436523,
        7.891759395599365,
        7.75479793548584,
        7.764989376068115,
        7.8687286376953125,
        8.035253524780273,
        8.234074592590332,
        8.360330581665039,
        8.23521900177002,
        7.98158073425293,
        7.809192180633545,
        7.791637897491455
    ],
    "light_sequence": [
        0.0,
        0.0,
        0.0,
        0.0,
        0.0,
        0.0,
        0.0,
        0.0,
        0.0,
        0.0,
        0.0,
        0.0,
        0.0,
        0.0,
        0.0,
        0.0,
        0.0,
        0.0,
        0.0,
        0.0
    ],
    "is_collision_event": false
}