{
    "timestamp": 130.900001950562,
    "x": 2.084465980529785,
    "y": 302.0108642578125,
    "speed": 5.257100475767603,
    "theta": 6.268187046051025,
    "near_node_x": 2.0128724575042725,
    "near_node_y": 295.60028076171875,
    "near_command": 4,
    "far_node_x": 2.0136559009552,
    "far_node_y": 289.60028076171875,
    "far_command": 4,
    "angle_near": 0.2195435701567775,
    "angle_far": 0.5324929391286771,
    "steer": 0.019284062087535858,
    "throttle": 0.75,
    "brake": 0.0,
    "is_red_light_present": 0,
    "vehicle_detected_flag": 0,
    "distanse": 25,
    "steer_sequence": [
        0.04361128807067871,
        0.08430995792150497,
        -0.008265908807516098,
        -0.011855133809149265,
        0.04070226475596428,
        0.08839336782693863,
        -0.011606629006564617,
        -0.014302251860499382,
        0.026489412412047386,
        0.065914086997509,
        -0.033134825527668,
        -0.00028996571199968457,
        0.06054659187793732,
        -0.0394534096121788,
        0.028269067406654358,
        0.0011869677109643817,
        -0.00828235037624836,
        0.029624341055750847,
        -0.013802583329379559,
        -0.0006614347221329808
    ],
    "throttle_sequence": [
        0.75,
        0.75,
        0.75,
        0.75,
        0.75,
        0.75,
        0.75,
        0.75,
        0.75,
        0.75,
        0.75,
        0.75,
        0.75,
        0.75,
        0.0,
        0.0,
        0.0,
        0.5605266690254211,
        0.75,
        0.75
    ],
    "brake_sequence": [
        0.0,
        0.0,
        0.0,
        0.0,
        0.0,
        0.0,
        0.0,
        0.0,
        0.0,
        0.0,
        0.0,
        0.0,
        0.0,
        0.0,
        0.30000001192092896,
        0.30000001192092896,
        0.30000001192092896,
        0.0,
        0.0,
        0.0
    ],
    "speed_sequence": [
        6.424911975860596,
        6.143014430999756,
        6.120039463043213,
        5.274444103240967,
        4.901264667510986,
        4.824851989746094,
        4.900681018829346,
        5.062373161315918,
        5.2372727394104,
        5.195805549621582,
        5.215673923492432,
        5.2310662269592285,
        5.683964729309082,
        6.429308891296387,
        6.935885429382324,
        7.121728420257568,
        6.903450012207031,
        6.5263848304748535,
        6.323688983917236,
        5.987863540649414
    ],
    "light_sequence": [
        0.0,
        0.0,
        0.0,
        0.0,
        0.0,
        0.0,
        0.0,
        0.0,
        0.0,
        0.0,
        0.0,
        0.0,
        0.0,
        0.0,
        0.0,
        0.0,
        0.0,
        0.0,
        0.0,
        0.0
    ],
    "is_collision_event": false
}