{
    "timestamp": 135.9000020250678,
    "x": 2.01605486869812,
    "y": 264.8948974609375,
    "speed": 8.23369688309668,
    "theta": 0.0,
    "near_node_x": 2.017833948135376,
    "near_node_y": 257.60028076171875,
    "near_command": 4,
    "far_node_x": 2.0186173915863037,
    "far_node_y": 251.60023498535156,
    "far_command": 4,
    "angle_near": 0.00233086307105836,
    "angle_far": -0.0005993070230547936,
    "steer": 0.0001036497633322142,
    "throttle": 0.3831498920917511,
    "brake": 0.0,
    "is_red_light_present": 0,
    "vehicle_detected_flag": 0,
    "distanse": 25,
    "steer_sequence": [
        1.3077933544991538e-05,
        0.0006308419979177415,
        -0.0001862362987594679,
        0.0003607645630836487,
        4.36436603195034e-05,
        -0.00026819741469807923,
        0.00027665332891047,
        -3.725997203218867e-06,
        -9.364556899527088e-05,
        0.0002756992180366069,
        8.897733641788363e-05,
        4.42672026110813e-05,
        0.00015562839689664543,
        -0.0002530554193072021,
        6.070106610422954e-05,
        0.0001878299080999568,
        -0.0002813020837493241,
        0.0002633446711115539,
        2.484623655618634e-05,
        0.00011545688903424889
    ],
    "throttle_sequence": [
        0.75,
        0.75,
        0.75,
        0.75,
        0.21672707796096802,
        0.0,
        0.5773710608482361,
        0.75,
        0.75,
        0.75,
        0.75,
        0.75,
        0.36678871512413025,
        0.0,
        0.4003031551837921,
        0.75,
        0.75,
        0.75,
        0.75,
        0.75
    ],
    "brake_sequence": [
        0.0,
        0.0,
        0.0,
        0.0,
        0.0,
        0.1957778036594391,
        0.0,
        0.0,
        0.0,
        0.0,
        0.0,
        0.0,
        0.0,
        0.08180642127990723,
        0.0,
        0.0,
        0.0,
        0.0,
        0.0,
        0.0
    ],
    "speed_sequence": [
        7.612893581390381,
        7.708038806915283,
        7.868013858795166,
        8.068317413330078,
        8.28213882446289,
        8.396585464477539,
        8.182284355163574,
        7.89815616607666,
        7.760456562042236,
        7.770121097564697,
        7.873548984527588,
        8.039867401123047,
        8.238457679748535,
        8.362322807312012,
        8.228574752807617,
        7.972492218017578,
        7.806332588195801,
        7.793849468231201,
        7.882882118225098,
        8.03978443145752
    ],
    "light_sequence": [
        0.0,
        0.0,
        0.0,
        0.0,
        0.0,
        0.0,
        0.0,
        0.0,
        0.0,
        0.0,
        0.0,
        0.0,
        0.0,
        0.0,
        0.0,
        0.0,
        0.0,
        0.0,
        0.0,
        0.0
    ],
    "is_collision_event": false
}