{
    "timestamp": 131.20000195503235,
    "x": 2.0728156566619873,
    "y": 300.5169372558594,
    "speed": 5.017152207623024,
    "theta": 6.272891044616699,
    "near_node_x": 2.0131335258483887,
    "near_node_y": 293.60028076171875,
    "near_command": 4,
    "far_node_x": 2.0139169692993164,
    "far_node_y": 287.60028076171875,
    "far_command": 4,
    "angle_near": 0.09552649890407207,
    "angle_far": 0.32864411746150957,
    "steer": -0.008658517152071,
    "throttle": 0.75,
    "brake": 0.0,
    "is_red_light_present": 0,
    "vehicle_detected_flag": 0,
    "distanse": 25,
    "steer_sequence": [
        -0.011855133809149265,
        0.04070226475596428,
        0.08839336782693863,
        -0.011606629006564617,
        -0.014302251860499382,
        0.026489412412047386,
        0.065914086997509,
        -0.033134825527668,
        -0.00028996571199968457,
        0.06054659187793732,
        -0.0394534096121788,
        0.028269067406654358,
        0.0011869677109643817,
        -0.00828235037624836,
        0.029624341055750847,
        -0.013802583329379559,
        -0.0006614347221329808,
        0.019284062087535858,
        -0.000523839786183089,
        0.017944244667887688
    ],
    "throttle_sequence": [
        0.75,
        0.75,
        0.75,
        0.75,
        0.75,
        0.75,
        0.75,
        0.75,
        0.75,
        0.75,
        0.75,
        0.0,
        0.0,
        0.0,
        0.5605266690254211,
        0.75,
        0.75,
        0.75,
        0.75,
        0.75
    ],
    "brake_sequence": [
        0.0,
        0.0,
        0.0,
        0.0,
        0.0,
        0.0,
        0.0,
        0.0,
        0.0,
        0.0,
        0.0,
        0.30000001192092896,
        0.30000001192092896,
        0.30000001192092896,
        0.0,
        0.0,
        0.0,
        0.0,
        0.0,
        0.0
    ],
    "speed_sequence": [
        5.274444103240967,
        4.901264667510986,
        4.824851989746094,
        4.900681018829346,
        5.062373161315918,
        5.2372727394104,
        5.195805549621582,
        5.215673923492432,
        5.2310662269592285,
        5.683964729309082,
        6.429308891296387,
        6.935885429382324,
        7.121728420257568,
        6.903450012207031,
        6.5263848304748535,
        6.323688983917236,
        5.987863540649414,
        5.257100582122803,
        4.939105987548828,
        4.910732746124268
    ],
    "light_sequence": [
        0.0,
        0.0,
        0.0,
        0.0,
        0.0,
        0.0,
        0.0,
        0.0,
        0.0,
        0.0,
        0.0,
        0.0,
        0.0,
        0.0,
        0.0,
        0.0,
        0.0,
        0.0,
        0.0,
        0.0
    ],
    "is_collision_event": false
}