{
    "timestamp": 149.20000222325325,
    "x": 1.975572943687439,
    "y": 158.29869079589844,
    "speed": 7.7146566414506035,
    "theta": 6.2826972007751465,
    "near_node_x": 1.9727790355682373,
    "near_node_y": 150.59898376464844,
    "near_command": 4,
    "far_node_x": 1.9696452617645264,
    "far_node_y": 144.59898376464844,
    "far_command": 4,
    "angle_near": 0.001553763636620537,
    "angle_far": -0.002447071047376979,
    "steer": 0.0003810157941188663,
    "throttle": 0.75,
    "brake": 0.0,
    "is_red_light_present": 0,
    "vehicle_detected_flag": 0,
    "distanse": 25,
    "steer_sequence": [
        0.0004967289278283715,
        -0.00039652278064750135,
        0.00014211333473213017,
        0.0002824404218699783,
        -0.0002859406522475183,
        0.00032943510450422764,
        -0.00022437416191678494,
        -0.0001258217089343816,
        0.00028821395244449377,
        -0.00039170985110104084,
        0.00013079629570711404,
        0.00025628646835684776,
        -0.0003231853770557791,
        0.00042155999108217657,
        -0.00018606653611641377,
        0.0001530645677121356,
        -0.000348073459463194,
        9.235957259079441e-05,
        0.00015152095875237137,
        -0.00039827596629038453
    ],
    "throttle_sequence": [
        0.75,
        0.75,
        0.75,
        0.75,
        0.75,
        0.6650072336196899,
        0.015426821075379848,
        0.0,
        0.75,
        0.75,
        0.75,
        0.75,
        0.75,
        0.75,
        0.75,
        0.08167403936386108,
        0.0,
        0.6647655367851257,
        0.75,
        0.75
    ],
    "brake_sequence": [
        0.0,
        0.0,
        0.0,
        0.0,
        0.0,
        0.0,
        0.0,
        0.14187733829021454,
        0.0,
        0.0,
        0.0,
        0.0,
        0.0,
        0.0,
        0.0,
        0.0,
        0.30000001192092896,
        0.0,
        0.0,
        0.0
    ],
    "speed_sequence": [
        8.023909568786621,
        7.813401699066162,
        7.763556003570557,
        7.828311920166016,
        7.968712329864502,
        8.155900955200195,
        8.335516929626465,
        8.378808975219727,
        8.108770370483398,
        7.79520845413208,
        7.644737243652344,
        7.6461968421936035,
        7.743678092956543,
        7.905594825744629,
        8.105814933776855,
        8.318951606750488,
        8.42492961883545,
        8.157371520996094,
        7.849276065826416,
        7.707547664642334
    ],
    "light_sequence": [
        0.0,
        0.0,
        0.0,
        0.0,
        0.0,
        0.0,
        0.0,
        0.0,
        0.0,
        0.0,
        0.0,
        0.0,
        0.0,
        0.0,
        0.0,
        0.0,
        0.0,
        0.0,
        0.0,
        0.0
    ],
    "is_collision_event": false
}