{
    "timestamp": 144.30000215023756,
    "x": 1.9961028099060059,
    "y": 197.4890899658203,
    "speed": 8.346884278662449,
    "theta": 6.282840251922607,
    "near_node_x": 1.9931485652923584,
    "near_node_y": 189.59896850585938,
    "near_command": 4,
    "far_node_x": 1.9900147914886475,
    "far_node_y": 183.59896850585938,
    "far_command": 4,
    "angle_near": 0.0014649198581682525,
    "angle_far": -0.002194859944467919,
    "steer": 0.00015166355296969414,
    "throttle": 0.0,
    "brake": 0.01925102062523365,
    "is_red_light_present": 0,
    "vehicle_detected_flag": 0,
    "distanse": 25,
    "steer_sequence": [
        0.0003575434093363583,
        3.8058315112721175e-05,
        -0.0002802104572765529,
        0.00020602598669938743,
        -0.0003204804961569607,
        0.00020600523566827178,
        -4.537994755082764e-06,
        -0.000255626771831885,
        0.0004124595143366605,
        -0.0001750618393998593,
        0.0001592466578586027,
        -0.00021481429575942457,
        -2.6435898689669557e-05,
        0.00024154501443263143,
        -0.0004416101728565991,
        0.00019971678557340056,
        0.00024043448502197862,
        -0.0003408250631764531,
        0.0004373910487629473,
        -0.00020842015510424972
    ],
    "throttle_sequence": [
        0.75,
        0.75,
        0.435333788394928,
        0.0,
        0.2935961186885834,
        0.75,
        0.75,
        0.75,
        0.75,
        0.75,
        0.5727686882019043,
        0.006411910988390446,
        0.046375613659620285,
        0.75,
        0.75,
        0.75,
        0.75,
        0.75,
        0.75,
        0.7454793453216553
    ],
    "brake_sequence": [
        0.0,
        0.0,
        0.0,
        0.049486901611089706,
        0.0,
        0.0,
        0.0,
        0.0,
        0.0,
        0.0,
        0.0,
        0.0,
        0.0,
        0.0,
        0.0,
        0.0,
        0.0,
        0.0,
        0.0,
        0.0
    ],
    "speed_sequence": [
        7.854179859161377,
        8.020553588867188,
        8.219661712646484,
        8.353655815124512,
        8.258472442626953,
        8.012003898620605,
        7.814120292663574,
        7.775130748748779,
        7.846900939941406,
        7.992173671722412,
        8.181341171264648,
        8.337851524353027,
        8.326501846313477,
        8.082098007202148,
        7.783661365509033,
        7.650125026702881,
        7.662016868591309,
        7.766390800476074,
        7.933119297027588,
        8.134896278381348
    ],
    "light_sequence": [
        0.0,
        0.0,
        0.0,
        0.0,
        0.0,
        0.0,
        0.0,
        0.0,
        0.0,
        0.0,
        0.0,
        0.0,
        0.0,
        0.0,
        0.0,
        0.0,
        0.0,
        0.0,
        0.0,
        0.0
    ],
    "is_collision_event": false
}