{
    "timestamp": 142.40000212192535,
    "x": 2.0039732456207275,
    "y": 212.72320556640625,
    "speed": 8.020553196193905,
    "theta": 0.0,
    "near_node_x": 2.0015053749084473,
    "near_node_y": 205.59896850585938,
    "near_command": 4,
    "far_node_x": 1.9983714818954468,
    "far_node_y": 199.59896850585938,
    "far_command": 4,
    "angle_near": 0.002004741968457803,
    "angle_far": -0.0026030380469655398,
    "steer": 3.8058315112721175e-05,
    "throttle": 0.75,
    "brake": 0.0,
    "is_red_light_present": 0,
    "vehicle_detected_flag": 0,
    "distanse": 25,
    "steer_sequence": [
        5.866658739250852e-06,
        -0.00030788566800765693,
        0.00044692360097542405,
        -0.00021610892144963145,
        0.00016574982146266848,
        -0.00027160675381310284,
        4.21238255512435e-05,
        0.00018420553533360362,
        -0.00045530879287980497,
        0.0003183360677212477,
        0.00017035861674230546,
        -0.000341658917022869,
        0.0004547849530354142,
        -0.0002381909143878147,
        -0.00014147235197015107,
        -6.516051507787779e-05,
        0.00015262755914591253,
        -8.626869384897873e-05,
        -0.0001149778618128039,
        0.0003575434093363583
    ],
    "throttle_sequence": [
        0.75,
        0.75,
        0.75,
        0.75,
        0.4999159276485443,
        0.0,
        0.18072918057441711,
        0.75,
        0.75,
        0.75,
        0.75,
        0.75,
        0.75,
        0.17509937286376953,
        0.0,
        0.6152803897857666,
        0.75,
        0.75,
        0.75,
        0.75
    ],
    "brake_sequence": [
        0.0,
        0.0,
        0.0,
        0.0,
        0.0,
        0.014261302538216114,
        0.0,
        0.0,
        0.0,
        0.0,
        0.0,
        0.0,
        0.0,
        0.0,
        0.2158356010913849,
        0.0,
        0.0,
        0.0,
        0.0,
        0.0
    ],
    "speed_sequence": [
        7.812282085418701,
        7.7829461097717285,
        7.860982894897461,
        8.010533332824707,
        8.201446533203125,
        8.34347915649414,
        8.289180755615234,
        8.046917915344238,
        7.806382179260254,
        7.729467868804932,
        7.776851654052734,
        7.905240535736084,
        8.086872100830078,
        8.291776657104492,
        8.399868965148926,
        8.169488906860352,
        7.878347873687744,
        7.7408576011657715,
        7.750709533691406,
        7.854179859161377
    ],
    "light_sequence": [
        0.0,
        0.0,
        0.0,
        0.0,
        0.0,
        0.0,
        0.0,
        0.0,
        0.0,
        0.0,
        0.0,
        0.0,
        0.0,
        0.0,
        0.0,
        0.0,
        0.0,
        0.0,
        0.0,
        0.0
    ],
    "is_collision_event": false
}