{
    "timestamp": 143.20000213384628,
    "x": 2.00065279006958,
    "y": 206.294677734375,
    "speed": 7.9921736602530355,
    "theta": 6.282840251922607,
    "near_node_x": 1.9973269701004028,
    "near_node_y": 197.59896850585938,
    "near_command": 4,
    "far_node_x": 1.994193196296692,
    "far_node_y": 191.59896850585938,
    "far_command": 4,
    "angle_near": -6.145145737084528e-05,
    "angle_far": -0.0033324476258280024,
    "steer": -0.0001750618393998593,
    "throttle": 0.75,
    "brake": 0.0,
    "is_red_light_present": 0,
    "vehicle_detected_flag": 0,
    "distanse": 25,
    "steer_sequence": [
        -0.00045530879287980497,
        0.0003183360677212477,
        0.00017035861674230546,
        -0.000341658917022869,
        0.0004547849530354142,
        -0.0002381909143878147,
        -0.00014147235197015107,
        -6.516051507787779e-05,
        0.00015262755914591253,
        -8.626869384897873e-05,
        -0.0001149778618128039,
        0.0003575434093363583,
        3.8058315112721175e-05,
        -0.0002802104572765529,
        0.00020602598669938743,
        -0.0003204804961569607,
        0.00020600523566827178,
        -4.537994755082764e-06,
        -0.000255626771831885,
        0.0004124595143366605
    ],
    "throttle_sequence": [
        0.75,
        0.75,
        0.75,
        0.75,
        0.75,
        0.17509937286376953,
        0.0,
        0.6152803897857666,
        0.75,
        0.75,
        0.75,
        0.75,
        0.75,
        0.435333788394928,
        0.0,
        0.2935961186885834,
        0.75,
        0.75,
        0.75,
        0.75
    ],
    "brake_sequence": [
        0.0,
        0.0,
        0.0,
        0.0,
        0.0,
        0.0,
        0.2158356010913849,
        0.0,
        0.0,
        0.0,
        0.0,
        0.0,
        0.0,
        0.0,
        0.049486901611089706,
        0.0,
        0.0,
        0.0,
        0.0,
        0.0
    ],
    "speed_sequence": [
        7.806382179260254,
        7.729467868804932,
        7.776851654052734,
        7.905240535736084,
        8.086872100830078,
        8.291776657104492,
        8.399868965148926,
        8.169488906860352,
        7.878347873687744,
        7.7408576011657715,
        7.750709533691406,
        7.854179859161377,
        8.020553588867188,
        8.219661712646484,
        8.353655815124512,
        8.258472442626953,
        8.012003898620605,
        7.814120292663574,
        7.775130748748779,
        7.846900939941406
    ],
    "light_sequence": [
        0.0,
        0.0,
        0.0,
        0.0,
        0.0,
        0.0,
        0.0,
        0.0,
        0.0,
        0.0,
        0.0,
        0.0,
        0.0,
        0.0,
        0.0,
        0.0,
        0.0,
        0.0,
        0.0,
        0.0
    ],
    "is_collision_event": false
}