{
    "timestamp": 148.00000220537186,
    "x": 1.9805845022201538,
    "y": 167.81402587890625,
    "speed": 8.108769924636189,
    "theta": 6.2826972007751465,
    "near_node_x": 1.9780019521713257,
    "near_node_y": 160.59896850585938,
    "near_command": 4,
    "far_node_x": 1.9748681783676147,
    "far_node_y": 154.5989990234375,
    "far_command": 4,
    "angle_near": 0.00174004137195282,
    "angle_far": -0.0025355673066312697,
    "steer": 0.00028821395244449377,
    "throttle": 0.75,
    "brake": 0.0,
    "is_red_light_present": 0,
    "vehicle_detected_flag": 0,
    "distanse": 25,
    "steer_sequence": [
        -0.00023790742852725089,
        0.00039375724736601114,
        -0.000522671383805573,
        9.657583723310381e-05,
        0.00024255728931166232,
        -0.0005709033575840294,
        0.0004542490642052144,
        0.00015240118955262005,
        -0.00032763471244834363,
        0.00040913073462434113,
        -0.00018942153837997466,
        -0.0004099287907592952,
        0.0004967289278283715,
        -0.00039652278064750135,
        0.00014211333473213017,
        0.0002824404218699783,
        -0.0002859406522475183,
        0.00032943510450422764,
        -0.00022437416191678494,
        -0.0001258217089343816
    ],
    "throttle_sequence": [
        0.75,
        0.16004593670368195,
        0.0,
        0.623912513256073,
        0.75,
        0.75,
        0.75,
        0.75,
        0.75,
        0.45634710788726807,
        0.0,
        0.2579983174800873,
        0.75,
        0.75,
        0.75,
        0.75,
        0.75,
        0.6650072336196899,
        0.015426821075379848,
        0.0
    ],
    "brake_sequence": [
        0.0,
        0.0,
        0.2371082603931427,
        0.0,
        0.0,
        0.0,
        0.0,
        0.0,
        0.0,
        0.0,
        0.04056514799594879,
        0.0,
        0.0,
        0.0,
        0.0,
        0.0,
        0.0,
        0.0,
        0.0,
        0.14187733829021454
    ],
    "speed_sequence": [
        8.084029197692871,
        8.297574996948242,
        8.407730102539062,
        8.16910171508789,
        7.874337673187256,
        7.736079216003418,
        7.745437145233154,
        7.84856653213501,
        8.014717102050781,
        8.213876724243164,
        8.351228713989258,
        8.268399238586426,
        8.023909568786621,
        7.813401699066162,
        7.763556003570557,
        7.828311920166016,
        7.968712329864502,
        8.155900955200195,
        8.335516929626465,
        8.378808975219727
    ],
    "light_sequence": [
        0.0,
        0.0,
        0.0,
        0.0,
        0.0,
        0.0,
        0.0,
        0.0,
        0.0,
        0.0,
        0.0,
        0.0,
        0.0,
        0.0,
        0.0,
        0.0,
        0.0,
        0.0,
        0.0,
        0.0
    ],
    "is_collision_event": false
}