{
    "timestamp": 147.20000219345093,
    "x": 1.9839214086532593,
    "y": 174.2468719482422,
    "speed": 8.02390922575431,
    "theta": 6.282840251922607,
    "near_node_x": 1.9811357259750366,
    "near_node_y": 166.59896850585938,
    "near_command": 4,
    "far_node_x": 1.9780019521713257,
    "far_node_y": 160.59896850585938,
    "far_command": 4,
    "angle_near": 0.0021917322083038846,
    "angle_far": -0.001789469140174172,
    "steer": 0.0004967289278283715,
    "throttle": 0.75,
    "brake": 0.0,
    "is_red_light_present": 0,
    "vehicle_detected_flag": 0,
    "distanse": 25,
    "steer_sequence": [
        -0.00033110129879787564,
        -7.55613946239464e-05,
        9.735904313856736e-05,
        -1.9831364625133574e-05,
        -7.010529225226492e-05,
        -2.8755574021488428e-05,
        0.000274631311185658,
        7.13177869329229e-05,
        -0.00023790742852725089,
        0.00039375724736601114,
        -0.000522671383805573,
        9.657583723310381e-05,
        0.00024255728931166232,
        -0.0005709033575840294,
        0.0004542490642052144,
        0.00015240118955262005,
        -0.00032763471244834363,
        0.00040913073462434113,
        -0.00018942153837997466,
        -0.0004099287907592952
    ],
    "throttle_sequence": [
        0.0,
        0.0,
        0.75,
        0.75,
        0.75,
        0.75,
        0.75,
        0.75,
        0.75,
        0.16004593670368195,
        0.0,
        0.623912513256073,
        0.75,
        0.75,
        0.75,
        0.75,
        0.75,
        0.45634710788726807,
        0.0,
        0.2579983174800873
    ],
    "brake_sequence": [
        0.0036999795120209455,
        0.08619668334722519,
        0.0,
        0.0,
        0.0,
        0.0,
        0.0,
        0.0,
        0.0,
        0.0,
        0.2371082603931427,
        0.0,
        0.0,
        0.0,
        0.0,
        0.0,
        0.0,
        0.0,
        0.04056514799594879,
        0.0
    ],
    "speed_sequence": [
        8.34149169921875,
        8.3643798828125,
        8.097583770751953,
        7.780572891235352,
        7.627170562744141,
        7.626749515533447,
        7.7229180335998535,
        7.883729457855225,
        8.084029197692871,
        8.297574996948242,
        8.407730102539062,
        8.16910171508789,
        7.874337673187256,
        7.736079216003418,
        7.745437145233154,
        7.84856653213501,
        8.014717102050781,
        8.213876724243164,
        8.351228713989258,
        8.268399238586426
    ],
    "light_sequence": [
        0.0,
        0.0,
        0.0,
        0.0,
        0.0,
        0.0,
        0.0,
        0.0,
        0.0,
        0.0,
        0.0,
        0.0,
        0.0,
        0.0,
        0.0,
        0.0,
        0.0,
        0.0,
        0.0,
        0.0
    ],
    "is_collision_event": false
}