{
    "timestamp": 148.3000022098422,
    "x": 1.9793059825897217,
    "y": 165.4889678955078,
    "speed": 7.646196852268904,
    "theta": 6.282840251922607,
    "near_node_x": 1.9769574403762817,
    "near_node_y": 158.59896850585938,
    "near_command": 4,
    "far_node_x": 1.9738236665725708,
    "far_node_y": 152.59898376464844,
    "far_command": 4,
    "angle_near": 0.002137884310179345,
    "angle_far": -0.0027009436798249103,
    "steer": 0.00025628646835684776,
    "throttle": 0.75,
    "brake": 0.0,
    "is_red_light_present": 0,
    "vehicle_detected_flag": 0,
    "distanse": 25,
    "steer_sequence": [
        9.657583723310381e-05,
        0.00024255728931166232,
        -0.0005709033575840294,
        0.0004542490642052144,
        0.00015240118955262005,
        -0.00032763471244834363,
        0.00040913073462434113,
        -0.00018942153837997466,
        -0.0004099287907592952,
        0.0004967289278283715,
        -0.00039652278064750135,
        0.00014211333473213017,
        0.0002824404218699783,
        -0.0002859406522475183,
        0.00032943510450422764,
        -0.00022437416191678494,
        -0.0001258217089343816,
        0.00028821395244449377,
        -0.00039170985110104084,
        0.00013079629570711404
    ],
    "throttle_sequence": [
        0.623912513256073,
        0.75,
        0.75,
        0.75,
        0.75,
        0.75,
        0.45634710788726807,
        0.0,
        0.2579983174800873,
        0.75,
        0.75,
        0.75,
        0.75,
        0.75,
        0.6650072336196899,
        0.015426821075379848,
        0.0,
        0.75,
        0.75,
        0.75
    ],
    "brake_sequence": [
        0.0,
        0.0,
        0.0,
        0.0,
        0.0,
        0.0,
        0.0,
        0.04056514799594879,
        0.0,
        0.0,
        0.0,
        0.0,
        0.0,
        0.0,
        0.0,
        0.0,
        0.14187733829021454,
        0.0,
        0.0,
        0.0
    ],
    "speed_sequence": [
        8.16910171508789,
        7.874337673187256,
        7.736079216003418,
        7.745437145233154,
        7.84856653213501,
        8.014717102050781,
        8.213876724243164,
        8.351228713989258,
        8.268399238586426,
        8.023909568786621,
        7.813401699066162,
        7.763556003570557,
        7.828311920166016,
        7.968712329864502,
        8.155900955200195,
        8.335516929626465,
        8.378808975219727,
        8.108770370483398,
        7.79520845413208,
        7.644737243652344
    ],
    "light_sequence": [
        0.0,
        0.0,
        0.0,
        0.0,
        0.0,
        0.0,
        0.0,
        0.0,
        0.0,
        0.0,
        0.0,
        0.0,
        0.0,
        0.0,
        0.0,
        0.0,
        0.0,
        0.0,
        0.0,
        0.0
    ],
    "is_collision_event": false
}