{
    "timestamp": 141.4000021070242,
    "x": 2.008039951324463,
    "y": 220.72283935546875,
    "speed": 7.776851852400662,
    "theta": 6.282840251922607,
    "near_node_x": 2.005683660507202,
    "near_node_y": 213.59896850585938,
    "near_command": 4,
    "far_node_x": 2.002549886703491,
    "far_node_y": 207.59896850585938,
    "far_command": 4,
    "angle_near": 0.0021020022835274675,
    "angle_far": -0.0029152008119018463,
    "steer": 0.00017035861674230546,
    "throttle": 0.75,
    "brake": 0.0,
    "is_red_light_present": 0,
    "vehicle_detected_flag": 0,
    "distanse": 25,
    "steer_sequence": [
        0.00016904165386222303,
        -0.0004907668917439878,
        0.0002738944604061544,
        -0.000214905827306211,
        0.0002368247223785147,
        0.00015980296302586794,
        -0.00042095445678569376,
        0.00024667600519023836,
        -0.000339722988428548,
        0.00019514033920131624,
        5.866658739250852e-06,
        -0.00030788566800765693,
        0.00044692360097542405,
        -0.00021610892144963145,
        0.00016574982146266848,
        -0.00027160675381310284,
        4.21238255512435e-05,
        0.00018420553533360362,
        -0.00045530879287980497,
        0.0003183360677212477
    ],
    "throttle_sequence": [
        0.3766978681087494,
        0.75,
        0.75,
        0.75,
        0.75,
        0.75,
        0.4144679605960846,
        0.0,
        0.32803234457969666,
        0.75,
        0.75,
        0.75,
        0.75,
        0.75,
        0.4999159276485443,
        0.0,
        0.18072918057441711,
        0.75,
        0.75,
        0.75
    ],
    "brake_sequence": [
        0.0,
        0.0,
        0.0,
        0.0,
        0.0,
        0.0,
        0.0,
        0.05031575262546539,
        0.0,
        0.0,
        0.0,
        0.0,
        0.0,
        0.0,
        0.0,
        0.014261302538216114,
        0.0,
        0.0,
        0.0,
        0.0
    ],
    "speed_sequence": [
        8.23521900177002,
        7.98158073425293,
        7.809192180633545,
        7.791637897491455,
        7.877340793609619,
        8.032042503356934,
        8.2250394821167,
        8.353338241577148,
        8.248239517211914,
        7.9990386962890625,
        7.812282085418701,
        7.7829461097717285,
        7.860982894897461,
        8.010533332824707,
        8.201446533203125,
        8.34347915649414,
        8.289180755615234,
        8.046917915344238,
        7.806382179260254,
        7.729467868804932
    ],
    "light_sequence": [
        0.0,
        0.0,
        0.0,
        0.0,
        0.0,
        0.0,
        0.0,
        0.0,
        0.0,
        0.0,
        0.0,
        0.0,
        0.0,
        0.0,
        0.0,
        0.0,
        0.0,
        0.0,
        0.0,
        0.0
    ],
    "is_collision_event": false
}