{
    "timestamp": 147.7000022009015,
    "x": 1.9818624258041382,
    "y": 170.3022003173828,
    "speed": 8.155901170017048,
    "theta": 6.282840251922607,
    "near_node_x": 1.9790465831756592,
    "near_node_y": 162.59896850585938,
    "near_command": 4,
    "far_node_x": 1.9759128093719482,
    "far_node_y": 156.5989990234375,
    "far_command": 4,
    "angle_near": 0.0024861311491498894,
    "angle_far": -0.00144646100809885,
    "steer": 0.00032943510450422764,
    "throttle": 0.6650072336196899,
    "brake": 0.0,
    "is_red_light_present": 0,
    "vehicle_detected_flag": 0,
    "distanse": 25,
    "steer_sequence": [
        -2.8755574021488428e-05,
        0.000274631311185658,
        7.13177869329229e-05,
        -0.00023790742852725089,
        0.00039375724736601114,
        -0.000522671383805573,
        9.657583723310381e-05,
        0.00024255728931166232,
        -0.0005709033575840294,
        0.0004542490642052144,
        0.00015240118955262005,
        -0.00032763471244834363,
        0.00040913073462434113,
        -0.00018942153837997466,
        -0.0004099287907592952,
        0.0004967289278283715,
        -0.00039652278064750135,
        0.00014211333473213017,
        0.0002824404218699783,
        -0.0002859406522475183
    ],
    "throttle_sequence": [
        0.75,
        0.75,
        0.75,
        0.75,
        0.16004593670368195,
        0.0,
        0.623912513256073,
        0.75,
        0.75,
        0.75,
        0.75,
        0.75,
        0.45634710788726807,
        0.0,
        0.2579983174800873,
        0.75,
        0.75,
        0.75,
        0.75,
        0.75
    ],
    "brake_sequence": [
        0.0,
        0.0,
        0.0,
        0.0,
        0.0,
        0.2371082603931427,
        0.0,
        0.0,
        0.0,
        0.0,
        0.0,
        0.0,
        0.0,
        0.04056514799594879,
        0.0,
        0.0,
        0.0,
        0.0,
        0.0,
        0.0
    ],
    "speed_sequence": [
        7.626749515533447,
        7.7229180335998535,
        7.883729457855225,
        8.084029197692871,
        8.297574996948242,
        8.407730102539062,
        8.16910171508789,
        7.874337673187256,
        7.736079216003418,
        7.745437145233154,
        7.84856653213501,
        8.014717102050781,
        8.213876724243164,
        8.351228713989258,
        8.268399238586426,
        8.023909568786621,
        7.813401699066162,
        7.763556003570557,
        7.828311920166016,
        7.968712329864502
    ],
    "light_sequence": [
        0.0,
        0.0,
        0.0,
        0.0,
        0.0,
        0.0,
        0.0,
        0.0,
        0.0,
        0.0,
        0.0,
        0.0,
        0.0,
        0.0,
        0.0,
        0.0,
        0.0,
        0.0,
        0.0,
        0.0
    ],
    "is_collision_event": false
}