{
    "timestamp": 149.90000223368406,
    "x": 1.972713589668274,
    "y": 153.1044921875,
    "speed": 7.18910576386288,
    "theta": 0.0,
    "near_node_x": 1.9696452617645264,
    "near_node_y": 144.59898376464844,
    "near_command": 4,
    "far_node_x": 1.9665114879608154,
    "far_node_y": 138.59898376464844,
    "far_command": 4,
    "angle_near": -0.0002512805056361433,
    "angle_far": -0.004079941493315528,
    "steer": -0.00018786508007906377,
    "throttle": 0.75,
    "brake": 0.0,
    "is_red_light_present": 0,
    "vehicle_detected_flag": 0,
    "distanse": 25,
    "steer_sequence": [
        -0.0001258217089343816,
        0.00028821395244449377,
        -0.00039170985110104084,
        0.00013079629570711404,
        0.00025628646835684776,
        -0.0003231853770557791,
        0.00042155999108217657,
        -0.00018606653611641377,
        0.0001530645677121356,
        -0.000348073459463194,
        9.235957259079441e-05,
        0.00015152095875237137,
        -0.00039827596629038453,
        0.0003810157941188663,
        0.00012513546971604228,
        -0.0006367413443513215,
        0.0004879457119386643,
        7.436596206389368e-05,
        -0.0005540944985114038,
        0.0005288154352456331
    ],
    "throttle_sequence": [
        0.0,
        0.75,
        0.75,
        0.75,
        0.75,
        0.75,
        0.75,
        0.75,
        0.08167403936386108,
        0.0,
        0.6647655367851257,
        0.75,
        0.75,
        0.75,
        0.0,
        0.0,
        0.75,
        0.75,
        0.75,
        0.75
    ],
    "brake_sequence": [
        0.14187733829021454,
        0.0,
        0.0,
        0.0,
        0.0,
        0.0,
        0.0,
        0.0,
        0.0,
        0.30000001192092896,
        0.0,
        0.0,
        0.0,
        0.0,
        0.30000001192092896,
        0.30000001192092896,
        0.0,
        0.0,
        0.0,
        0.0
    ],
    "speed_sequence": [
        8.378808975219727,
        8.108770370483398,
        7.79520845413208,
        7.644737243652344,
        7.6461968421936035,
        7.743678092956543,
        7.905594825744629,
        8.105814933776855,
        8.318951606750488,
        8.42492961883545,
        8.157371520996094,
        7.849276065826416,
        7.707547664642334,
        7.714656829833984,
        7.816174507141113,
        7.797868251800537,
        7.505819320678711,
        7.21690559387207,
        7.08336067199707,
        7.09026575088501
    ],
    "light_sequence": [
        0.0,
        0.0,
        0.0,
        0.0,
        0.0,
        0.0,
        0.0,
        0.0,
        0.0,
        0.0,
        0.0,
        0.0,
        0.0,
        0.0,
        0.0,
        0.0,
        0.0,
        0.0,
        0.0,
        0.0
    ],
    "is_collision_event": false
}