{
    "timestamp": 141.00000210106373,
    "x": 2.0097107887268066,
    "y": 223.87796020507812,
    "speed": 8.289180459623731,
    "theta": 0.0,
    "near_node_x": 2.006728172302246,
    "near_node_y": 215.59896850585938,
    "near_command": 4,
    "far_node_x": 2.003594398498535,
    "far_node_y": 209.59896850585938,
    "far_command": 4,
    "angle_near": -0.0007836978978209087,
    "angle_far": -0.00468471726094127,
    "steer": 4.21238255512435e-05,
    "throttle": 0.18072918057441711,
    "brake": 0.0,
    "is_red_light_present": 0,
    "vehicle_detected_flag": 0,
    "distanse": 25,
    "steer_sequence": [
        -0.0007217458332888782,
        0.0006306924042291939,
        -0.0004368764057289809,
        -3.447022754698992e-05,
        0.00016904165386222303,
        -0.0004907668917439878,
        0.0002738944604061544,
        -0.000214905827306211,
        0.0002368247223785147,
        0.00015980296302586794,
        -0.00042095445678569376,
        0.00024667600519023836,
        -0.000339722988428548,
        0.00019514033920131624,
        5.866658739250852e-06,
        -0.00030788566800765693,
        0.00044692360097542405,
        -0.00021610892144963145,
        0.00016574982146266848,
        -0.00027160675381310284
    ],
    "throttle_sequence": [
        0.75,
        0.75,
        0.3828340470790863,
        0.0,
        0.3766978681087494,
        0.75,
        0.75,
        0.75,
        0.75,
        0.75,
        0.4144679605960846,
        0.0,
        0.32803234457969666,
        0.75,
        0.75,
        0.75,
        0.75,
        0.75,
        0.4999159276485443,
        0.0
    ],
    "brake_sequence": [
        0.0,
        0.0,
        0.0,
        0.07426636666059494,
        0.0,
        0.0,
        0.0,
        0.0,
        0.0,
        0.0,
        0.0,
        0.05031575262546539,
        0.0,
        0.0,
        0.0,
        0.0,
        0.0,
        0.0,
        0.0,
        0.014261302538216114
    ],
    "speed_sequence": [
        7.8687286376953125,
        8.035253524780273,
        8.234074592590332,
        8.360330581665039,
        8.23521900177002,
        7.98158073425293,
        7.809192180633545,
        7.791637897491455,
        7.877340793609619,
        8.032042503356934,
        8.2250394821167,
        8.353338241577148,
        8.248239517211914,
        7.9990386962890625,
        7.812282085418701,
        7.7829461097717285,
        7.860982894897461,
        8.010533332824707,
        8.201446533203125,
        8.34347915649414
    ],
    "light_sequence": [
        0.0,
        0.0,
        0.0,
        0.0,
        0.0,
        0.0,
        0.0,
        0.0,
        0.0,
        0.0,
        0.0,
        0.0,
        0.0,
        0.0,
        0.0,
        0.0,
        0.0,
        0.0,
        0.0,
        0.0
    ],
    "is_collision_event": false
}