{
    "timestamp": 145.40000216662884,
    "x": 1.9914697408676147,
    "y": 188.6173553466797,
    "speed": 8.097583893823556,
    "theta": 6.282840251922607,
    "near_node_x": 1.98792564868927,
    "near_node_y": 179.59896850585938,
    "near_command": 4,
    "far_node_x": 1.984791874885559,
    "far_node_y": 173.59896850585938,
    "far_command": 4,
    "angle_near": -5.622331158377514e-05,
    "angle_far": -0.0030161723225335304,
    "steer": 9.735904313856736e-05,
    "throttle": 0.75,
    "brake": 0.0,
    "is_red_light_present": 0,
    "vehicle_detected_flag": 0,
    "distanse": 25,
    "steer_sequence": [
        -0.00021481429575942457,
        -2.6435898689669557e-05,
        0.00024154501443263143,
        -0.0004416101728565991,
        0.00019971678557340056,
        0.00024043448502197862,
        -0.0003408250631764531,
        0.0004373910487629473,
        -0.00020842015510424972,
        0.00015166355296969414,
        -0.00032463541720062494,
        6.216521433088928e-05,
        0.00014465212007053196,
        -0.00037702001282013953,
        0.00036293608718551695,
        0.00012672157026827335,
        -0.0002736790629569441,
        0.00040163478115573525,
        -0.00033110129879787564,
        -7.55613946239464e-05
    ],
    "throttle_sequence": [
        0.006411910988390446,
        0.046375613659620285,
        0.75,
        0.75,
        0.75,
        0.75,
        0.75,
        0.75,
        0.7454793453216553,
        0.0,
        0.0,
        0.6702075600624084,
        0.75,
        0.75,
        0.75,
        0.75,
        0.75,
        0.6324339509010315,
        0.0,
        0.0
    ],
    "brake_sequence": [
        0.0,
        0.0,
        0.0,
        0.0,
        0.0,
        0.0,
        0.0,
        0.0,
        0.0,
        0.01925102062523365,
        0.30000001192092896,
        0.0,
        0.0,
        0.0,
        0.0,
        0.0,
        0.0,
        0.0,
        0.0036999795120209455,
        0.08619668334722519
    ],
    "speed_sequence": [
        8.337851524353027,
        8.326501846313477,
        8.082098007202148,
        7.783661365509033,
        7.650125026702881,
        7.662016868591309,
        7.766390800476074,
        7.933119297027588,
        8.134896278381348,
        8.346884727478027,
        8.440208435058594,
        8.15560245513916,
        7.840966701507568,
        7.696167469024658,
        7.7013840675354,
        7.801618576049805,
        7.965778827667236,
        8.165321350097656,
        8.34149169921875,
        8.3643798828125
    ],
    "light_sequence": [
        0.0,
        0.0,
        0.0,
        0.0,
        0.0,
        0.0,
        0.0,
        0.0,
        0.0,
        0.0,
        0.0,
        0.0,
        0.0,
        0.0,
        0.0,
        0.0,
        0.0,
        0.0,
        0.0,
        0.0
    ],
    "is_collision_event": false
}