{
    "timestamp": 143.9000021442771,
    "x": 1.9976552724838257,
    "y": 200.677734375,
    "speed": 7.662016922486048,
    "theta": 6.282840251922607,
    "near_node_x": 1.9952377080917358,
    "near_node_y": 193.59896850585938,
    "near_command": 4,
    "far_node_x": 1.992103934288025,
    "far_node_y": 187.59896850585938,
    "far_command": 4,
    "angle_near": 0.0021956366961353945,
    "angle_far": -0.002555950562429911,
    "steer": 0.00024043448502197862,
    "throttle": 0.75,
    "brake": 0.0,
    "is_red_light_present": 0,
    "vehicle_detected_flag": 0,
    "distanse": 25,
    "steer_sequence": [
        -6.516051507787779e-05,
        0.00015262755914591253,
        -8.626869384897873e-05,
        -0.0001149778618128039,
        0.0003575434093363583,
        3.8058315112721175e-05,
        -0.0002802104572765529,
        0.00020602598669938743,
        -0.0003204804961569607,
        0.00020600523566827178,
        -4.537994755082764e-06,
        -0.000255626771831885,
        0.0004124595143366605,
        -0.0001750618393998593,
        0.0001592466578586027,
        -0.00021481429575942457,
        -2.6435898689669557e-05,
        0.00024154501443263143,
        -0.0004416101728565991,
        0.00019971678557340056
    ],
    "throttle_sequence": [
        0.6152803897857666,
        0.75,
        0.75,
        0.75,
        0.75,
        0.75,
        0.435333788394928,
        0.0,
        0.2935961186885834,
        0.75,
        0.75,
        0.75,
        0.75,
        0.75,
        0.5727686882019043,
        0.006411910988390446,
        0.046375613659620285,
        0.75,
        0.75,
        0.75
    ],
    "brake_sequence": [
        0.0,
        0.0,
        0.0,
        0.0,
        0.0,
        0.0,
        0.0,
        0.049486901611089706,
        0.0,
        0.0,
        0.0,
        0.0,
        0.0,
        0.0,
        0.0,
        0.0,
        0.0,
        0.0,
        0.0,
        0.0
    ],
    "speed_sequence": [
        8.169488906860352,
        7.878347873687744,
        7.7408576011657715,
        7.750709533691406,
        7.854179859161377,
        8.020553588867188,
        8.219661712646484,
        8.353655815124512,
        8.258472442626953,
        8.012003898620605,
        7.814120292663574,
        7.775130748748779,
        7.846900939941406,
        7.992173671722412,
        8.181341171264648,
        8.337851524353027,
        8.326501846313477,
        8.082098007202148,
        7.783661365509033,
        7.650125026702881
    ],
    "light_sequence": [
        0.0,
        0.0,
        0.0,
        0.0,
        0.0,
        0.0,
        0.0,
        0.0,
        0.0,
        0.0,
        0.0,
        0.0,
        0.0,
        0.0,
        0.0,
        0.0,
        0.0,
        0.0,
        0.0,
        0.0
    ],
    "is_collision_event": false
}