{
    "timestamp": 149.60000222921371,
    "x": 1.9739184379577637,
    "y": 155.24053955078125,
    "speed": 7.216905582931249,
    "theta": 0.0,
    "near_node_x": 1.9717344045639038,
    "near_node_y": 148.59898376464844,
    "near_command": 4,
    "far_node_x": 1.9686006307601929,
    "far_node_y": 142.5989990234375,
    "far_command": 4,
    "angle_near": 0.001788324950983234,
    "angle_far": -0.0034724400640275856,
    "steer": 7.436596206389368e-05,
    "throttle": 0.75,
    "brake": 0.0,
    "is_red_light_present": 0,
    "vehicle_detected_flag": 0,
    "distanse": 25,
    "steer_sequence": [
        -0.0002859406522475183,
        0.00032943510450422764,
        -0.00022437416191678494,
        -0.0001258217089343816,
        0.00028821395244449377,
        -0.00039170985110104084,
        0.00013079629570711404,
        0.00025628646835684776,
        -0.0003231853770557791,
        0.00042155999108217657,
        -0.00018606653611641377,
        0.0001530645677121356,
        -0.000348073459463194,
        9.235957259079441e-05,
        0.00015152095875237137,
        -0.00039827596629038453,
        0.0003810157941188663,
        0.00012513546971604228,
        -0.0006367413443513215,
        0.0004879457119386643
    ],
    "throttle_sequence": [
        0.75,
        0.6650072336196899,
        0.015426821075379848,
        0.0,
        0.75,
        0.75,
        0.75,
        0.75,
        0.75,
        0.75,
        0.75,
        0.08167403936386108,
        0.0,
        0.6647655367851257,
        0.75,
        0.75,
        0.75,
        0.0,
        0.0,
        0.75
    ],
    "brake_sequence": [
        0.0,
        0.0,
        0.0,
        0.14187733829021454,
        0.0,
        0.0,
        0.0,
        0.0,
        0.0,
        0.0,
        0.0,
        0.0,
        0.30000001192092896,
        0.0,
        0.0,
        0.0,
        0.0,
        0.30000001192092896,
        0.30000001192092896,
        0.0
    ],
    "speed_sequence": [
        7.968712329864502,
        8.155900955200195,
        8.335516929626465,
        8.378808975219727,
        8.108770370483398,
        7.79520845413208,
        7.644737243652344,
        7.6461968421936035,
        7.743678092956543,
        7.905594825744629,
        8.105814933776855,
        8.318951606750488,
        8.42492961883545,
        8.157371520996094,
        7.849276065826416,
        7.707547664642334,
        7.714656829833984,
        7.816174507141113,
        7.797868251800537,
        7.505819320678711
    ],
    "light_sequence": [
        0.0,
        0.0,
        0.0,
        0.0,
        0.0,
        0.0,
        0.0,
        0.0,
        0.0,
        0.0,
        0.0,
        0.0,
        0.0,
        0.0,
        0.0,
        0.0,
        0.0,
        0.0,
        0.0,
        0.0
    ],
    "is_collision_event": false
}