{
    "timestamp": 154.70000230520964,
    "x": 1.9540197849273682,
    "y": 118.69388580322266,
    "speed": 5.863556488049615,
    "theta": 6.282840251922607,
    "near_node_x": 1.9529317617416382,
    "near_node_y": 112.5989761352539,
    "near_command": 4,
    "far_node_x": 1.9497979879379272,
    "far_node_y": 106.5989761352539,
    "far_command": 4,
    "angle_near": 0.008755535938654298,
    "angle_far": -0.0010158152661930934,
    "steer": 0.0016558083007112145,
    "throttle": 0.75,
    "brake": 0.0,
    "is_red_light_present": 0,
    "vehicle_detected_flag": 0,
    "distanse": 25,
    "steer_sequence": [
        -0.00023332543787546456,
        0.0003969661192968488,
        -0.0002274191501783207,
        -0.00017935724463313818,
        2.3954529751790687e-05,
        0.00015289950533770025,
        -0.0001650895137572661,
        0.0003208800626453012,
        -0.011600103229284286,
        -0.032063424587249756,
        0.007461970206350088,
        -0.0024928729981184006,
        -0.005427958909422159,
        0.0003967061056755483,
        -0.004347676411271095,
        0.0003076803404837847,
        -0.0001901287614600733,
        -0.0007364291814155877,
        -0.0007622091216035187,
        0.001079067587852478
    ],
    "throttle_sequence": [
        0.75,
        0.75,
        0.0,
        0.0,
        0.0,
        0.0,
        0.0,
        0.0,
        0.75,
        0.75,
        0.75,
        0.75,
        0.75,
        0.75,
        0.75,
        0.75,
        0.75,
        0.75,
        0.75,
        0.75
    ],
    "brake_sequence": [
        0.0,
        0.0,
        0.30000001192092896,
        0.30000001192092896,
        0.30000001192092896,
        0.30000001192092896,
        0.30000001192092896,
        0.24698376655578613,
        0.0,
        0.0,
        0.0,
        0.0,
        0.0,
        0.0,
        0.0,
        0.0,
        0.0,
        0.0,
        0.0,
        0.0
    ],
    "speed_sequence": [
        7.885667324066162,
        8.050543785095215,
        8.248159408569336,
        8.266357421875,
        7.96679162979126,
        7.52072811126709,
        7.017758369445801,
        6.725398063659668,
        6.047257423400879,
        5.073616027832031,
        4.577877998352051,
        4.464279651641846,
        4.546267986297607,
        4.706346035003662,
        4.89682149887085,
        5.097254753112793,
        5.24456262588501,
        5.214579105377197,
        5.240943908691406,
        5.246654033660889
    ],
    "light_sequence": [
        0.0,
        0.0,
        0.0,
        0.0,
        0.0,
        0.0,
        0.0,
        0.0,
        0.0,
        0.0,
        0.0,
        0.0,
        0.0,
        0.0,
        0.0,
        0.0,
        0.0,
        0.0,
        0.0,
        0.0
    ],
    "is_collision_event": false
}