{
    "timestamp": 150.30000223964453,
    "x": 1.9711849689483643,
    "y": 150.07186889648438,
    "speed": 8.01000330255443,
    "theta": 6.2826972007751465,
    "near_node_x": 1.9686006307601929,
    "near_node_y": 142.5989990234375,
    "near_command": 4,
    "far_node_x": 1.965466856956482,
    "far_node_y": 136.59898376464844,
    "far_command": 4,
    "angle_near": 0.002830016482099359,
    "angle_far": -0.0016726796199529863,
    "steer": 0.0003095929278060794,
    "throttle": 0.75,
    "brake": 0.0,
    "is_red_light_present": 0,
    "vehicle_detected_flag": 0,
    "distanse": 25,
    "steer_sequence": [
        0.00025628646835684776,
        -0.0003231853770557791,
        0.00042155999108217657,
        -0.00018606653611641377,
        0.0001530645677121356,
        -0.000348073459463194,
        9.235957259079441e-05,
        0.00015152095875237137,
        -0.00039827596629038453,
        0.0003810157941188663,
        0.00012513546971604228,
        -0.0006367413443513215,
        0.0004879457119386643,
        7.436596206389368e-05,
        -0.0005540944985114038,
        0.0005288154352456331,
        -0.00018786508007906377,
        0.00012709190195892006,
        0.0002507067401893437,
        -0.0002409538283245638
    ],
    "throttle_sequence": [
        0.75,
        0.75,
        0.75,
        0.75,
        0.08167403936386108,
        0.0,
        0.6647655367851257,
        0.75,
        0.75,
        0.75,
        0.0,
        0.0,
        0.75,
        0.75,
        0.75,
        0.75,
        0.75,
        0.75,
        0.75,
        0.75
    ],
    "brake_sequence": [
        0.0,
        0.0,
        0.0,
        0.0,
        0.0,
        0.30000001192092896,
        0.0,
        0.0,
        0.0,
        0.0,
        0.30000001192092896,
        0.30000001192092896,
        0.0,
        0.0,
        0.0,
        0.0,
        0.0,
        0.0,
        0.0,
        0.0
    ],
    "speed_sequence": [
        7.6461968421936035,
        7.743678092956543,
        7.905594825744629,
        8.105814933776855,
        8.318951606750488,
        8.42492961883545,
        8.157371520996094,
        7.849276065826416,
        7.707547664642334,
        7.714656829833984,
        7.816174507141113,
        7.797868251800537,
        7.505819320678711,
        7.21690559387207,
        7.08336067199707,
        7.09026575088501,
        7.189105987548828,
        7.348822116851807,
        7.548420429229736,
        7.776463985443115
    ],
    "light_sequence": [
        0.0,
        0.0,
        0.0,
        0.0,
        0.0,
        0.0,
        0.0,
        0.0,
        0.0,
        0.0,
        0.0,
        0.0,
        0.0,
        0.0,
        0.0,
        0.0,
        0.0,
        0.0,
        0.0,
        0.0
    ],
    "is_collision_event": false
}