{
    "timestamp": 158.9000023677945,
    "x": 1.9406390190124512,
    "y": 92.81951904296875,
    "speed": 6.122311878683823,
    "theta": 0.0,
    "near_node_x": 1.9404767751693726,
    "near_node_y": 86.60262298583984,
    "near_command": 4,
    "far_node_x": 1.9427881240844727,
    "far_node_y": 80.60262298583984,
    "far_command": 4,
    "angle_near": -0.010973059727068376,
    "angle_far": 0.0006012474409685207,
    "steer": -0.00015738862566649914,
    "throttle": 0.75,
    "brake": 0.0,
    "is_red_light_present": 0,
    "vehicle_detected_flag": 0,
    "distanse": 25,
    "steer_sequence": [
        7.650072075193748e-05,
        -0.0004687732725869864,
        -0.0006483037723228335,
        -0.00011998247646261007,
        -0.0002870468597393483,
        -0.0005992472870275378,
        1.2355006219877396e-05,
        -0.0003387214383110404,
        -0.00037733398494310677,
        -5.515273369383067e-05,
        -0.0008601336739957333,
        -0.0007295942050404847,
        3.0545568733941764e-05,
        -0.00041269874782301486,
        -0.0007821070030331612,
        8.029346645344049e-05,
        -0.00022866897052153945,
        -7.135768100852147e-05,
        -0.0010587347205728292,
        -0.00047423294745385647
    ],
    "throttle_sequence": [
        0.75,
        0.75,
        0.75,
        0.75,
        0.75,
        0.7167891263961792,
        0.0,
        0.0,
        0.3448270559310913,
        0.75,
        0.75,
        0.75,
        0.75,
        0.75,
        0.4609833359718323,
        0.0,
        0.03993571922183037,
        0.7290803790092468,
        0.75,
        0.75
    ],
    "brake_sequence": [
        0.0,
        0.0,
        0.0,
        0.0,
        0.0,
        0.0,
        0.04537224769592285,
        0.30000001192092896,
        0.0,
        0.0,
        0.0,
        0.0,
        0.0,
        0.0,
        0.0,
        0.10898511856794357,
        0.0,
        0.0,
        0.0,
        0.0
    ],
    "speed_sequence": [
        6.223519325256348,
        6.067860126495361,
        6.050513744354248,
        6.131331443786621,
        6.280176162719727,
        6.473499774932861,
        6.685083866119385,
        6.790608882904053,
        6.5780181884765625,
        6.3354058265686035,
        6.171509742736816,
        6.141147613525391,
        6.212836265563965,
        6.355384349822998,
        6.54453182220459,
        6.702269554138184,
        6.660983085632324,
        6.470377445220947,
        6.232036113739014,
        6.113273620605469
    ],
    "light_sequence": [
        0.0,
        0.0,
        0.0,
        0.0,
        0.0,
        0.0,
        0.0,
        0.0,
        0.0,
        0.0,
        0.0,
        0.0,
        0.0,
        0.0,
        0.0,
        0.0,
        0.0,
        0.0,
        0.0,
        0.0
    ],
    "is_collision_event": false
}