{
    "timestamp": 158.40000236034393,
    "x": 1.9423764944076538,
    "y": 96.01806640625,
    "speed": 6.702269656367642,
    "theta": 0.0,
    "near_node_x": 1.940396785736084,
    "near_node_y": 88.59899139404297,
    "near_command": 4,
    "far_node_x": 1.942017674446106,
    "far_node_y": 82.60262298583984,
    "far_command": 4,
    "angle_near": -0.009064019272915188,
    "angle_far": 0.004692329171484502,
    "steer": 8.029346645344049e-05,
    "throttle": 0.0,
    "brake": 0.10898511856794357,
    "is_red_light_present": 0,
    "vehicle_detected_flag": 0,
    "distanse": 25,
    "steer_sequence": [
        0.0027201753109693527,
        -0.0015951652312651277,
        0.0002186912315664813,
        0.0007587388972751796,
        -0.0012571434490382671,
        7.650072075193748e-05,
        -0.0004687732725869864,
        -0.0006483037723228335,
        -0.00011998247646261007,
        -0.0002870468597393483,
        -0.0005992472870275378,
        1.2355006219877396e-05,
        -0.0003387214383110404,
        -0.00037733398494310677,
        -5.515273369383067e-05,
        -0.0008601336739957333,
        -0.0007295942050404847,
        3.0545568733941764e-05,
        -0.00041269874782301486,
        -0.0007821070030331612
    ],
    "throttle_sequence": [
        0.75,
        0.20814116299152374,
        0.0,
        0.0,
        0.5715802907943726,
        0.75,
        0.75,
        0.75,
        0.75,
        0.75,
        0.7167891263961792,
        0.0,
        0.0,
        0.3448270559310913,
        0.75,
        0.75,
        0.75,
        0.75,
        0.75,
        0.4609833359718323
    ],
    "brake_sequence": [
        0.0,
        0.0,
        0.30000001192092896,
        0.30000001192092896,
        0.0,
        0.0,
        0.0,
        0.0,
        0.0,
        0.0,
        0.0,
        0.04537224769592285,
        0.30000001192092896,
        0.0,
        0.0,
        0.0,
        0.0,
        0.0,
        0.0,
        0.0
    ],
    "speed_sequence": [
        5.993168830871582,
        6.642181396484375,
        7.000075340270996,
        6.880681037902832,
        6.527202129364014,
        6.223519325256348,
        6.067860126495361,
        6.050513744354248,
        6.131331443786621,
        6.280176162719727,
        6.473499774932861,
        6.685083866119385,
        6.790608882904053,
        6.5780181884765625,
        6.3354058265686035,
        6.171509742736816,
        6.141147613525391,
        6.212836265563965,
        6.355384349822998,
        6.54453182220459
    ],
    "light_sequence": [
        0.0,
        0.0,
        0.0,
        0.0,
        0.0,
        0.0,
        0.0,
        0.0,
        0.0,
        0.0,
        0.0,
        0.0,
        0.0,
        0.0,
        0.0,
        0.0,
        0.0,
        0.0,
        0.0,
        0.0
    ],
    "is_collision_event": false
}