{
    "timestamp": 156.10000232607126,
    "x": 1.9500439167022705,
    "y": 110.54209899902344,
    "speed": 5.172285840446468,
    "theta": 0.0,
    "near_node_x": 1.9487534761428833,
    "near_node_y": 104.5989761352539,
    "near_command": 4,
    "far_node_x": 1.9456197023391724,
    "far_node_y": 98.5989761352539,
    "far_command": 4,
    "angle_near": -0.0066735473519847575,
    "angle_far": -0.015457482163132759,
    "steer": -1.134445597017475e-06,
    "throttle": 0.75,
    "brake": 0.0,
    "is_red_light_present": 0,
    "vehicle_detected_flag": 0,
    "distanse": 25,
    "steer_sequence": [
        -0.004347676411271095,
        0.0003076803404837847,
        -0.0001901287614600733,
        -0.0007364291814155877,
        -0.0007622091216035187,
        0.001079067587852478,
        0.0016558083007112145,
        -0.0013704481534659863,
        0.00026929762680083513,
        0.00016549327119719237,
        -0.0010242583230137825,
        0.00018020623247139156,
        0.00011450085003161803,
        -0.007677262648940086,
        -0.007107923738658428,
        0.005029135383665562,
        -0.0032056046184152365,
        -0.0006928436341695487,
        -0.0006529104430228472,
        0.0013004933716729283
    ],
    "throttle_sequence": [
        0.75,
        0.75,
        0.75,
        0.75,
        0.75,
        0.75,
        0.75,
        0.5111311078071594,
        0.0,
        0.0,
        0.0,
        0.75,
        0.75,
        0.75,
        0.75,
        0.75,
        0.75,
        0.75,
        0.75,
        0.75
    ],
    "brake_sequence": [
        0.0,
        0.0,
        0.0,
        0.0,
        0.0,
        0.0,
        0.0,
        0.0,
        0.30000001192092896,
        0.30000001192092896,
        0.0537535734474659,
        0.0,
        0.0,
        0.0,
        0.0,
        0.0,
        0.0,
        0.0,
        0.0,
        0.0
    ],
    "speed_sequence": [
        4.89682149887085,
        5.097254753112793,
        5.24456262588501,
        5.214579105377197,
        5.240943908691406,
        5.246654033660889,
        5.863556385040283,
        6.559553623199463,
        6.985034942626953,
        7.006206512451172,
        6.700350284576416,
        6.366601943969727,
        6.233731746673584,
        5.698302268981934,
        5.060168266296387,
        4.850484848022461,
        4.854886531829834,
        4.977248191833496,
        5.110463619232178,
        5.191547870635986
    ],
    "light_sequence": [
        0.0,
        0.0,
        0.0,
        0.0,
        0.0,
        0.0,
        0.0,
        0.0,
        0.0,
        0.0,
        0.0,
        0.0,
        0.0,
        0.0,
        0.0,
        0.0,
        0.0,
        0.0,
        0.0,
        0.0
    ],
    "is_collision_event": false
}