{
    "timestamp": 153.50000228732824,
    "x": 1.9568651914596558,
    "y": 124.72000885009766,
    "speed": 6.0472576605889445,
    "theta": 0.0017605233006179333,
    "near_node_x": 1.9560655355453491,
    "near_node_y": 118.59896850585938,
    "near_command": 4,
    "far_node_x": 1.9529317617416382,
    "far_node_y": 112.5989761352539,
    "far_command": 4,
    "angle_near": -0.11005842725288573,
    "angle_far": -0.12116648727028732,
    "steer": -0.011600103229284286,
    "throttle": 0.75,
    "brake": 0.0,
    "is_red_light_present": 0,
    "vehicle_detected_flag": 0,
    "distanse": 25,
    "steer_sequence": [
        0.00021135689166840166,
        2.6508378141443245e-06,
        -0.0003169019182678312,
        0.000433836888987571,
        -0.00019044932560063899,
        0.00020714630954898894,
        -8.04848168627359e-05,
        -0.00012289272854104638,
        6.296981882769614e-05,
        -0.00017177159315906465,
        0.00011139279376948252,
        0.00016127954586409032,
        -0.00023332543787546456,
        0.0003969661192968488,
        -0.0002274191501783207,
        -0.00017935724463313818,
        2.3954529751790687e-05,
        0.00015289950533770025,
        -0.0001650895137572661,
        0.0003208800626453012
    ],
    "throttle_sequence": [
        0.75,
        0.75,
        0.75,
        0.75,
        0.75,
        0.75,
        0.26882049441337585,
        0.0,
        0.5264788866043091,
        0.75,
        0.75,
        0.75,
        0.75,
        0.75,
        0.0,
        0.0,
        0.0,
        0.0,
        0.0,
        0.0
    ],
    "brake_sequence": [
        0.0,
        0.0,
        0.0,
        0.0,
        0.0,
        0.0,
        0.0,
        0.1480759233236313,
        0.0,
        0.0,
        0.0,
        0.0,
        0.0,
        0.0,
        0.30000001192092896,
        0.30000001192092896,
        0.30000001192092896,
        0.30000001192092896,
        0.30000001192092896,
        0.24698376655578613
    ],
    "speed_sequence": [
        8.053532600402832,
        7.802683353424072,
        7.71640157699585,
        7.757823467254639,
        7.882153034210205,
        8.061602592468262,
        8.265999794006348,
        8.381339073181152,
        8.194377899169922,
        7.920332908630371,
        7.778176784515381,
        7.784427642822266,
        7.885667324066162,
        8.050543785095215,
        8.248159408569336,
        8.266357421875,
        7.96679162979126,
        7.52072811126709,
        7.017758369445801,
        6.725398063659668
    ],
    "light_sequence": [
        0.0,
        0.0,
        0.0,
        0.0,
        0.0,
        0.0,
        0.0,
        0.0,
        0.0,
        0.0,
        0.0,
        0.0,
        0.0,
        0.0,
        0.0,
        0.0,
        0.0,
        0.0,
        0.0,
        0.0
    ],
    "is_collision_event": false
}