{
    "timestamp": 152.90000227838755,
    "x": 1.9604544639587402,
    "y": 129.18394470214844,
    "speed": 8.248159762650555,
    "theta": 6.282840251922607,
    "near_node_x": 1.9571101665496826,
    "near_node_y": 120.59896850585938,
    "near_command": 4,
    "far_node_x": 1.9539763927459717,
    "far_node_y": 114.5989761352539,
    "far_command": 4,
    "angle_near": -0.0001737243371156999,
    "angle_far": -0.0033025587557021195,
    "steer": -0.0002274191501783207,
    "throttle": 0.0,
    "brake": 0.30000001192092896,
    "is_red_light_present": 0,
    "vehicle_detected_flag": 0,
    "distanse": 25,
    "steer_sequence": [
        -0.00020085053984075785,
        0.00042616802966222167,
        2.680614124983549e-05,
        -0.0003059344890061766,
        0.0002804382238537073,
        -0.0003704367845784873,
        0.00021135689166840166,
        2.6508378141443245e-06,
        -0.0003169019182678312,
        0.000433836888987571,
        -0.00019044932560063899,
        0.00020714630954898894,
        -8.04848168627359e-05,
        -0.00012289272854104638,
        6.296981882769614e-05,
        -0.00017177159315906465,
        0.00011139279376948252,
        0.00016127954586409032,
        -0.00023332543787546456,
        0.0003969661192968488
    ],
    "throttle_sequence": [
        0.75,
        0.75,
        0.75,
        0.5130558609962463,
        0.0,
        0.15612883865833282,
        0.75,
        0.75,
        0.75,
        0.75,
        0.75,
        0.75,
        0.26882049441337585,
        0.0,
        0.5264788866043091,
        0.75,
        0.75,
        0.75,
        0.75,
        0.75
    ],
    "brake_sequence": [
        0.0,
        0.0,
        0.0,
        0.0,
        0.008793346583843231,
        0.0,
        0.0,
        0.0,
        0.0,
        0.0,
        0.0,
        0.0,
        0.0,
        0.1480759233236313,
        0.0,
        0.0,
        0.0,
        0.0,
        0.0,
        0.0
    ],
    "speed_sequence": [
        7.785282135009766,
        7.860252380371094,
        8.0077543258667,
        8.197680473327637,
        8.34179401397705,
        8.29586124420166,
        8.053532600402832,
        7.802683353424072,
        7.71640157699585,
        7.757823467254639,
        7.882153034210205,
        8.061602592468262,
        8.265999794006348,
        8.381339073181152,
        8.194377899169922,
        7.920332908630371,
        7.778176784515381,
        7.784427642822266,
        7.885667324066162,
        8.050543785095215
    ],
    "light_sequence": [
        0.0,
        0.0,
        0.0,
        0.0,
        0.0,
        0.0,
        0.0,
        0.0,
        0.0,
        0.0,
        0.0,
        0.0,
        0.0,
        0.0,
        0.0,
        0.0,
        0.0,
        0.0,
        0.0,
        0.0
    ],
    "is_collision_event": false
}