{
    "timestamp": 151.10000225156546,
    "x": 1.9678946733474731,
    "y": 143.63601684570312,
    "speed": 8.007754484329404,
    "theta": 6.282840251922607,
    "near_node_x": 1.965466856956482,
    "near_node_y": 136.59898376464844,
    "near_command": 4,
    "far_node_x": 1.962333083152771,
    "far_node_y": 130.59898376464844,
    "far_command": 4,
    "angle_near": 0.002037099389141659,
    "angle_far": -0.0026378743421860864,
    "steer": 2.680614124983549e-05,
    "throttle": 0.75,
    "brake": 0.0,
    "is_red_light_present": 0,
    "vehicle_detected_flag": 0,
    "distanse": 25,
    "steer_sequence": [
        -0.00039827596629038453,
        0.0003810157941188663,
        0.00012513546971604228,
        -0.0006367413443513215,
        0.0004879457119386643,
        7.436596206389368e-05,
        -0.0005540944985114038,
        0.0005288154352456331,
        -0.00018786508007906377,
        0.00012709190195892006,
        0.0002507067401893437,
        -0.0002409538283245638,
        0.0003095929278060794,
        -0.00018933367391582578,
        -4.484477176447399e-05,
        -0.0002327000256627798,
        0.0003088272933382541,
        -0.00012497801799327135,
        -0.00020085053984075785,
        0.00042616802966222167
    ],
    "throttle_sequence": [
        0.75,
        0.75,
        0.0,
        0.0,
        0.75,
        0.75,
        0.75,
        0.75,
        0.75,
        0.75,
        0.75,
        0.75,
        0.75,
        0.4183381497859955,
        0.0,
        0.3125549554824829,
        0.75,
        0.75,
        0.75,
        0.75
    ],
    "brake_sequence": [
        0.0,
        0.0,
        0.30000001192092896,
        0.30000001192092896,
        0.0,
        0.0,
        0.0,
        0.0,
        0.0,
        0.0,
        0.0,
        0.0,
        0.0,
        0.0,
        0.10004021972417831,
        0.0,
        0.0,
        0.0,
        0.0,
        0.0
    ],
    "speed_sequence": [
        7.707547664642334,
        7.714656829833984,
        7.816174507141113,
        7.797868251800537,
        7.505819320678711,
        7.21690559387207,
        7.08336067199707,
        7.09026575088501,
        7.189105987548828,
        7.348822116851807,
        7.548420429229736,
        7.776463985443115,
        8.010003089904785,
        8.237846374511719,
        8.379666328430176,
        8.26249885559082,
        8.011962890625,
        7.819397449493408,
        7.785282135009766,
        7.860252380371094
    ],
    "light_sequence": [
        0.0,
        0.0,
        0.0,
        0.0,
        0.0,
        0.0,
        0.0,
        0.0,
        0.0,
        0.0,
        0.0,
        0.0,
        0.0,
        0.0,
        0.0,
        0.0,
        0.0,
        0.0,
        0.0,
        0.0
    ],
    "is_collision_event": false
}