{
    "timestamp": 159.60000237822533,
    "x": 1.9400852918624878,
    "y": 88.28445434570312,
    "speed": 6.225182217190698,
    "theta": 0.0005980199784971774,
    "near_node_x": 1.9427881240844727,
    "near_node_y": 80.60262298583984,
    "near_command": 4,
    "far_node_x": 1.9450993537902832,
    "far_node_y": 74.60262298583984,
    "far_command": 4,
    "angle_near": -0.01087450700661873,
    "angle_far": -0.0100363525882406,
    "steer": -0.0005764640518464148,
    "throttle": 0.75,
    "brake": 0.0,
    "is_red_light_present": 0,
    "vehicle_detected_flag": 0,
    "distanse": 25,
    "steer_sequence": [
        -0.0003387214383110404,
        -0.00037733398494310677,
        -5.515273369383067e-05,
        -0.0008601336739957333,
        -0.0007295942050404847,
        3.0545568733941764e-05,
        -0.00041269874782301486,
        -0.0007821070030331612,
        8.029346645344049e-05,
        -0.00022866897052153945,
        -7.135768100852147e-05,
        -0.0010587347205728292,
        -0.00047423294745385647,
        -0.00015738862566649914,
        0.0001371911057503894,
        -0.0007676963577978313,
        -0.00010446907253935933,
        9.406568278791383e-05,
        -0.00045028343447484076,
        -0.00030501539004035294
    ],
    "throttle_sequence": [
        0.0,
        0.3448270559310913,
        0.75,
        0.75,
        0.75,
        0.75,
        0.75,
        0.4609833359718323,
        0.0,
        0.03993571922183037,
        0.7290803790092468,
        0.75,
        0.75,
        0.75,
        0.75,
        0.75,
        0.3227481544017792,
        0.0,
        0.19879372417926788,
        0.75
    ],
    "brake_sequence": [
        0.30000001192092896,
        0.0,
        0.0,
        0.0,
        0.0,
        0.0,
        0.0,
        0.0,
        0.10898511856794357,
        0.0,
        0.0,
        0.0,
        0.0,
        0.0,
        0.0,
        0.0,
        0.0,
        0.21418900787830353,
        0.0,
        0.0
    ],
    "speed_sequence": [
        6.790608882904053,
        6.5780181884765625,
        6.3354058265686035,
        6.171509742736816,
        6.141147613525391,
        6.212836265563965,
        6.355384349822998,
        6.54453182220459,
        6.702269554138184,
        6.660983085632324,
        6.470377445220947,
        6.232036113739014,
        6.113273620605469,
        6.122312068939209,
        6.221604824066162,
        6.382697105407715,
        6.583559036254883,
        6.7322282791137695,
        6.6177520751953125,
        6.41457462310791
    ],
    "light_sequence": [
        0.0,
        0.0,
        0.0,
        0.0,
        0.0,
        0.0,
        0.0,
        0.0,
        0.0,
        0.0,
        0.0,
        0.0,
        0.0,
        0.0,
        0.0,
        0.0,
        0.0,
        0.0,
        0.0,
        0.0
    ],
    "is_collision_event": false
}