{
    "timestamp": 156.60000233352184,
    "x": 1.9508026838302612,
    "y": 107.59685516357422,
    "speed": 7.000075418508015,
    "theta": 6.28258752822876,
    "near_node_x": 1.9466642141342163,
    "near_node_y": 100.59898376464844,
    "near_command": 4,
    "far_node_x": 1.943530559539795,
    "far_node_y": 94.59899139404297,
    "far_command": 4,
    "angle_near": 0.0052416916047057565,
    "angle_far": 0.007069636977828412,
    "steer": 0.0002186912315664813,
    "throttle": 0.0,
    "brake": 0.30000001192092896,
    "is_red_light_present": 0,
    "vehicle_detected_flag": 0,
    "distanse": 25,
    "steer_sequence": [
        0.001079067587852478,
        0.0016558083007112145,
        -0.0013704481534659863,
        0.00026929762680083513,
        0.00016549327119719237,
        -0.0010242583230137825,
        0.00018020623247139156,
        0.00011450085003161803,
        -0.007677262648940086,
        -0.007107923738658428,
        0.005029135383665562,
        -0.0032056046184152365,
        -0.0006928436341695487,
        -0.0006529104430228472,
        0.0013004933716729283,
        -1.134445597017475e-06,
        0.00010082287190016359,
        0.0007281127036549151,
        0.0027201753109693527,
        -0.0015951652312651277
    ],
    "throttle_sequence": [
        0.75,
        0.75,
        0.5111311078071594,
        0.0,
        0.0,
        0.0,
        0.75,
        0.75,
        0.75,
        0.75,
        0.75,
        0.75,
        0.75,
        0.75,
        0.75,
        0.75,
        0.75,
        0.75,
        0.75,
        0.20814116299152374
    ],
    "brake_sequence": [
        0.0,
        0.0,
        0.0,
        0.30000001192092896,
        0.30000001192092896,
        0.0537535734474659,
        0.0,
        0.0,
        0.0,
        0.0,
        0.0,
        0.0,
        0.0,
        0.0,
        0.0,
        0.0,
        0.0,
        0.0,
        0.0,
        0.0
    ],
    "speed_sequence": [
        5.246654033660889,
        5.863556385040283,
        6.559553623199463,
        6.985034942626953,
        7.006206512451172,
        6.700350284576416,
        6.366601943969727,
        6.233731746673584,
        5.698302268981934,
        5.060168266296387,
        4.850484848022461,
        4.854886531829834,
        4.977248191833496,
        5.110463619232178,
        5.191547870635986,
        5.172286033630371,
        5.215761184692383,
        5.208112716674805,
        5.993168830871582,
        6.642181396484375
    ],
    "light_sequence": [
        0.0,
        0.0,
        0.0,
        0.0,
        0.0,
        0.0,
        0.0,
        0.0,
        0.0,
        0.0,
        0.0,
        0.0,
        0.0,
        0.0,
        0.0,
        0.0,
        0.0,
        0.0,
        0.0,
        0.0
    ],
    "is_collision_event": false
}