{
    "timestamp": 151.4000022560358,
    "x": 1.9666810035705566,
    "y": 141.16171264648438,
    "speed": 8.295861197384998,
    "theta": 6.282840251922607,
    "near_node_x": 1.9633777141571045,
    "near_node_y": 132.59898376464844,
    "near_command": 4,
    "far_node_x": 1.9602439403533936,
    "far_node_y": 126.59896087646484,
    "far_command": 4,
    "angle_near": -0.0024639975787556652,
    "angle_far": -0.005686720596864989,
    "steer": -0.0003704367845784873,
    "throttle": 0.15612883865833282,
    "brake": 0.0,
    "is_red_light_present": 0,
    "vehicle_detected_flag": 0,
    "distanse": 25,
    "steer_sequence": [
        -0.0006367413443513215,
        0.0004879457119386643,
        7.436596206389368e-05,
        -0.0005540944985114038,
        0.0005288154352456331,
        -0.00018786508007906377,
        0.00012709190195892006,
        0.0002507067401893437,
        -0.0002409538283245638,
        0.0003095929278060794,
        -0.00018933367391582578,
        -4.484477176447399e-05,
        -0.0002327000256627798,
        0.0003088272933382541,
        -0.00012497801799327135,
        -0.00020085053984075785,
        0.00042616802966222167,
        2.680614124983549e-05,
        -0.0003059344890061766,
        0.0002804382238537073
    ],
    "throttle_sequence": [
        0.0,
        0.75,
        0.75,
        0.75,
        0.75,
        0.75,
        0.75,
        0.75,
        0.75,
        0.75,
        0.4183381497859955,
        0.0,
        0.3125549554824829,
        0.75,
        0.75,
        0.75,
        0.75,
        0.75,
        0.5130558609962463,
        0.0
    ],
    "brake_sequence": [
        0.30000001192092896,
        0.0,
        0.0,
        0.0,
        0.0,
        0.0,
        0.0,
        0.0,
        0.0,
        0.0,
        0.0,
        0.10004021972417831,
        0.0,
        0.0,
        0.0,
        0.0,
        0.0,
        0.0,
        0.0,
        0.008793346583843231
    ],
    "speed_sequence": [
        7.797868251800537,
        7.505819320678711,
        7.21690559387207,
        7.08336067199707,
        7.09026575088501,
        7.189105987548828,
        7.348822116851807,
        7.548420429229736,
        7.776463985443115,
        8.010003089904785,
        8.237846374511719,
        8.379666328430176,
        8.26249885559082,
        8.011962890625,
        7.819397449493408,
        7.785282135009766,
        7.860252380371094,
        8.0077543258667,
        8.197680473327637,
        8.34179401397705
    ],
    "light_sequence": [
        0.0,
        0.0,
        0.0,
        0.0,
        0.0,
        0.0,
        0.0,
        0.0,
        0.0,
        0.0,
        0.0,
        0.0,
        0.0,
        0.0,
        0.0,
        0.0,
        0.0,
        0.0,
        0.0,
        0.0
    ],
    "is_collision_event": false
}