{
    "timestamp": 159.90000238269567,
    "x": 1.9400177001953125,
    "y": 86.40972137451172,
    "speed": 6.34164077101908,
    "theta": 0.0006905339541845024,
    "near_node_x": 1.9435584545135498,
    "near_node_y": 78.60262298583984,
    "near_command": 4,
    "far_node_x": 1.9458696842193604,
    "far_node_y": 72.60262298583984,
    "far_command": 4,
    "angle_near": -0.01113421218015113,
    "angle_far": -0.01283539948990747,
    "steer": -0.0004424946091603488,
    "throttle": 0.75,
    "brake": 0.0,
    "is_red_light_present": 0,
    "vehicle_detected_flag": 0,
    "distanse": 25,
    "steer_sequence": [
        -0.0008601336739957333,
        -0.0007295942050404847,
        3.0545568733941764e-05,
        -0.00041269874782301486,
        -0.0007821070030331612,
        8.029346645344049e-05,
        -0.00022866897052153945,
        -7.135768100852147e-05,
        -0.0010587347205728292,
        -0.00047423294745385647,
        -0.00015738862566649914,
        0.0001371911057503894,
        -0.0007676963577978313,
        -0.00010446907253935933,
        9.406568278791383e-05,
        -0.00045028343447484076,
        -0.00030501539004035294,
        -0.0005764640518464148,
        -0.0004945335094816983,
        -0.0002314945450052619
    ],
    "throttle_sequence": [
        0.75,
        0.75,
        0.75,
        0.75,
        0.4609833359718323,
        0.0,
        0.03993571922183037,
        0.7290803790092468,
        0.75,
        0.75,
        0.75,
        0.75,
        0.75,
        0.3227481544017792,
        0.0,
        0.19879372417926788,
        0.75,
        0.75,
        0.75,
        0.75
    ],
    "brake_sequence": [
        0.0,
        0.0,
        0.0,
        0.0,
        0.0,
        0.10898511856794357,
        0.0,
        0.0,
        0.0,
        0.0,
        0.0,
        0.0,
        0.0,
        0.0,
        0.21418900787830353,
        0.0,
        0.0,
        0.0,
        0.0,
        0.0
    ],
    "speed_sequence": [
        6.171509742736816,
        6.141147613525391,
        6.212836265563965,
        6.355384349822998,
        6.54453182220459,
        6.702269554138184,
        6.660983085632324,
        6.470377445220947,
        6.232036113739014,
        6.113273620605469,
        6.122312068939209,
        6.221604824066162,
        6.382697105407715,
        6.583559036254883,
        6.7322282791137695,
        6.6177520751953125,
        6.41457462310791,
        6.225182056427002,
        6.163976192474365,
        6.213942527770996
    ],
    "light_sequence": [
        0.0,
        0.0,
        0.0,
        0.0,
        0.0,
        0.0,
        0.0,
        0.0,
        0.0,
        0.0,
        0.0,
        0.0,
        0.0,
        0.0,
        0.0,
        0.0,
        0.0,
        0.0,
        0.0,
        0.0
    ],
    "is_collision_event": false
}