{
    "timestamp": 152.30000226944685,
    "x": 1.9629034996032715,
    "y": 133.94480895996094,
    "speed": 8.19437773019402,
    "theta": 6.282840251922607,
    "near_node_x": 1.9602439403533936,
    "near_node_y": 126.59896087646484,
    "near_command": 4,
    "far_node_x": 1.9571101665496826,
    "far_node_y": 120.59896850585938,
    "far_command": 4,
    "angle_near": 1.893187732651448e-06,
    "angle_far": -0.004125893071867831,
    "steer": 6.296981882769614e-05,
    "throttle": 0.5264788866043091,
    "brake": 0.0,
    "is_red_light_present": 0,
    "vehicle_detected_flag": 0,
    "distanse": 25,
    "steer_sequence": [
        0.0003095929278060794,
        -0.00018933367391582578,
        -4.484477176447399e-05,
        -0.0002327000256627798,
        0.0003088272933382541,
        -0.00012497801799327135,
        -0.00020085053984075785,
        0.00042616802966222167,
        2.680614124983549e-05,
        -0.0003059344890061766,
        0.0002804382238537073,
        -0.0003704367845784873,
        0.00021135689166840166,
        2.6508378141443245e-06,
        -0.0003169019182678312,
        0.000433836888987571,
        -0.00019044932560063899,
        0.00020714630954898894,
        -8.04848168627359e-05,
        -0.00012289272854104638
    ],
    "throttle_sequence": [
        0.75,
        0.4183381497859955,
        0.0,
        0.3125549554824829,
        0.75,
        0.75,
        0.75,
        0.75,
        0.75,
        0.5130558609962463,
        0.0,
        0.15612883865833282,
        0.75,
        0.75,
        0.75,
        0.75,
        0.75,
        0.75,
        0.26882049441337585,
        0.0
    ],
    "brake_sequence": [
        0.0,
        0.0,
        0.10004021972417831,
        0.0,
        0.0,
        0.0,
        0.0,
        0.0,
        0.0,
        0.0,
        0.008793346583843231,
        0.0,
        0.0,
        0.0,
        0.0,
        0.0,
        0.0,
        0.0,
        0.0,
        0.1480759233236313
    ],
    "speed_sequence": [
        8.010003089904785,
        8.237846374511719,
        8.379666328430176,
        8.26249885559082,
        8.011962890625,
        7.819397449493408,
        7.785282135009766,
        7.860252380371094,
        8.0077543258667,
        8.197680473327637,
        8.34179401397705,
        8.29586124420166,
        8.053532600402832,
        7.802683353424072,
        7.71640157699585,
        7.757823467254639,
        7.882153034210205,
        8.061602592468262,
        8.265999794006348,
        8.381339073181152
    ],
    "light_sequence": [
        0.0,
        0.0,
        0.0,
        0.0,
        0.0,
        0.0,
        0.0,
        0.0,
        0.0,
        0.0,
        0.0,
        0.0,
        0.0,
        0.0,
        0.0,
        0.0,
        0.0,
        0.0,
        0.0,
        0.0
    ],
    "is_collision_event": false
}