{
    "timestamp": 163.40000243484974,
    "x": 1.9468069076538086,
    "y": 63.92570495605469,
    "speed": 6.3943440472601445,
    "theta": 0.0009134905994869769,
    "near_node_x": 1.9520330429077148,
    "near_node_y": 56.602622985839844,
    "near_command": 4,
    "far_node_x": 1.9543442726135254,
    "far_node_y": 50.602622985839844,
    "far_command": 4,
    "angle_near": -0.011263556087626905,
    "angle_far": -0.01973846304902344,
    "steer": 0.000121133285574615,
    "throttle": 0.75,
    "brake": 0.0,
    "is_red_light_present": 0,
    "vehicle_detected_flag": 0,
    "distanse": 25,
    "steer_sequence": [
        -0.0005830154404975474,
        -0.0007354735862463713,
        -3.456200283835642e-05,
        -0.0003683870017994195,
        -0.0009211444994434714,
        0.0001520962396170944,
        -0.0005681209731847048,
        -0.000177198598976247,
        -0.0007966752746142447,
        -0.00043053351691924036,
        -0.0008047508308663964,
        -1.1535068551893346e-05,
        -0.00031829861109144986,
        -0.0009901231387630105,
        0.00019670659094117582,
        -0.00013747431512456387,
        -0.0013361088931560516,
        -0.000264911912381649,
        -0.0002117786352755502,
        -0.0011156753171235323
    ],
    "throttle_sequence": [
        0.75,
        0.75,
        0.75,
        0.75,
        0.09524918347597122,
        0.0,
        0.2611939311027527,
        0.75,
        0.75,
        0.75,
        0.75,
        0.75,
        0.6163495779037476,
        0.0,
        0.0,
        0.5922309756278992,
        0.75,
        0.75,
        0.75,
        0.75
    ],
    "brake_sequence": [
        0.0,
        0.0,
        0.0,
        0.0,
        0.0,
        0.30000001192092896,
        0.0,
        0.0,
        0.0,
        0.0,
        0.0,
        0.0,
        0.0,
        0.038201071321964264,
        0.2195834517478943,
        0.0,
        0.0,
        0.0,
        0.0,
        0.0
    ],
    "speed_sequence": [
        6.136737823486328,
        6.16183614730835,
        6.272346496582031,
        6.440815448760986,
        6.646176815032959,
        6.7837066650390625,
        6.599832534790039,
        6.363369464874268,
        6.179555892944336,
        6.128819942474365,
        6.186097621917725,
        6.318816661834717,
        6.501726150512695,
        6.682922840118408,
        6.733094692230225,
        6.5083136558532715,
        6.261805534362793,
        6.13585901260376,
        6.139825344085693,
        6.235608100891113
    ],
    "light_sequence": [
        0.0,
        0.0,
        0.0,
        0.0,
        0.0,
        0.0,
        0.0,
        0.0,
        0.0,
        0.0,
        0.0,
        0.0,
        0.0,
        0.0,
        0.0,
        0.0,
        0.0,
        0.0,
        0.0,
        0.0
    ],
    "is_collision_event": false
}