{
    "timestamp": 160.90000239759684,
    "x": 1.9412177801132202,
    "y": 79.9919662475586,
    "speed": 6.558094747907957,
    "theta": 0.000845727976411581,
    "near_node_x": 1.9458696842193604,
    "near_node_y": 72.60262298583984,
    "near_command": 4,
    "far_node_x": 1.9481810331344604,
    "far_node_y": 66.60262298583984,
    "far_command": 4,
    "angle_near": -0.009778444486918047,
    "angle_far": -0.016051353578963444,
    "steer": 0.00010651354386936873,
    "throttle": 0.4149320125579834,
    "brake": 0.0,
    "is_red_light_present": 0,
    "vehicle_detected_flag": 0,
    "distanse": 25,
    "steer_sequence": [
        -0.00015738862566649914,
        0.0001371911057503894,
        -0.0007676963577978313,
        -0.00010446907253935933,
        9.406568278791383e-05,
        -0.00045028343447484076,
        -0.00030501539004035294,
        -0.0005764640518464148,
        -0.0004945335094816983,
        -0.0002314945450052619,
        -0.0004424946091603488,
        -0.00021809038298670202,
        -0.0002730452688410878,
        -0.0005379252834245563,
        -0.00011421609815442935,
        -0.0006190568674355745,
        -0.0010282531147822738,
        -5.664454511133954e-05,
        -0.0003498538862913847,
        -0.0008676572469994426
    ],
    "throttle_sequence": [
        0.75,
        0.75,
        0.75,
        0.3227481544017792,
        0.0,
        0.19879372417926788,
        0.75,
        0.75,
        0.75,
        0.75,
        0.75,
        0.5456713438034058,
        0.0,
        0.0,
        0.6578018665313721,
        0.75,
        0.75,
        0.75,
        0.75,
        0.75
    ],
    "brake_sequence": [
        0.0,
        0.0,
        0.0,
        0.0,
        0.21418900787830353,
        0.0,
        0.0,
        0.0,
        0.0,
        0.0,
        0.0,
        0.0,
        0.05260643735527992,
        0.09054778516292572,
        0.0,
        0.0,
        0.0,
        0.0,
        0.0,
        0.0
    ],
    "speed_sequence": [
        6.122312068939209,
        6.221604824066162,
        6.382697105407715,
        6.583559036254883,
        6.7322282791137695,
        6.6177520751953125,
        6.41457462310791,
        6.225182056427002,
        6.163976192474365,
        6.213942527770996,
        6.341640949249268,
        6.521240234375,
        6.686653137207031,
        6.696919918060303,
        6.489677429199219,
        6.241571426391602,
        6.11018705368042,
        6.110092639923096,
        6.203007221221924,
        6.3598527908325195
    ],
    "light_sequence": [
        0.0,
        0.0,
        0.0,
        0.0,
        0.0,
        0.0,
        0.0,
        0.0,
        0.0,
        0.0,
        0.0,
        0.0,
        0.0,
        0.0,
        0.0,
        0.0,
        0.0,
        0.0,
        0.0,
        0.0
    ],
    "is_collision_event": false
}