{
    "timestamp": 162.5000024214387,
    "x": 1.9446686506271362,
    "y": 69.70816802978516,
    "speed": 6.318816634963367,
    "theta": 0.000845727976411581,
    "near_node_x": 1.9497218132019043,
    "near_node_y": 62.60262680053711,
    "near_command": 4,
    "far_node_x": 1.9520330429077148,
    "far_node_y": 56.602622985839844,
    "far_command": 4,
    "angle_near": -0.011358661992216705,
    "angle_far": -0.01990882283990613,
    "steer": -1.1535068551893346e-05,
    "throttle": 0.75,
    "brake": 0.0,
    "is_red_light_present": 0,
    "vehicle_detected_flag": 1,
    "distanse": 24.802553176879883,
    "steer_sequence": [
        -0.0010282531147822738,
        -5.664454511133954e-05,
        -0.0003498538862913847,
        -0.0008676572469994426,
        0.00010651354386936873,
        -0.00037386713665910065,
        -0.0007501153158955276,
        3.54022195097059e-05,
        -0.0008485967991873622,
        -0.0005830154404975474,
        -0.0007354735862463713,
        -3.456200283835642e-05,
        -0.0003683870017994195,
        -0.0009211444994434714,
        0.0001520962396170944,
        -0.0005681209731847048,
        -0.000177198598976247,
        -0.0007966752746142447,
        -0.00043053351691924036,
        -0.0008047508308663964
    ],
    "throttle_sequence": [
        0.75,
        0.75,
        0.75,
        0.75,
        0.4149320125579834,
        0.0,
        0.09656332433223724,
        0.75,
        0.75,
        0.75,
        0.75,
        0.75,
        0.75,
        0.09524918347597122,
        0.0,
        0.2611939311027527,
        0.75,
        0.75,
        0.75,
        0.75
    ],
    "brake_sequence": [
        0.0,
        0.0,
        0.0,
        0.0,
        0.0,
        0.1518389731645584,
        0.0,
        0.0,
        0.0,
        0.0,
        0.0,
        0.0,
        0.0,
        0.0,
        0.30000001192092896,
        0.0,
        0.0,
        0.0,
        0.0,
        0.0
    ],
    "speed_sequence": [
        6.11018705368042,
        6.110092639923096,
        6.203007221221924,
        6.3598527908325195,
        6.5580949783325195,
        6.7150349617004395,
        6.646159648895264,
        6.452735900878906,
        6.233078956604004,
        6.136737823486328,
        6.16183614730835,
        6.272346496582031,
        6.440815448760986,
        6.646176815032959,
        6.7837066650390625,
        6.599832534790039,
        6.363369464874268,
        6.179555892944336,
        6.128819942474365,
        6.186097621917725
    ],
    "light_sequence": [
        0.0,
        0.0,
        0.0,
        0.0,
        0.0,
        0.0,
        0.0,
        0.0,
        0.0,
        0.0,
        0.0,
        0.0,
        0.0,
        0.0,
        0.0,
        0.0,
        0.0,
        0.0,
        0.0,
        0.0
    ],
    "is_collision_event": false
}