{
    "timestamp": 164.70000245422125,
    "x": 1.9501756429672241,
    "y": 55.487327575683594,
    "speed": 6.230396747470026,
    "theta": 0.0009765625,
    "near_node_x": 1.9554998874664307,
    "near_node_y": 47.602622985839844,
    "near_command": 4,
    "far_node_x": 1.9578112363815308,
    "far_node_y": 41.60262680053711,
    "far_command": 4,
    "angle_near": -0.01982204918886309,
    "angle_far": -0.02700314658395892,
    "steer": -0.0014372062869369984,
    "throttle": 0.75,
    "brake": 0.0,
    "is_red_light_present": 0,
    "vehicle_detected_flag": 0,
    "distanse": 25,
    "steer_sequence": [
        -0.0009901231387630105,
        0.00019670659094117582,
        -0.00013747431512456387,
        -0.0013361088931560516,
        -0.000264911912381649,
        -0.0002117786352755502,
        -0.0011156753171235323,
        0.000121133285574615,
        -0.000248621276114136,
        -0.0011343095684424043,
        0.0004275247047189623,
        -0.0003334444481879473,
        -0.0015978015726432204,
        0.00011523327702889219,
        -0.00025798118440434337,
        -0.0011631713714450598,
        0.00025584601098671556,
        -0.0003548552340362221,
        -0.0007742178277112544,
        5.135161700309254e-05
    ],
    "throttle_sequence": [
        0.0,
        0.0,
        0.5922309756278992,
        0.75,
        0.75,
        0.75,
        0.75,
        0.75,
        0.2847369611263275,
        0.0,
        0.23535098135471344,
        0.75,
        0.75,
        0.75,
        0.75,
        0.75,
        0.47362011671066284,
        0.0,
        0.023536359891295433,
        0.7122134566307068
    ],
    "brake_sequence": [
        0.038201071321964264,
        0.2195834517478943,
        0.0,
        0.0,
        0.0,
        0.0,
        0.0,
        0.0,
        0.0,
        0.23859407007694244,
        0.0,
        0.0,
        0.0,
        0.0,
        0.0,
        0.0,
        0.0,
        0.09163646399974823,
        0.0,
        0.0
    ],
    "speed_sequence": [
        6.682922840118408,
        6.733094692230225,
        6.5083136558532715,
        6.261805534362793,
        6.13585901260376,
        6.139825344085693,
        6.235608100891113,
        6.394343852996826,
        6.593735694885254,
        6.73850154876709,
        6.60706901550293,
        6.398195743560791,
        6.218443393707275,
        6.167888641357422,
        6.225398540496826,
        6.358233451843262,
        6.541135787963867,
        6.697381496429443,
        6.665226459503174,
        6.474608898162842
    ],
    "light_sequence": [
        0.0,
        0.0,
        0.0,
        0.0,
        0.0,
        0.0,
        0.0,
        0.0,
        0.0,
        0.0,
        0.0,
        0.0,
        0.0,
        0.0,
        0.0,
        0.0,
        0.0,
        0.0,
        0.0,
        0.0
    ],
    "is_collision_event": false
}