{
    "timestamp": 164.10000244528055,
    "x": 1.9485443830490112,
    "y": 59.40306091308594,
    "speed": 6.225398436174005,
    "theta": 0.0009134905994869769,
    "near_node_x": 1.9535739421844482,
    "near_node_y": 52.60261535644531,
    "near_command": 4,
    "far_node_x": 1.9554998874664307,
    "far_node_y": 47.602622985839844,
    "far_command": 4,
    "angle_near": -0.01108869013604289,
    "angle_far": -0.019692503452979782,
    "steer": -0.00025798118440434337,
    "throttle": 0.75,
    "brake": 0.0,
    "is_red_light_present": 0,
    "vehicle_detected_flag": 1,
    "distanse": 24.804452896118164,
    "steer_sequence": [
        -0.000177198598976247,
        -0.0007966752746142447,
        -0.00043053351691924036,
        -0.0008047508308663964,
        -1.1535068551893346e-05,
        -0.00031829861109144986,
        -0.0009901231387630105,
        0.00019670659094117582,
        -0.00013747431512456387,
        -0.0013361088931560516,
        -0.000264911912381649,
        -0.0002117786352755502,
        -0.0011156753171235323,
        0.000121133285574615,
        -0.000248621276114136,
        -0.0011343095684424043,
        0.0004275247047189623,
        -0.0003334444481879473,
        -0.0015978015726432204,
        0.00011523327702889219
    ],
    "throttle_sequence": [
        0.75,
        0.75,
        0.75,
        0.75,
        0.75,
        0.6163495779037476,
        0.0,
        0.0,
        0.5922309756278992,
        0.75,
        0.75,
        0.75,
        0.75,
        0.75,
        0.2847369611263275,
        0.0,
        0.23535098135471344,
        0.75,
        0.75,
        0.75
    ],
    "brake_sequence": [
        0.0,
        0.0,
        0.0,
        0.0,
        0.0,
        0.0,
        0.038201071321964264,
        0.2195834517478943,
        0.0,
        0.0,
        0.0,
        0.0,
        0.0,
        0.0,
        0.0,
        0.23859407007694244,
        0.0,
        0.0,
        0.0,
        0.0
    ],
    "speed_sequence": [
        6.363369464874268,
        6.179555892944336,
        6.128819942474365,
        6.186097621917725,
        6.318816661834717,
        6.501726150512695,
        6.682922840118408,
        6.733094692230225,
        6.5083136558532715,
        6.261805534362793,
        6.13585901260376,
        6.139825344085693,
        6.235608100891113,
        6.394343852996826,
        6.593735694885254,
        6.73850154876709,
        6.60706901550293,
        6.398195743560791,
        6.218443393707275,
        6.167888641357422
    ],
    "light_sequence": [
        0.0,
        0.0,
        0.0,
        0.0,
        0.0,
        0.0,
        0.0,
        0.0,
        0.0,
        0.0,
        0.0,
        0.0,
        0.0,
        0.0,
        0.0,
        0.0,
        0.0,
        0.0,
        0.0,
        0.0
    ],
    "is_collision_event": false
}