{
    "timestamp": 161.50000240653753,
    "x": 1.9424129724502563,
    "y": 76.12279510498047,
    "speed": 6.16183628292595,
    "theta": 0.0009765625,
    "near_node_x": 1.9474105834960938,
    "near_node_y": 68.60262298583984,
    "near_command": 4,
    "far_node_x": 1.9497218132019043,
    "far_node_y": 62.60262680053711,
    "far_command": 4,
    "angle_near": -0.017170375500526674,
    "angle_far": -0.024273486872274357,
    "steer": -0.0007354735862463713,
    "throttle": 0.75,
    "brake": 0.0,
    "is_red_light_present": 0,
    "vehicle_detected_flag": 0,
    "distanse": 25,
    "steer_sequence": [
        -0.00030501539004035294,
        -0.0005764640518464148,
        -0.0004945335094816983,
        -0.0002314945450052619,
        -0.0004424946091603488,
        -0.00021809038298670202,
        -0.0002730452688410878,
        -0.0005379252834245563,
        -0.00011421609815442935,
        -0.0006190568674355745,
        -0.0010282531147822738,
        -5.664454511133954e-05,
        -0.0003498538862913847,
        -0.0008676572469994426,
        0.00010651354386936873,
        -0.00037386713665910065,
        -0.0007501153158955276,
        3.54022195097059e-05,
        -0.0008485967991873622,
        -0.0005830154404975474
    ],
    "throttle_sequence": [
        0.75,
        0.75,
        0.75,
        0.75,
        0.75,
        0.5456713438034058,
        0.0,
        0.0,
        0.6578018665313721,
        0.75,
        0.75,
        0.75,
        0.75,
        0.75,
        0.4149320125579834,
        0.0,
        0.09656332433223724,
        0.75,
        0.75,
        0.75
    ],
    "brake_sequence": [
        0.0,
        0.0,
        0.0,
        0.0,
        0.0,
        0.0,
        0.05260643735527992,
        0.09054778516292572,
        0.0,
        0.0,
        0.0,
        0.0,
        0.0,
        0.0,
        0.0,
        0.1518389731645584,
        0.0,
        0.0,
        0.0,
        0.0
    ],
    "speed_sequence": [
        6.41457462310791,
        6.225182056427002,
        6.163976192474365,
        6.213942527770996,
        6.341640949249268,
        6.521240234375,
        6.686653137207031,
        6.696919918060303,
        6.489677429199219,
        6.241571426391602,
        6.11018705368042,
        6.110092639923096,
        6.203007221221924,
        6.3598527908325195,
        6.5580949783325195,
        6.7150349617004395,
        6.646159648895264,
        6.452735900878906,
        6.233078956604004,
        6.136737823486328
    ],
    "light_sequence": [
        0.0,
        0.0,
        0.0,
        0.0,
        0.0,
        0.0,
        0.0,
        0.0,
        0.0,
        0.0,
        0.0,
        0.0,
        0.0,
        0.0,
        0.0,
        0.0,
        0.0,
        0.0,
        0.0,
        0.0
    ],
    "is_collision_event": false
}